id,reporter_id,reporter_reputation,region_name,coast_split,hazard_type,severity,description,text_lang,latitude,longitude,gps_accuracy,device_timestamp,server_timestamp,time_delta_sec,exif_valid,exif_lat,exif_lng,media_url,media_hash,wave_height_m,wind_speed_kmh,ground_truth
rep_0001,usr_047,0.88,"Kochi, Kerala",west,tsunami,High,ബീച്ചിൽ നല്ല കാലാവസ്ഥ.,ml,9.926462,76.267071,174.67,2025-08-18T02:00:00,2025-08-18T02:10:00,600,0,,,https://example.com/media_0.jpg,4857c6494ad54a6c0e90b68b042ac1904b364e842111b048b695b65db3a5d024,0.74,12.4,REJECTED
rep_0002,usr_020,0.88,"Porbandar, Gujarat",west,flood,Moderate,"Observed water activity near coast in Porbandar, Gujarat.",en,21.694072,69.578873,23.43,2025-08-15T23:00:00,2025-08-15T23:31:00,1860,0,,,,,1.24,34.9,VERIFIED
rep_0003,usr_039,0.45,"Surat, Gujarat",west,tsunami,Low,દરિયાનું પાણી અચાનક પાછળ હટી ગયું છે.,gu,21.113734,72.606269,12.98,2025-08-15T11:13:52.141883,2025-08-15T11:20:52.141883,420,0,,,https://example.com/media_2.jpg,6b57c5e8d6a995fdc169269d734937c6175a88097bf7afce5d0a046010d69811,3.67,53.6,VERIFIED
rep_0004,usr_041,0.45,"Kozhikode, Kerala",west,flood,Severe,കടൽക്ഷോഭത്തെ തുടർന്ന് വീടുകളിൽ വെള്ളം കയറി.,ml,11.278175,75.753388,73.8,2025-08-16T21:08:12.082176,2025-08-16T22:40:12.082176,5520,0,,,https://example.com/media_3.jpg,62a7491c8b259cb1d5d09c0ee7bece048f6da400bc01f21d223687c89b9285b7,4.31,81.0,VERIFIED
rep_0005,usr_027,0.88,"Puri, Odisha",east,high-waves,Low,Dangerous rough waves exceeding 4 meters breaching sea wall near fishing jetty.,en,19.777502,85.785798,90.26,2025-08-17T02:17:32.487895,2025-08-17T03:06:32.487895,2940,1,19.779455,85.783488,https://example.com/media_4.jpg,ad905018959eb4b6550c90c036095f77f7fe99a03395a150c14fd3f6ec79bb04,1.79,42.8,VERIFIED
rep_0006,usr_049,0.6,"Paradip, Odisha",east,flood,Severe,"Observed water activity near coast in Paradip, Odisha.",en,20.287897,86.630469,54.59,2025-08-17T08:00:00,2025-08-17T08:48:00,2880,0,,,,,1.3,25.0,VERIFIED
rep_0007,usr_045,0.88,"Puri, Odisha",east,high-waves,Moderate,ସମୁଦ୍ରରେ ୪ ମିଟରରୁ ଅଧିକ ଉଚ୍ଚ ଲହଡ଼ି ମାଡ଼ି ଆସୁଛି ।,or,19.788944,85.887233,15.84,2025-08-17T13:12:06.040616,2025-08-17T13:22:06.040616,600,0,,,https://example.com/media_6.jpg,713c8b65360b861f7e4b474c5861b6ea76b5258e26cc87ef6a0026f7afb05f2d,1.77,35.3,VERIFIED
rep_0008,usr_037,0.45,"Visakhapatnam, Andhra Pradesh",east,flood,Low,సముద్రపు నీరు గ్రామంలోకి ప్రవేశించి ఇళ్లను ముంచెత్తింది.,te,17.680531,83.206129,16.3,2025-08-18T13:02:13.239757,2025-08-18T13:21:13.239757,1140,1,17.680128,83.21207,https://example.com/media_7.jpg,cf59fad5b6d0d9bb66284c53ca298919825349818a0d93cbbe8c4772cd909f7a,3.32,59.2,VERIFIED
rep_0009,usr_033,0.6,"Kochi, Kerala",west,high-waves,Low,തീരത്ത് 4 മീറ്ററിലധികം ഉയരമുള്ള ശക്തമായ തിരമാലകൾ അടിച്ചു കയറുന്നു.,ml,9.930141,76.267916,10.7,2025-08-18T15:01:30.458201,2025-08-18T18:54:30.458201,13980,1,9.92687,76.267006,,,2.38,32.5,VERIFIED
rep_0010,usr_010,0.88,"Kochi, Kerala",west,storm-surge,Moderate,ബീച്ചിൽ നല്ല കാലാവസ്ഥ.,ml,9.929836,76.260692,82.24,2025-08-17T13:00:00,2025-08-17T15:31:00,9060,0,,,,,1.16,11.4,REJECTED
rep_0011,usr_017,0.6,"Surat, Gujarat",west,coastal-erosion,High,આજે દરિયાકિનારે રમવાની મજા આવી.,gu,21.112747,72.647412,13.6,2025-08-16T01:00:00,2025-08-16T04:50:00,13800,0,,,,,1.15,18.7,REJECTED
rep_0012,usr_003,0.6,"Digha, West Bengal",east,high-waves,Moderate,"Observed water activity near coast in Digha, West Bengal.",en,21.608183,87.466906,34.15,2025-08-16T02:00:00,2025-08-16T02:45:00,2700,0,,,,,1.72,37.7,VERIFIED
rep_0013,usr_002,0.88,"Surat, Gujarat",west,coastal-erosion,Severe,"Observed water activity near coast in Surat, Gujarat.",en,21.120245,72.616535,46.8,2025-08-15T20:00:00,2025-08-15T21:03:00,3780,0,,,,,1.35,27.1,REJECTED
rep_0014,usr_030,0.6,"Alibaug, Maharashtra",west,flood,Low,High tide flooding entered coastal market area.,en,18.629826,72.863504,69.31,2025-08-17T21:50:57.110991,2025-08-17T22:12:57.110991,1320,1,18.6367,72.855643,https://example.com/media_13.jpg,909fad05eefe37d7f993172633a1853d6f75bae3f6af9d8d158161d92715ba6e,2.37,54.6,VERIFIED
rep_0015,usr_028,0.88,"Alibaug, Maharashtra",west,flood,Low,ज्वार के कारण तटीय सड़कों पर पानी भर गया है।,hi,18.615151,72.902446,12.7,2025-08-17T21:24:16.564766,2025-08-17T21:46:16.564766,1320,0,,,https://example.com/media_14.jpg,92474c5b173d7b9efa42856955446219d8bda45cb07789c0317fae40fa4c3351,2.69,60.4,VERIFIED
rep_0016,usr_020,0.88,"Chennai, Tamil Nadu",east,storm-surge,Moderate,சுற்றுலா படகு சவாரி மற்றும் விடுதி முன்பதிவு.,ta,13.07558,80.28442,5.3,2025-08-18T07:00:00,2025-08-18T09:44:00,9840,0,,,https://example.com/media_15.jpg,4857c6494ad54a6c0e90b68b042ac1904b364e842111b048b695b65db3a5d024,1.07,12.6,REJECTED
rep_0017,usr_038,0.6,"Alibaug, Maharashtra",west,flood,Moderate,उधाणाचे पाणी गावातील घरांमध्ये शिरले असून रस्ते पाण्याखाली गेले आहेत.,mr,18.612823,72.882228,23.02,2025-08-17T19:03:48.696646,2025-08-17T19:56:48.696646,3180,0,,,https://example.com/media_16.jpg,6865fad6853cfddf502ed8bf88446a88c636f5d24e38db52e052fd9819151267,3.21,65.7,VERIFIED
rep_0018,usr_016,0.6,"Puri, Odisha",east,high-waves,Low,ବେଳାଭୂମିରେ ପ୍ରବଳ ଢେଉର ପ୍ରକୋପ ।,or,19.806729,85.814937,16.51,2025-08-17T10:03:53.373055,2025-08-17T10:32:53.373055,1740,0,,,https://example.com/media_17.jpg,34225cbcd65031a12bb14fcefc7d010a053aea7e357315e5c75f026581555c99,2.06,42.8,VERIFIED
rep_0019,usr_008,0.88,"Mangalore, Karnataka",west,flood,Severe,Hotel discount booking promotion near seaside.,en,12.899392,74.830184,14.4,2025-08-18T05:00:00,2025-08-18T08:58:00,14280,0,,,,,1.05,17.6,REJECTED
rep_0020,usr_016,0.6,"Kochi, Kerala",west,high-waves,Severe,കടലാക്രമണം ശക്തമായി.,ml,9.906714,76.258033,6.55,2025-08-18T15:34:22.605810,2025-08-18T16:01:22.605810,1620,1,9.906236,76.261512,https://example.com/media_19.jpg,26886e42958b09508aaf8e655e1094f8fe6ea61b977b31cf1b8787b6ae035499,2.4,46.1,VERIFIED
rep_0021,usr_027,0.88,"Surat, Gujarat",west,tsunami,Low,દરિયાનું પાણી અચાનક પાછળ હટી ગયું છે.,gu,21.116468,72.635536,16.51,2025-08-15T13:50:38.346391,2025-08-15T14:18:38.346391,1680,1,21.119622,72.63435,https://example.com/media_20.jpg,7849f54e43944053c95efae65b63d143107fa4a5c9389d9c348b63080419513e,3.97,49.2,VERIFIED
rep_0022,usr_043,0.6,"Surat, Gujarat",west,flood,High,ભરતીના પાણીથી રસ્તાઓ જળબંબાકાર.,gu,21.136901,72.599023,15.68,2025-08-15T12:51:27.053737,2025-08-15T13:10:27.053737,1140,0,,,https://example.com/media_21.jpg,37b80e859e8dfe75bdd518d7181bb03f3a240427f4224b2e82027a48d6b96d31,3.12,55.9,VERIFIED
rep_0023,usr_025,0.2,"Kochi, Kerala",west,high-waves,Moderate,തീരത്ത് 4 മീറ്ററിലധികം ഉയരമുള്ള ശക്തമായ തിരമാലകൾ അടിച്ചു കയറുന്നു.,ml,9.942049,76.248506,51.94,2025-08-18T17:24:21.218551,2025-08-18T20:39:21.218551,11700,0,,,,,1.74,51.0,VERIFIED
rep_0024,usr_031,0.45,"Digha, West Bengal",east,storm-surge,Severe,প্রচণ্ড জলোচ্ছ্বাস শুরু হয়েছে।,bn,21.621962,87.51907,8.36,2025-08-18T00:30:21.926961,2025-08-18T03:43:21.926961,11580,0,,,https://example.com/media_23.jpg,8f5a44f730858d80c8831e358dc3e598bef8618cf73124612725e46745a0dfa7,2.81,81.7,VERIFIED
rep_0025,usr_013,0.88,"Alibaug, Maharashtra",west,coastal-erosion,High,"Observed water activity near coast in Alibaug, Maharashtra.",mr,18.682798,72.90304,54.01,2025-08-15T12:00:00,2025-08-15T12:59:00,3540,0,,,,,1.27,37.8,VERIFIED
rep_0026,usr_042,0.88,"Alibaug, Maharashtra",west,flood,High,समुद्राचे पाणी सखल भागात भरले.,mr,18.605437,72.888475,12.24,2025-08-17T18:10:26.306312,2025-08-17T19:49:26.306312,5940,0,,,https://example.com/media_25.jpg,9d3ae753cfc1e17cc62b581ce64cb3d004f99506ea3071ae13a24645a7de77f7,2.87,64.9,VERIFIED
rep_0027,usr_006,0.45,"Kochi, Kerala",west,high-waves,High,"Observed water activity near coast in Kochi, Kerala.",ml,9.931317,76.228332,46.73,2025-08-17T21:00:00,2025-08-17T21:42:00,2520,0,,,https://example.com/media_26.jpg,f5b077fdbbccb96c10cda151d536329e649775e18565b70db5e4b9311ed10987,1.5,29.2,VERIFIED
rep_0028,usr_039,0.45,"Kochi, Kerala",west,high-waves,High,കടലാക്രമണം ശക്തമായി.,ml,9.921588,76.260422,13.13,2025-08-18T10:24:41.995949,2025-08-18T10:29:41.995949,300,0,,,https://example.com/media_27.jpg,86bd7294dec76a66284e92e86aca5f8d8b63aba07c1216b0522be522cee9b16e,1.38,43.5,VERIFIED
rep_0029,usr_034,0.2,"Alibaug, Maharashtra",west,flood,Low,समुद्राचे पाणी सखल भागात भरले.,mr,18.625328,72.859378,10.42,2025-08-17T15:28:52.315462,2025-08-17T18:01:52.315462,9180,1,18.627228,72.861177,https://example.com/media_28.jpg,06f69233a079d563673ded38fb2586709427306f4bead41c71d7baa98f2389f8,1.87,57.8,VERIFIED
rep_0030,usr_019,0.45,"Porbandar, Gujarat",west,storm-surge,Severe,Hotel discount booking promotion near seaside.,en,21.72552,69.853516,14.69,2025-08-17T21:00:00,2025-08-17T22:02:00,3720,0,,,,,0.51,23.0,REJECTED
rep_0031,usr_022,0.45,"Porbandar, Gujarat",west,storm-surge,Severe,Storm surge pushing sea water 200m inland.,en,21.665638,69.629767,13.01,2025-08-18T16:53:25.894352,2025-08-18T19:45:25.894352,10320,1,21.664726,69.628802,https://example.com/media_30.jpg,28ec5c312a1e0c47c1076b7abee3c0d19d395de82bf91a6451c68b8402d15274,3.2,59.9,VERIFIED
rep_0032,usr_020,0.88,"Paradip, Odisha",east,coastal-erosion,Moderate,"Observed water activity near coast in Paradip, Odisha.",en,20.30225,86.650687,44.39,2025-08-16T10:00:00,2025-08-16T10:48:00,2880,0,,,,,1.77,27.7,REJECTED
rep_0033,usr_036,0.6,"Digha, West Bengal",east,storm-surge,High,ঘূর্ণিঝড়ের প্রভাবে জলোচ্ছ্বাসে বাঁধ ভেঙে জল ঢুকছে।,bn,21.590094,87.505311,5.65,2025-08-17T22:04:38.886350,2025-08-17T22:27:38.886350,1380,1,21.588476,87.51307,https://example.com/media_32.jpg,b154360b5091498d54959118ebef649bd3712fdad106f4c87f5a502155d7ad2c,2.16,78.2,VERIFIED
rep_0034,usr_005,0.45,"Mumbai, Maharashtra",west,flood,High,बीच रिसॉर्ट बुकिंगसाठी आजच कॉल करा.,mr,18.90658,72.824214,110.26,2025-08-18T04:00:00,2025-08-18T08:22:00,15720,0,,,https://example.com/media_33.jpg,f3e39a1b012d69dbc26028dea6b19b92b85afb84988762766327ad8281ba35d6,0.76,14.1,REJECTED
rep_0035,usr_002,0.88,"Alibaug, Maharashtra",west,flood,Severe,किनारी फिरायला छान वातावरण आहे.,mr,18.648129,72.860977,199.93,2025-08-17T19:00:00,2025-08-17T23:35:00,16500,0,,,https://example.com/media_34.jpg,4857c6494ad54a6c0e90b68b042ac1904b364e842111b048b695b65db3a5d024,0.44,21.3,REJECTED
rep_0036,usr_032,0.45,"Alibaug, Maharashtra",west,coastal-erosion,Low,किनारी फिरायला छान वातावरण आहे.,mr,18.811393,73.133136,92.77,2025-08-18T05:00:00,2025-08-18T05:28:00,1680,0,,,https://example.com/media_35.jpg,4857c6494ad54a6c0e90b68b042ac1904b364e842111b048b695b65db3a5d024,1.25,22.2,REJECTED
rep_0037,usr_026,0.6,"Paradip, Odisha",east,coastal-erosion,High,"Observed water activity near coast in Paradip, Odisha.",or,20.295931,86.580018,36.53,2025-08-17T15:00:00,2025-08-17T16:52:00,6720,0,,,https://example.com/media_36.jpg,48bc4a92faaa662bb3dbd9a5587642e36fbcc9c2093dfee49dc6628330958bd5,1.42,34.8,VERIFIED
rep_0038,usr_019,0.45,"Puri, Odisha",east,coastal-erosion,Severe,ସମୁଦ୍ର କୂଳ ଲଗାତାର ଧୋଇ ହୋଇ ନଷ୍ଟ ହେଉଛି ।,or,19.843056,85.874014,9.79,2025-08-17T05:46:03.035962,2025-08-17T13:01:03.035962,26100,1,19.838242,85.872421,https://example.com/media_37.jpg,508b46cc6c7611db3b6fc1f1da858e570e156d16c455c22743703b2154b12f1c,3.39,39.3,VERIFIED
rep_0039,usr_031,0.45,"Porbandar, Gujarat",west,coastal-erosion,Severe,Hotel discount booking promotion near seaside.,en,21.624896,69.644383,13.55,2025-08-17T23:00:00,2025-08-18T01:26:00,8760,0,,,https://example.com/media_38.jpg,f176d0a9c3ee01c57b0ed7ad4e16b4a947988fec1f40e308abc1c56eb68a3f66,1.11,16.2,REJECTED
rep_0040,usr_029,0.45,"Chennai, Tamil Nadu",east,high-waves,Severe,"Observed water activity near coast in Chennai, Tamil Nadu.",ta,13.057499,80.31492,35.09,2025-08-16T13:00:00,2025-08-16T14:28:00,5280,0,,,,,1.72,37.8,REJECTED
rep_0041,usr_048,0.6,"Puri, Odisha",east,high-waves,Severe,ସମୁଦ୍ରରେ ୪ ମିଟରରୁ ଅଧିକ ଉଚ୍ଚ ଲହଡ଼ି ମାଡ଼ି ଆସୁଛି ।,or,19.811608,85.818535,21.41,2025-08-17T08:12:48.341365,2025-08-17T08:20:48.341365,480,0,,,https://example.com/media_40.jpg,e2dd254281f8571a14e5aaa542c9072e521c6a4992b4236e7524cd1417cb66e4,2.86,42.3,VERIFIED
rep_0042,usr_010,0.88,"Alibaug, Maharashtra",west,high-waves,Severe,"Observed water activity near coast in Alibaug, Maharashtra.",en,18.617059,72.911333,45.99,2025-08-17T07:00:00,2025-08-17T07:55:00,3300,0,,,,,1.71,36.2,REJECTED
rep_0043,usr_003,0.6,"Nagapattinam, Tamil Nadu",east,flood,High,"Observed water activity near coast in Nagapattinam, Tamil Nadu.",ta,10.721297,79.792799,59.9,2025-08-15T19:00:00,2025-08-15T20:11:00,4260,0,,,,,1.46,26.3,VERIFIED
rep_0044,usr_003,0.6,"Kozhikode, Kerala",west,flood,Severe,"Observed water activity near coast in Kozhikode, Kerala.",en,11.23874,75.80513,29.77,2025-08-16T05:00:00,2025-08-16T05:25:00,1500,0,,,,,1.61,27.3,REJECTED
rep_0045,usr_016,0.6,"Mangalore, Karnataka",west,tsunami,Severe,Hotel discount booking promotion near seaside.,en,13.11861,75.004574,3.11,2025-08-17T15:00:00,2025-08-17T18:06:00,11160,0,,,,,1.01,12.4,REJECTED
rep_0046,usr_030,0.6,"Paradip, Odisha",east,storm-surge,Severe,ପୁରୀ ହୋଟେଲ ବୁକିଂ ପାଇଁ ଯୋଗାଯୋଗ କରନ୍ତୁ ।,or,20.500367,86.821866,9.86,2025-08-18T19:00:00,2025-08-18T22:32:00,12720,0,,,,,0.67,24.7,REJECTED
rep_0047,usr_019,0.45,"Puri, Odisha",east,flood,Low,ଆଜି ପାଗ ଖୁବ୍ ଭଲ ଅଛି ।,or,19.80497,85.842588,148.44,2025-08-18T15:00:00,2025-08-18T15:30:00,1800,0,,,,,1.15,19.4,REJECTED
rep_0048,usr_047,0.88,"Surat, Gujarat",west,high-waves,High,Hotel discount booking promotion near seaside.,en,21.109196,72.655983,12.44,2025-08-16T04:00:00,2025-08-16T06:21:00,8460,0,,,https://example.com/media_47.jpg,06cfaafbe5126b6501828980b5a78898ba8e80e3af5a3993f6b5532949246cad,0.85,14.1,REJECTED
rep_0049,usr_022,0.45,"Puri, Odisha",east,high-waves,High,ପୁରୀ ହୋଟେଲ ବୁକିଂ ପାଇଁ ଯୋଗାଯୋଗ କରନ୍ତୁ ।,or,19.828411,85.838833,11.12,2025-08-15T18:00:00,2025-08-15T21:32:00,12720,0,,,https://example.com/media_48.jpg,c17042179227037fbaf4d509854118cf85d032d68d22db54965389cae237053e,1.16,18.4,REJECTED
rep_0050,usr_041,0.45,"Kozhikode, Kerala",west,high-waves,Moderate,റിസോർട്ട് ബുക്കിംഗിന് വിളിക്കുക.,ml,11.24512,75.782878,92.48,2025-08-19T00:00:00,2025-08-19T02:44:00,9840,0,,,,,0.97,17.0,REJECTED
rep_0051,usr_003,0.6,"Kochi, Kerala",west,high-waves,Low,കടലാക്രമണം ശക്തമായി.,ml,9.968776,76.285741,95.36,2025-08-18T16:35:15.537516,2025-08-18T18:51:15.537516,8160,0,,,https://example.com/media_50.jpg,1e5daca8213f8dee477f060a32641d82b651cd7fdb92e8680e7afe9a21cf8af2,2.66,38.9,VERIFIED
rep_0052,usr_014,0.88,"Mangalore, Karnataka",west,coastal-erosion,Low,Sunny clear weather at beach having fun with friends.,en,12.916914,74.852393,127.11,2025-08-15T22:00:00,2025-08-16T02:02:00,14520,0,,,https://example.com/media_51.jpg,04a1000f90d98da6a86c2b4fe66bfd3a9302b57dca700ac2da946bc47dead399,0.76,12.8,REJECTED
rep_0053,usr_022,0.45,"Visakhapatnam, Andhra Pradesh",east,tsunami,Moderate,Abnormal sudden withdrawal of sea water observed followed by rising wave wall.,en,17.682969,83.240243,16.73,2025-08-18T12:20:37.474413,2025-08-18T12:33:37.474413,780,0,,,https://example.com/media_52.jpg,16ca0aa35f73f002d979314f3db39a5fb24f058f1350d1ffe44f29a7c530add8,3.48,41.1,VERIFIED
rep_0054,usr_016,0.6,"Alibaug, Maharashtra",west,flood,Severe,High tide flooding entered coastal market area.,en,18.624782,72.887663,7.27,2025-08-17T18:55:15.076885,2025-08-17T19:23:15.076885,1680,1,18.621188,72.888874,https://example.com/media_53.jpg,47a0e3907caf850565208c81808d0f918b7d33e93d94779f0f8f509ad6fb529a,2.35,62.5,VERIFIED
rep_0055,usr_007,0.45,"Puri, Odisha",east,high-waves,Severe,ସମୁଦ୍ରରେ ୪ ମିଟରରୁ ଅଧିକ ଉଚ୍ଚ ଲହଡ଼ି ମାଡ଼ି ଆସୁଛି ।,or,19.763988,85.851717,7.97,2025-08-17T02:36:11.005823,2025-08-17T04:56:11.005823,8400,1,19.760219,85.84798,https://example.com/media_54.jpg,6d6d6111c86f034538b2c73736cae9cbcb38faea10df70e9fd49fc772086e296,1.79,47.5,VERIFIED
rep_0056,usr_015,0.6,"Surat, Gujarat",west,flood,High,Tidal seawater inundating low-lying residential houses near beach.,en,21.092858,72.642831,92.68,2025-08-15T09:36:15.119184,2025-08-15T09:43:15.119184,420,0,,,https://example.com/media_55.jpg,ff8778d6bf878e74ab6a423cea95623f8a3cd0588f556412e9c967f69e0a38e6,3.88,73.6,VERIFIED
rep_0057,usr_027,0.88,"Kozhikode, Kerala",west,coastal-erosion,High,Hotel discount booking promotion near seaside.,en,11.254047,75.754548,96.26,2025-08-15T20:00:00,2025-08-15T23:09:00,11340,0,,,https://example.com/media_56.jpg,4857c6494ad54a6c0e90b68b042ac1904b364e842111b048b695b65db3a5d024,0.99,13.4,REJECTED
rep_0058,usr_028,0.88,"Paradip, Odisha",east,tsunami,Low,Hotel discount booking promotion near seaside.,en,20.322248,86.598865,44.2,2025-08-19T00:00:00,2025-08-19T02:48:00,10080,0,,,,,0.64,12.7,REJECTED
rep_0059,usr_010,0.88,"Surat, Gujarat",west,flood,High,દરિયાના પાણી નીચાણવાળા વિસ્તારોમાં ઘૂસી ગયા છે.,gu,21.109692,72.58351,103.05,2025-08-15T14:21:57.650219,2025-08-15T15:30:57.650219,4140,1,21.107449,72.584182,https://example.com/media_58.jpg,c340725db71a3f2be4e17f9fc8d9688bc548cb50b31c116d2241061d7b69ae34,2.69,75.8,VERIFIED
rep_0060,usr_028,0.88,"Puri, Odisha",east,high-waves,High,ସମୁଦ୍ରରେ ୪ ମିଟରରୁ ଅଧିକ ଉଚ୍ଚ ଲହଡ଼ି ମାଡ଼ି ଆସୁଛି ।,or,19.792213,85.843994,11.9,2025-08-17T15:42:16.083029,2025-08-17T15:48:16.083029,360,1,19.789875,85.839166,https://example.com/media_59.jpg,3ecadd1f59bcb51adc25bd6d21d303d238764a12233f74476d1ce08506183ead,2.16,45.4,VERIFIED
rep_0061,usr_008,0.88,"Kozhikode, Kerala",west,flood,Severe,തീരദേശ റോഡുകൾ വെള്ളത്തിനടിയിലായി.,ml,11.235799,75.780018,9.6,2025-08-16T23:52:21.580457,2025-08-17T06:47:21.580457,24900,0,,,https://example.com/media_60.jpg,fc40022b4a121399517c13625198f253bcc02f0be81d1971bd5e9f01d0ed28ba,3.21,73.5,VERIFIED
rep_0062,usr_027,0.88,"Kochi, Kerala",west,high-waves,High,ബീച്ചിൽ നല്ല കാലാവസ്ഥ.,ml,10.272074,76.393706,113.62,2025-08-17T14:00:00,2025-08-17T17:35:00,12900,0,,,https://example.com/media_61.jpg,3551ba89e24ef783c3574c97be56a6602b44c1fd4370eeaa8b2518209d740f22,0.79,11.6,REJECTED
rep_0063,usr_050,0.6,"Porbandar, Gujarat",west,high-waves,Severe,જેટી પાસે ભારે મોજાના કારણે નુકસાન.,gu,21.627916,69.619748,127.62,2025-08-18T02:07:22.736654,2025-08-18T06:37:22.736654,16200,1,21.633479,69.618253,https://example.com/media_62.jpg,570a85ff0ce99356f870dabb6726559f76e688ed8ce78db96cfd29b2dcbbb832,3.9,66.2,VERIFIED
rep_0064,usr_037,0.45,"Visakhapatnam, Andhra Pradesh",east,tsunami,Low,బీచ్ రిసార్ట్ ఆఫర్లు మరియు బుకింగ్.,te,18.028963,83.383858,8.63,2025-08-15T16:00:00,2025-08-15T18:48:00,10080,0,,,,,0.93,15.3,REJECTED
rep_0065,usr_019,0.45,"Digha, West Bengal",east,storm-surge,Severe,ঘূর্ণিঝড়ের প্রভাবে জলোচ্ছ্বাসে বাঁধ ভেঙে জল ঢুকছে।,bn,21.624375,87.487451,12.69,2025-08-17T23:43:36.117811,2025-08-18T01:01:36.117811,4680,0,,,,,2.11,69.6,VERIFIED
rep_0066,usr_022,0.45,"Digha, West Bengal",east,storm-surge,High,প্রচণ্ড জলোচ্ছ্বাস শুরু হয়েছে।,bn,21.622819,87.502024,13.79,2025-08-17T16:43:21.977621,2025-08-17T16:58:21.977621,900,0,,,https://example.com/media_65.jpg,afb7cfd9e67935b17d9f7d25377670623b8f3b47aa61d65540d23aa9acb6d7f9,1.83,76.6,VERIFIED
rep_0067,usr_043,0.6,"Porbandar, Gujarat",west,high-waves,Severe,દરિયામાં ૪ મીટરથી વધુ ઊંચા મોજા ઉછળી રહ્યા છે.,gu,21.634802,69.63253,24.35,2025-08-18T04:34:20.906305,2025-08-18T06:28:20.906305,6840,0,,,https://example.com/media_66.jpg,b1490378e53bd715946c9ee2070e3f8dd0d46c3a14955b6bd7ae36022f0ba1e9,2.62,51.9,VERIFIED
rep_0068,usr_002,0.88,"Alibaug, Maharashtra",west,flood,Severe,उधाणाचे पाणी गावातील घरांमध्ये शिरले असून रस्ते पाण्याखाली गेले आहेत.,mr,18.643222,72.871774,8.84,2025-08-17T18:03:41.463726,2025-08-17T20:47:41.463726,9840,0,,,https://example.com/media_67.jpg,6180d654c7afc7c2d9401c185812834bd83b8bd56db5fcd724c2c4646b76cbd1,2.44,74.4,VERIFIED
rep_0069,usr_012,0.6,"Porbandar, Gujarat",west,high-waves,High,"समुद्र में भारी उफान, नावों का संचालन पूरी तरह ठप।",hi,21.662712,69.643177,24.39,2025-08-18T03:18:18.118622,2025-08-18T03:48:18.118622,1800,0,,,https://example.com/media_68.jpg,1809a74215a9c218c530d40dbdd683315dcec41b55139eef2e5f9d9693b92d33,3.67,56.8,VERIFIED
rep_0070,usr_033,0.6,"Chennai, Tamil Nadu",east,coastal-erosion,High,சுற்றுலா படகு சவாரி மற்றும் விடுதி முன்பதிவு.,ta,13.090035,80.254288,6.0,2025-08-18T01:00:00,2025-08-18T02:13:00,4380,0,,,,,0.9,11.5,REJECTED
rep_0071,usr_033,0.6,"Porbandar, Gujarat",west,high-waves,Moderate,જેટી પાસે ભારે મોજાના કારણે નુકસાન.,gu,21.681233,69.66196,22.69,2025-08-18T05:57:03.564449,2025-08-18T06:04:03.564449,420,0,,,https://example.com/media_70.jpg,6fa7de857317a10f1ed2b33a182520105b0eab6b22689251ecd9d91f84ce6c80,3.21,67.2,VERIFIED
rep_0072,usr_019,0.45,"Puri, Odisha",east,high-waves,Low,ବେଳାଭୂମିରେ ପ୍ରବଳ ଢେଉର ପ୍ରକୋପ ।,or,19.82429,85.860784,5.11,2025-08-16T23:06:45.181246,2025-08-16T23:20:45.181246,840,1,19.824008,85.868371,https://example.com/media_71.jpg,9dc6452f1a2537242d5db1f62e7e2b604e2db911c351376865e9c774cd230876,2.2,30.4,VERIFIED
rep_0073,usr_032,0.45,"Kozhikode, Kerala",west,flood,Low,തീരദേശ റോഡുകൾ വെള്ളത്തിനടിയിലായി.,ml,11.216965,75.761112,5.03,2025-08-17T03:15:16.051852,2025-08-17T03:37:16.051852,1320,1,11.214638,75.760005,https://example.com/media_72.jpg,b818188889c31615b010db70102af3a4fcfb6bef96a22cebb4ab9bc56e74c352,3.05,66.0,VERIFIED
rep_0074,usr_024,0.88,"Kochi, Kerala",west,high-waves,Severe,Hotel discount booking promotion near seaside.,en,10.029441,76.412404,56.59,2025-08-17T02:00:00,2025-08-17T03:39:00,5940,0,,,,,0.52,15.3,REJECTED
rep_0075,usr_009,0.6,"Alibaug, Maharashtra",west,coastal-erosion,High,Sunny clear weather at beach having fun with friends.,en,18.77583,73.165799,90.5,2025-08-16T19:00:00,2025-08-16T22:12:00,11520,1,18.885563,73.33811,https://example.com/media_74.jpg,539323f53daad83b4fece16e7bcfb85d3cd0f5af2e77b865c3eb5bc2b1494eb6,0.43,19.7,REJECTED
rep_0076,usr_024,0.88,"Surat, Gujarat",west,coastal-erosion,High,દરિયાઈ ધોવાણથી કિનારાની જમીન ધસી પડી છે.,gu,21.12832,72.624701,14.92,2025-08-15T14:25:19.486882,2025-08-15T14:35:19.486882,600,1,21.132624,72.622484,,,3.2,55.6,VERIFIED
rep_0077,usr_046,0.6,"Surat, Gujarat",west,flood,Moderate,Tidal seawater inundating low-lying residential houses near beach.,en,21.092286,72.644373,23.23,2025-08-15T09:30:58.401284,2025-08-15T09:56:58.401284,1560,0,,,https://example.com/media_76.jpg,60505e01843308b0e145f2c0fd7d2acaa5031237bc1d57ed1910c31469d70709,2.66,47.9,VERIFIED
rep_0078,usr_044,0.6,"Puri, Odisha",east,coastal-erosion,High,Sunny clear weather at beach having fun with friends.,en,19.911653,86.121399,7.59,2025-08-17T06:00:00,2025-08-17T09:57:00,14220,0,,,,,1.01,24.2,REJECTED
rep_0079,usr_042,0.88,"Kochi, Kerala",west,high-waves,Severe,तटीय क्षेत्र में 4 मीटर से ऊंची खतरनाक लहरें उठ रही हैं।,hi,9.959224,76.283116,12.74,2025-08-18T21:55:25.202479,2025-08-18T22:09:25.202479,840,0,,,https://example.com/media_78.jpg,0fbfba94bcddd38ffc2e228a955310cee0b290bb46f8a0b9b77408f2f6ab0e31,2.13,50.3,VERIFIED
rep_0080,usr_044,0.6,"Paradip, Odisha",east,high-waves,Moderate,"Observed water activity near coast in Paradip, Odisha.",or,20.306966,86.574707,31.61,2025-08-16T05:00:00,2025-08-16T06:56:00,6960,0,,,https://example.com/media_79.jpg,ef88f730a52a83d8b5c9477efdd215ed24ca155975fa565dba36df05a82cab97,1.29,34.2,REJECTED
rep_0081,usr_013,0.88,"Porbandar, Gujarat",west,high-waves,Moderate,દરિયામાં ૪ મીટરથી વધુ ઊંચા મોજા ઉછળી રહ્યા છે.,gu,21.625476,69.638727,14.35,2025-08-18T06:10:00.766754,2025-08-18T06:37:00.766754,1620,0,,,https://example.com/media_80.jpg,8c780da935d0af4fa741e3a06b0f1a505ca7b0f0afb267c7c3570038536e37c0,3.73,60.5,VERIFIED
rep_0082,usr_042,0.88,"Alibaug, Maharashtra",west,high-waves,Low,"Observed water activity near coast in Alibaug, Maharashtra.",mr,18.629677,72.847243,55.12,2025-08-15T23:00:00,2025-08-16T00:10:00,4200,0,,,,,1.58,27.4,REJECTED
rep_0083,usr_034,0.2,"Surat, Gujarat",west,storm-surge,Low,આજે દરિયાકિનારે રમવાની મજા આવી.,gu,21.281118,72.91832,14.29,2025-08-18T05:00:00,2025-08-18T07:30:00,9000,0,,,,,0.63,19.5,REJECTED
rep_0084,usr_011,0.6,"Porbandar, Gujarat",west,high-waves,High,જેટી પાસે ભારે મોજાના કારણે નુકસાન.,gu,21.613806,69.607635,23.48,2025-08-18T02:47:40.383005,2025-08-18T03:10:40.383005,1380,1,21.614885,69.606392,,,3.64,56.3,VERIFIED
rep_0085,usr_044,0.6,"Surat, Gujarat",west,flood,Low,ભરતીના પાણીથી રસ્તાઓ જળબંબાકાર.,gu,21.119026,72.639968,14.69,2025-08-15T17:46:42.121744,2025-08-15T17:55:42.121744,540,1,21.116312,72.637817,https://example.com/media_84.jpg,1544f4dc38ac8ac24e7ce36861bae1f0c748f4f2bf64d5b5ace12b84a17a4c4a,3.13,43.0,VERIFIED
rep_0086,usr_016,0.6,"Porbandar, Gujarat",west,high-waves,Severe,જેટી પાસે ભારે મોજાના કારણે નુકસાન.,gu,21.639464,69.657084,9.97,2025-08-18T04:37:43.926872,2025-08-18T11:52:43.926872,26100,0,,,https://example.com/media_85.jpg,3cb84cb71622532b062c7fc98b197fec379fd0ef15edb82c10fa54177fb1aa1c,3.29,71.8,VERIFIED
rep_0087,usr_026,0.6,"Puri, Odisha",east,flood,Low,ସମୁଦ୍ର ପାଣି ଘରେ ପଶିଗଲା ।,or,19.798702,85.83368,16.95,2025-08-16T23:02:32.800571,2025-08-17T00:39:32.800571,5820,0,,,https://example.com/media_86.jpg,3908b4dc869ea6edeffb381970ff5586d766fa58c2f7f0f11aa99cb5453fdfdb,2.27,41.1,VERIFIED
rep_0088,usr_013,0.88,"Kozhikode, Kerala",west,tsunami,Moderate,ബീച്ചിൽ നല്ല കാലാവസ്ഥ.,ml,11.443114,75.981996,12.9,2025-08-17T06:00:00,2025-08-17T09:03:00,10980,0,,,,,0.52,11.5,REJECTED
rep_0089,usr_033,0.6,"Surat, Gujarat",west,flood,High,ભરતીના પાણીથી રસ્તાઓ જળબંબાકાર.,gu,21.123144,72.639906,14.47,2025-08-15T17:54:55.949897,2025-08-15T18:22:55.949897,1680,1,21.119362,72.636924,https://example.com/media_88.jpg,1da90fc093391fd0baf9b37dbe8be1fdf7a1e9dbeaf9a6d1f65968c1f29a3643,3.0,55.7,VERIFIED
rep_0090,usr_002,0.88,"Alibaug, Maharashtra",west,flood,Moderate,समुद्राचे पाणी सखल भागात भरले.,mr,18.641816,72.890492,22.98,2025-08-17T19:14:41.019999,2025-08-17T19:43:41.019999,1740,0,,,https://example.com/media_89.jpg,07ab06e471ff7fb47de02e748aa9189e413bfe6d2afe5b9170d6fe964cce51a8,2.37,57.3,VERIFIED
rep_0091,usr_047,0.88,"Surat, Gujarat",west,flood,Severe,ભરતીના પાણીથી રસ્તાઓ જળબંબાકાર.,gu,21.110586,72.632263,7.2,2025-08-15T17:17:04.878777,2025-08-15T17:45:04.878777,1680,1,21.109693,72.634374,https://example.com/media_90.jpg,6cf537969520ba9cb1324b315dc5ee4c401ff88d86c6ff6f14a0ccbbb8acf1ea,2.5,66.2,VERIFIED
rep_0092,usr_012,0.6,"Puri, Odisha",east,storm-surge,High,ବାତ୍ୟା ଯୋଗୁଁ ସମୁଦ୍ରରେ ପ୍ରଳୟଙ୍କରୀ ଜୁଆର ମାଡ଼ି ଆସୁଛି ।,or,19.775412,85.828232,18.61,2025-08-17T02:18:04.037481,2025-08-17T03:45:04.037481,5220,0,,,https://example.com/media_91.jpg,934173a72fa5f5734b4e5eee0b3d77558f08156b7ffcd126b05ce1fe16e83eea,1.04,42.1,VERIFIED
rep_0093,usr_036,0.6,"Kochi, Kerala",west,high-waves,Moderate,"समुद्र में भारी उफान, नावों का संचालन पूरी तरह ठप।",hi,9.912126,76.250628,12.89,2025-08-18T20:24:15.128171,2025-08-18T20:49:15.128171,1500,1,9.912452,76.2484,https://example.com/media_92.jpg,a1237634bcb15e66c16118f3f8ec25a2e7668cc340307a6492751620b5b746d1,2.36,40.7,VERIFIED
rep_0094,usr_048,0.6,"Visakhapatnam, Andhra Pradesh",east,flood,High,ज्वार के कारण तटीय सड़कों पर पानी भर गया है।,hi,17.660635,83.182529,6.05,2025-08-18T17:00:26.623881,2025-08-18T19:31:26.623881,9060,1,17.66026,83.180726,https://example.com/media_93.jpg,b04e12e33874abd62a65d42561c9029593cad665a31bc0f1f6b23496bb973f66,3.98,55.3,VERIFIED
rep_0095,usr_050,0.6,"Alibaug, Maharashtra",west,tsunami,Low,किनारी फिरायला छान वातावरण आहे.,mr,18.920845,73.18179,14.06,2025-08-17T09:00:00,2025-08-17T13:23:00,15780,0,,,,,1.24,10.5,REJECTED
rep_0096,usr_037,0.45,"Digha, West Bengal",east,storm-surge,High,প্রচণ্ড জলোচ্ছ্বাস শুরু হয়েছে।,bn,21.602807,87.547398,14.88,2025-08-17T12:34:37.396755,2025-08-17T15:01:37.396755,8820,0,,,,,1.8,73.0,VERIFIED
rep_0097,usr_049,0.6,"Porbandar, Gujarat",west,flood,High,હોટેલ અને બીચ ટૂર માટે સંપર્ક કરો.,gu,21.635137,69.621494,6.94,2025-08-16T14:00:00,2025-08-16T14:13:00,780,0,,,https://example.com/media_96.jpg,d95e6bc714ecdf8eb125d7ffab07c9f3cad54ad8895d7ba68b6fbb506ccd3f7b,1.28,17.2,REJECTED
rep_0098,usr_020,0.88,"Nagapattinam, Tamil Nadu",east,coastal-erosion,Low,"Observed water activity near coast in Nagapattinam, Tamil Nadu.",en,10.765146,79.870646,29.45,2025-08-17T23:00:00,2025-08-18T00:45:00,6300,0,,,,,1.48,27.1,VERIFIED
rep_0099,usr_019,0.45,"Kozhikode, Kerala",west,tsunami,Severe,Sunny clear weather at beach having fun with friends.,en,11.597287,75.989509,14.87,2025-08-18T20:00:00,2025-08-18T22:01:00,7260,0,,,,,1.22,21.4,REJECTED
rep_0100,usr_024,0.88,"Digha, West Bengal",east,high-waves,Low,উত্তাল সমুদ্রের ঢেউতে মাছ ধরার নৌকা ক্ষতিগ্রস্ত।,bn,21.639081,87.498216,16.45,2025-08-17T12:16:23.458880,2025-08-17T12:37:23.458880,1260,1,21.636796,87.502492,https://example.com/media_99.jpg,3cf1e403d7417011009b8674a5f1d65b82e454624ee87096856a6deadac93feb,2.3,82.1,VERIFIED
rep_0101,usr_044,0.6,"Puri, Odisha",east,storm-surge,Moderate,ଆଜି ପାଗ ଖୁବ୍ ଭଲ ଅଛି ।,or,19.798883,85.842399,132.53,2025-08-15T15:00:00,2025-08-15T19:11:00,15060,0,,,https://example.com/media_100.jpg,4857c6494ad54a6c0e90b68b042ac1904b364e842111b048b695b65db3a5d024,0.46,24.9,REJECTED
rep_0102,usr_047,0.88,"Visakhapatnam, Andhra Pradesh",east,coastal-erosion,Low,బీచ్ రిసార్ట్ ఆఫర్లు మరియు బుకింగ్.,te,18.00746,83.419605,100.4,2025-08-18T03:00:00,2025-08-18T06:31:00,12660,1,18.202082,83.600788,https://example.com/media_101.jpg,dd8ed4f4653fd2acc96487bbb87fd089bf390786fc38a24c4d1737f881194f0b,1.17,11.8,REJECTED
rep_0103,usr_030,0.6,"Visakhapatnam, Andhra Pradesh",east,coastal-erosion,Severe,"Observed water activity near coast in Visakhapatnam, Andhra Pradesh.",en,17.632059,83.207367,29.9,2025-08-15T21:00:00,2025-08-15T21:19:00,1140,0,,,https://example.com/media_102.jpg,703bbad12f83a2e9d6e06a222e069036d9c68ca3112920032a547e85a1a10cec,1.37,37.2,REJECTED
rep_0104,usr_002,0.88,"Porbandar, Gujarat",west,flood,High,Sunny clear weather at beach having fun with friends.,en,21.882065,69.829839,179.55,2025-08-16T00:00:00,2025-08-16T04:27:00,16020,1,21.9387,69.945684,,,1.08,21.6,REJECTED
rep_0105,usr_050,0.6,"Visakhapatnam, Andhra Pradesh",east,storm-surge,Severe,వాతావరణం చాలా ప్రశాంతంగా ఉంది.,te,18.00339,83.564638,7.96,2025-08-18T06:00:00,2025-08-18T10:23:00,15780,1,18.136897,83.703388,,,0.56,20.2,REJECTED
rep_0106,usr_021,0.45,"Kakinada, Andhra Pradesh",east,coastal-erosion,Moderate,వాతావరణం చాలా ప్రశాంతంగా ఉంది.,te,17.15007,82.377147,5.89,2025-08-17T12:00:00,2025-08-17T16:55:00,17700,1,17.328701,82.4488,https://example.com/media_105.jpg,4857c6494ad54a6c0e90b68b042ac1904b364e842111b048b695b65db3a5d024,0.45,16.2,REJECTED
rep_0107,usr_006,0.45,"Puri, Odisha",east,high-waves,Low,"समुद्र में भारी उफान, नावों का संचालन पूरी तरह ठप।",hi,19.831022,85.854466,76.85,2025-08-17T11:28:20.034960,2025-08-17T11:56:20.034960,1680,0,,,https://example.com/media_106.jpg,31f6e41aad098e4e4e0dc1efce996c802557b2ea65439cdfc5173a8d9e9271ac,2.51,36.4,VERIFIED
rep_0108,usr_013,0.88,"Digha, West Bengal",east,storm-surge,High,প্রচণ্ড জলোচ্ছ্বাস শুরু হয়েছে।,bn,21.616969,87.444351,19.08,2025-08-17T15:19:04.483128,2025-08-17T15:35:04.483128,960,1,21.617205,87.447867,https://example.com/media_107.jpg,4733800390014a6fce82fb8bc4aa64312671e638542873f13b944a5d3a34443d,1.41,74.4,VERIFIED
rep_0109,usr_024,0.88,"Kozhikode, Kerala",west,high-waves,High,"Observed water activity near coast in Kozhikode, Kerala.",ml,11.239199,75.772277,25.84,2025-08-17T12:00:00,2025-08-17T12:52:00,3120,0,,,https://example.com/media_108.jpg,edf7b25c640d263dca124dfc2921385b15e043e74f169abbeeddd4fbcb731977,1.76,32.5,VERIFIED
rep_0110,usr_037,0.45,"Visakhapatnam, Andhra Pradesh",east,flood,Low,సముద్రపు నీరు గ్రామంలోకి ప్రవేశించి ఇళ్లను ముంచెత్తింది.,te,17.655369,83.17899,21.43,2025-08-18T15:07:46.765923,2025-08-18T15:17:46.765923,600,0,,,https://example.com/media_109.jpg,74326ba3beb880e22ab0ac7fa0e02c93838f05f6b23dbd02aad3ae6a7d16286d,3.04,55.3,VERIFIED
rep_0111,usr_005,0.45,"Paradip, Odisha",east,high-waves,Low,ପୁରୀ ହୋଟେଲ ବୁକିଂ ପାଇଁ ଯୋଗାଯୋଗ କରନ୍ତୁ ।,or,20.300112,86.621458,11.49,2025-08-18T20:00:00,2025-08-19T00:17:00,15420,0,,,,,0.74,19.3,REJECTED
rep_0112,usr_027,0.88,"Kozhikode, Kerala",west,flood,High,തീരദേശ റോഡുകൾ വെള്ളത്തിനടിയിലായി.,ml,11.241029,75.75118,15.04,2025-08-17T02:41:19.613441,2025-08-17T03:02:19.613441,1260,0,,,https://example.com/media_111.jpg,8facfed2028e0dd49f105a6efcfb195e67391f376af2ff3afc21c2c6233c0d38,3.81,65.3,VERIFIED
rep_0113,usr_006,0.45,"Kozhikode, Kerala",west,coastal-erosion,Low,ബീച്ചിൽ നല്ല കാലാവസ്ഥ.,ml,11.25946,75.795844,12.94,2025-08-17T10:00:00,2025-08-17T13:24:00,12240,0,,,,,0.98,10.5,REJECTED
rep_0114,usr_045,0.88,"Surat, Gujarat",west,high-waves,Low,હોટેલ અને બીચ ટૂર માટે સંપર્ક કરો.,gu,21.097972,72.653867,13.3,2025-08-18T23:00:00,2025-08-19T04:00:00,18000,0,,,,,0.44,13.2,REJECTED
rep_0115,usr_018,0.6,"Digha, West Bengal",east,tsunami,Severe,দীঘা সমুদ্র সৈকত হোটেল বুকিং ডিসকাউন্ট।,bn,21.649097,87.512118,14.54,2025-08-15T16:00:00,2025-08-15T18:43:00,9780,0,,,,,1.04,16.0,REJECTED
rep_0116,usr_035,0.6,"Kozhikode, Kerala",west,coastal-erosion,High,Hotel discount booking promotion near seaside.,en,11.277852,75.803416,120.13,2025-08-17T02:00:00,2025-08-17T05:33:00,12780,0,,,https://example.com/media_115.jpg,4857c6494ad54a6c0e90b68b042ac1904b364e842111b048b695b65db3a5d024,0.79,22.6,REJECTED
rep_0117,usr_029,0.45,"Mangalore, Karnataka",west,flood,High,Hotel discount booking promotion near seaside.,en,13.248209,75.052599,145.71,2025-08-18T16:00:00,2025-08-18T17:28:00,5280,1,13.391001,75.222307,,,0.47,12.3,REJECTED
rep_0118,usr_001,0.6,"Kochi, Kerala",west,high-waves,Moderate,തീരത്ത് 4 മീറ്ററിലധികം ഉയരമുള്ള ശക്തമായ തിരമാലകൾ അടിച്ചു കയറുന്നു.,ml,9.935203,76.252515,93.1,2025-08-18T12:38:19.017288,2025-08-18T13:02:19.017288,1440,0,,,https://example.com/media_117.jpg,c8e567c516379df6bf088aea41579d5e137b7b2b1abc6a731f754418314fb3b3,2.34,43.7,VERIFIED
rep_0119,usr_011,0.6,"Visakhapatnam, Andhra Pradesh",east,coastal-erosion,Severe,బీచ్ రిసార్ట్ ఆఫర్లు మరియు బుకింగ్.,te,17.839408,83.37097,5.01,2025-08-17T22:00:00,2025-08-17T23:50:00,6600,1,17.934371,83.53837,https://example.com/media_118.jpg,4857c6494ad54a6c0e90b68b042ac1904b364e842111b048b695b65db3a5d024,1.25,20.8,REJECTED
rep_0120,usr_040,0.6,"Surat, Gujarat",west,flood,Moderate,ભરતીના પાણીથી રસ્તાઓ જળબંબાકાર.,gu,21.104069,72.652705,22.19,2025-08-15T10:48:27.588234,2025-08-15T17:11:27.588234,22980,0,,,https://example.com/media_119.jpg,490f67bb2dfeea0bf0a9e4183bc384fce3a1ca9b47141642e4ea1d9a9874f025,2.71,76.3,VERIFIED
rep_0121,usr_018,0.6,"Surat, Gujarat",west,flood,Moderate,ज्वार के कारण तटीय सड़कों पर पानी भर गया है।,hi,21.124877,72.631328,8.6,2025-08-15T10:53:12.608042,2025-08-15T12:37:12.608042,6240,0,,,https://example.com/media_120.jpg,59e33e3065e8198a5b5c1ffbcfbfb08012d04e28cb569f4130d65e131033cd14,3.06,39.8,VERIFIED
rep_0122,usr_016,0.6,"Kochi, Kerala",west,flood,Low,Hotel discount booking promotion near seaside.,en,9.932153,76.263497,116.68,2025-08-18T04:00:00,2025-08-18T04:28:00,1680,0,,,,,1.23,20.4,REJECTED
rep_0123,usr_016,0.6,"Alibaug, Maharashtra",west,flood,Severe,उधाणाचे पाणी गावातील घरांमध्ये शिरले असून रस्ते पाण्याखाली गेले आहेत.,mr,18.60623,72.860558,17.93,2025-08-17T14:47:19.868887,2025-08-17T14:59:19.868887,720,0,,,https://example.com/media_122.jpg,055a12f414132ee6fdc4cb143147370b445f5873b968e1cc31c10cb24c31f05f,2.76,57.2,VERIFIED
rep_0124,usr_030,0.6,"Porbandar, Gujarat",west,high-waves,High,દરિયામાં ૪ મીટરથી વધુ ઊંચા મોજા ઉછળી રહ્યા છે.,gu,21.653675,69.639461,24.23,2025-08-18T07:41:33.604721,2025-08-18T08:35:33.604721,3240,1,21.655734,69.638656,https://example.com/media_123.jpg,16c1ac9147199084d2161f68404ffef18446e517dd64c4c8b95c1c84add980a3,3.27,64.0,VERIFIED
rep_0125,usr_046,0.6,"Digha, West Bengal",east,storm-surge,Severe,প্রচণ্ড জলোচ্ছ্বাস শুরু হয়েছে।,bn,21.610448,87.49671,23.6,2025-08-17T16:58:09.016935,2025-08-17T18:27:09.016935,5340,0,,,https://example.com/media_124.jpg,f0c19054e6e473b2904cceafe3c2cadffcf5c0371575bd87b360f9e2af5817ee,1.69,69.7,VERIFIED
rep_0126,usr_040,0.6,"Visakhapatnam, Andhra Pradesh",east,flood,High,తీరప్రాంత రహదారులు వరద నీటితో జలమయం.,te,17.670808,83.204894,77.83,2025-08-18T11:30:59.206133,2025-08-18T11:46:59.206133,960,0,,,https://example.com/media_125.jpg,d0cf7fb88f9d8124e392247db15e6b422b3da5d2d1447949a656944864ed0c65,2.55,48.3,VERIFIED
rep_0127,usr_040,0.6,"Panaji, Goa",west,tsunami,Moderate,समुद्र किनारे होटल बुकिंग के लिए संपर्क करें।,hi,15.665936,74.031422,11.08,2025-08-16T23:00:00,2025-08-17T00:10:00,4200,0,,,,,0.93,20.1,REJECTED
rep_0128,usr_010,0.88,"Surat, Gujarat",west,flood,Low,ભરતીના પાણીથી રસ્તાઓ જળબંબાકાર.,gu,21.125467,72.651849,113.55,2025-08-15T13:24:24.401649,2025-08-15T14:41:24.401649,4620,0,,,https://example.com/media_127.jpg,e808229387a171054c5ecd6498e0210174205f2c0d555e93bd77440f83d42e4b,3.86,58.8,VERIFIED
rep_0129,usr_013,0.88,"Surat, Gujarat",west,tsunami,Low,समुद्र का पानी अचानक असामान्य रूप से पीछे हट गया है।,hi,21.100985,72.620029,19.2,2025-08-15T11:01:24.926699,2025-08-15T11:15:24.926699,840,1,21.10355,72.62451,https://example.com/media_128.jpg,cd1dea3441f309a36cf25e7bc2c3946ff58d7b1328dba06a9f7633fad4dc570d,3.25,60.8,VERIFIED
rep_0130,usr_035,0.6,"Alibaug, Maharashtra",west,flood,Severe,समुद्राचे पाणी सखल भागात भरले.,mr,18.627226,72.843539,9.37,2025-08-17T16:06:09.078473,2025-08-17T18:28:09.078473,8520,1,18.626714,72.837737,https://example.com/media_129.jpg,c818c527bb9a05532a12bb72be05fabb9dfbc5bf3015a9eeacd04222f045c04b,2.78,59.4,VERIFIED
rep_0131,usr_009,0.6,"Visakhapatnam, Andhra Pradesh",east,flood,Moderate,సముద్రపు నీరు గ్రామంలోకి ప్రవేశించి ఇళ్లను ముంచెత్తింది.,te,17.681385,83.179659,16.94,2025-08-18T16:36:07.826544,2025-08-18T23:06:07.826544,23400,1,17.684685,83.179221,https://example.com/media_130.jpg,a5686c0506ab3bb320463e0c5141eb7d4dfc2f3c4d4958e639f92407abe128b2,3.92,52.2,VERIFIED
rep_0132,usr_046,0.6,"Alibaug, Maharashtra",west,flood,Low,उधाणाचे पाणी गावातील घरांमध्ये शिरले असून रस्ते पाण्याखाली गेले आहेत.,mr,18.627949,72.847339,16.55,2025-08-17T18:07:29.667996,2025-08-18T00:59:29.667996,24720,1,18.624184,72.849591,https://example.com/media_131.jpg,527842f49ee71e3931c001e8b9afdc805940c1449c640e83339d1c2bbfc59658,2.85,58.4,VERIFIED
rep_0133,usr_030,0.6,"Visakhapatnam, Andhra Pradesh",east,storm-surge,Low,Hotel discount booking promotion near seaside.,en,17.689651,83.208842,171.98,2025-08-15T23:00:00,2025-08-16T03:59:00,17940,0,,,https://example.com/media_132.jpg,0fc7b39e14cb5723fa9bd02b867df68bfb80792e244b58bdf8c84291e019cfad,0.66,18.2,REJECTED
rep_0134,usr_041,0.45,"Puri, Odisha",east,high-waves,Low,ସମୁଦ୍ରରେ ୪ ମିଟରରୁ ଅଧିକ ଉଚ୍ଚ ଲହଡ଼ି ମାଡ଼ି ଆସୁଛି ।,or,19.814768,85.831807,24.84,2025-08-17T13:39:19.100547,2025-08-17T13:46:19.100547,420,1,19.823531,85.83157,,,1.96,55.6,VERIFIED
rep_0135,usr_020,0.88,"Visakhapatnam, Andhra Pradesh",east,flood,Low,సముద్రపు నీరు గ్రామంలోకి ప్రవేశించి ఇళ్లను ముంచెత్తింది.,te,17.680031,83.208935,57.79,2025-08-18T08:48:36.137162,2025-08-18T08:56:36.137162,480,0,,,https://example.com/media_134.jpg,ec8f2415d8110871f16dfa8c36f41e03fd647e0469cf21ada9f8969d36f9b0db,3.28,55.3,VERIFIED
rep_0136,usr_024,0.88,"Kochi, Kerala",west,high-waves,Moderate,തീരത്ത് 4 മീറ്ററിലധികം ഉയരമുള്ള ശക്തമായ തിരമാലകൾ അടിച്ചു കയറുന്നു.,ml,9.939455,76.228688,149.29,2025-08-18T14:11:22.850899,2025-08-18T16:26:22.850899,8100,1,9.938943,76.228589,https://example.com/media_135.jpg,a1310f4a05fe438ed0c06cdf05be6977d0c73788fa1e456a897430e66513ec9d,1.42,46.4,VERIFIED
rep_0137,usr_038,0.6,"Kakinada, Andhra Pradesh",east,coastal-erosion,High,బీచ్ రిసార్ట్ ఆఫర్లు మరియు బుకింగ్.,te,17.185035,82.541091,10.74,2025-08-18T19:00:00,2025-08-18T21:44:00,9840,1,17.325185,82.699268,https://example.com/media_136.jpg,a1c12547afd4c2abbf0cb2842ccb1ced32b205f658dcf18e8bebb9c760d7eb0f,1.25,10.4,REJECTED
rep_0138,usr_016,0.6,"Mangalore, Karnataka",west,coastal-erosion,Severe,Sunny clear weather at beach having fun with friends.,en,13.128987,75.096361,14.73,2025-08-18T07:00:00,2025-08-18T10:45:00,13500,0,,,,,0.52,22.9,REJECTED
rep_0139,usr_050,0.6,"Alibaug, Maharashtra",west,flood,Severe,"Observed water activity near coast in Alibaug, Maharashtra.",mr,18.662236,72.87401,56.9,2025-08-17T23:00:00,2025-08-18T00:53:00,6780,0,,,,,1.44,28.7,VERIFIED
rep_0140,usr_035,0.6,"Porbandar, Gujarat",west,high-waves,Low,Dangerous rough waves exceeding 4 meters breaching sea wall near fishing jetty.,en,21.63559,69.660275,130.81,2025-08-18T11:15:32.408369,2025-08-18T13:04:32.408369,6540,0,,,https://example.com/media_139.jpg,bcf635ff719adb77579db54ee06f1fb6d5e91e7bf312512854d0e3f9cbcb3006,2.96,51.2,VERIFIED
rep_0141,usr_008,0.88,"Mangalore, Karnataka",west,coastal-erosion,High,"Observed water activity near coast in Mangalore, Karnataka.",en,12.896134,74.901975,49.63,2025-08-16T03:00:00,2025-08-16T04:18:00,4680,0,,,https://example.com/media_140.jpg,724237a2ab98a99c014910144a136d28ff5b92d31e79a419527e5c3903920fae,1.62,34.1,VERIFIED
rep_0142,usr_009,0.6,"Kochi, Kerala",west,high-waves,Moderate,കടലാക്രമണം ശക്തമായി.,ml,9.966178,76.29077,13.59,2025-08-18T11:25:08.756211,2025-08-18T11:46:08.756211,1260,0,,,https://example.com/media_141.jpg,ac113635145efd7e8874d9e7f0d153494048ed08648def65977a5fcf16d29a97,2.86,39.9,VERIFIED
rep_0143,usr_007,0.45,"Digha, West Bengal",east,storm-surge,High,প্রচণ্ড জলোচ্ছ্বাস শুরু হয়েছে।,bn,21.609769,87.488351,9.89,2025-08-17T23:47:42.962544,2025-08-18T00:15:42.962544,1680,1,21.608077,87.489882,,,2.52,64.0,VERIFIED
rep_0144,usr_037,0.45,"Kozhikode, Kerala",west,high-waves,Moderate,ബീച്ചിൽ നല്ല കാലാവസ്ഥ.,ml,11.263931,75.776767,197.03,2025-08-16T22:00:00,2025-08-17T00:57:00,10620,0,,,https://example.com/media_143.jpg,4857c6494ad54a6c0e90b68b042ac1904b364e842111b048b695b65db3a5d024,0.82,14.2,REJECTED
rep_0145,usr_020,0.88,"Visakhapatnam, Andhra Pradesh",east,flood,High,సముద్రపు నీరు గ్రామంలోకి ప్రవేశించి ఇళ్లను ముంచెత్తింది.,te,17.652956,83.19138,8.91,2025-08-18T09:44:25.819922,2025-08-18T12:32:25.819922,10080,0,,,https://example.com/media_144.jpg,cc577050ee64b198ee5ac993f8ae27a2ba0ed7ad6ffa91e9cbc46024a45b1fcc,3.35,55.9,VERIFIED
rep_0146,usr_043,0.6,"Surat, Gujarat",west,flood,Moderate,દરિયાના પાણી નીચાણવાળા વિસ્તારોમાં ઘૂસી ગયા છે.,gu,21.111385,72.627582,9.76,2025-08-15T17:04:32.114091,2025-08-15T17:25:32.114091,1260,1,21.12405,72.632587,https://example.com/media_145.jpg,db6a7fb58fb87c0537f937721e662ce857f136e41d00b168c0d3b514640db619,4.17,68.7,VERIFIED
rep_0147,usr_026,0.6,"Alibaug, Maharashtra",west,tsunami,Moderate,बीच रिसॉर्ट बुकिंगसाठी आजच कॉल करा.,mr,18.617716,72.882452,6.13,2025-08-16T23:00:00,2025-08-17T03:01:00,14460,0,,,,,1.03,21.0,REJECTED
rep_0148,usr_050,0.6,"Digha, West Bengal",east,storm-surge,Moderate,Severe storm surge and cyclonic gale winds hitting the harbor.,en,21.627242,87.507924,15.72,2025-08-17T12:40:43.643240,2025-08-17T12:50:43.643240,600,0,,,https://example.com/media_147.jpg,60656b45d1bc6c35dc21fde9dc0fb0b053aaee48c6609b733bc4dee148ba37ac,1.98,77.8,VERIFIED
rep_0149,usr_026,0.6,"Chennai, Tamil Nadu",east,flood,Moderate,"Observed water activity near coast in Chennai, Tamil Nadu.",ta,13.076844,80.362248,21.24,2025-08-16T14:00:00,2025-08-16T14:27:00,1620,0,,,,,1.47,34.7,REJECTED
rep_0150,usr_004,0.6,"Visakhapatnam, Andhra Pradesh",east,flood,Low,"समुद्र का पानी तटीय बस्तियों में घुस गया है, भारी जलभराव।",hi,17.681133,83.186817,17.89,2025-08-18T04:54:09.390617,2025-08-18T05:19:09.390617,1500,0,,,https://example.com/media_149.jpg,a27f67116f46a22ee153228733f0a0bd403ef67eb4903d1ae1f26d769add7f53,3.38,53.4,VERIFIED
rep_0151,usr_004,0.6,"Surat, Gujarat",west,coastal-erosion,Moderate,"Observed water activity near coast in Surat, Gujarat.",gu,21.127093,72.619724,21.18,2025-08-16T06:00:00,2025-08-16T06:50:00,3000,0,,,,,1.3,27.8,REJECTED
rep_0152,usr_040,0.6,"Visakhapatnam, Andhra Pradesh",east,flood,Severe,ज्वार के कारण तटीय सड़कों पर पानी भर गया है।,hi,17.631104,83.204374,6.75,2025-08-18T11:36:40.296820,2025-08-18T11:41:40.296820,300,1,17.626089,83.207162,https://example.com/media_151.jpg,02fcc6af0a0fe10533eb2e1e0c696d977d0921f884ff9bdab440681f613e89d8,3.35,80.6,VERIFIED
rep_0153,usr_002,0.88,"Alibaug, Maharashtra",west,flood,Moderate,ज्वार के कारण तटीय सड़कों पर पानी भर गया है।,hi,18.661659,72.883978,21.17,2025-08-17T15:55:45.200500,2025-08-17T16:17:45.200500,1320,1,18.658348,72.888114,https://example.com/media_152.jpg,3911020da85be1055f41d91d92dfd5e0a32b4c4ce7c0a19b58fd8d1c4ffda6ec,2.9,65.9,VERIFIED
rep_0154,usr_038,0.6,"Alibaug, Maharashtra",west,flood,Moderate,उधाणाचे पाणी गावातील घरांमध्ये शिरले असून रस्ते पाण्याखाली गेले आहेत.,mr,18.61147,72.835374,120.06,2025-08-17T21:54:14.578860,2025-08-17T22:14:14.578860,1200,0,,,https://example.com/media_153.jpg,07ff9161019cb6c948d07362afcd78691fed72e3012671fe6a5c4d786a320464,2.39,58.9,VERIFIED
rep_0155,usr_002,0.88,"Chennai, Tamil Nadu",east,coastal-erosion,Low,Hotel discount booking promotion near seaside.,en,13.410532,80.405095,11.6,2025-08-18T10:00:00,2025-08-18T11:22:00,4920,0,,,,,0.69,10.3,REJECTED
rep_0156,usr_043,0.6,"Surat, Gujarat",west,flood,High,ज्वार के कारण तटीय सड़कों पर पानी भर गया है।,hi,21.103588,72.651962,19.65,2025-08-15T17:00:23.047025,2025-08-15T19:01:23.047025,7260,1,21.100625,72.648413,https://example.com/media_155.jpg,cc396ee56aff292c7cf8ec261554011722ca6c2afe26e647356df2cf59fe58e6,3.06,48.9,VERIFIED
rep_0157,usr_047,0.88,"Kozhikode, Kerala",west,tsunami,Moderate,"കടൽ പെട്ടെന്ന് ഉൾവലിഞ്ഞു, അടിയന്തര ജാഗ്രത വേണം.",ml,11.1954,75.816049,5.65,2025-08-16T21:02:55.694177,2025-08-16T22:08:55.694177,3960,0,,,,,3.86,66.0,VERIFIED
rep_0158,usr_006,0.45,"Paradip, Odisha",east,storm-surge,Low,ଆଜି ପାଗ ଖୁବ୍ ଭଲ ଅଛି ।,or,20.468107,86.758776,6.08,2025-08-17T22:00:00,2025-08-18T01:23:00,12180,1,20.5183,86.866667,,,1.27,23.3,REJECTED
rep_0159,usr_037,0.45,"Visakhapatnam, Andhra Pradesh",east,flood,Severe,Sunny clear weather at beach having fun with friends.,en,17.786702,83.526856,6.82,2025-08-15T16:00:00,2025-08-15T20:50:00,17400,0,,,https://example.com/media_158.jpg,4857c6494ad54a6c0e90b68b042ac1904b364e842111b048b695b65db3a5d024,0.55,15.6,REJECTED
rep_0160,usr_028,0.88,"Visakhapatnam, Andhra Pradesh",east,flood,Low,బీచ్ రిసార్ట్ ఆఫర్లు మరియు బుకింగ్.,te,17.683762,83.219833,14.69,2025-08-18T19:00:00,2025-08-18T21:34:00,9240,0,,,,,1.23,18.1,REJECTED
rep_0161,usr_036,0.6,"Puri, Odisha",east,high-waves,High,ବେଳାଭୂମିରେ ପ୍ରବଳ ଢେଉର ପ୍ରକୋପ ।,or,19.790622,85.853047,18.24,2025-08-17T02:32:39.904278,2025-08-17T02:39:39.904278,420,0,,,https://example.com/media_160.jpg,47f5d07336e77811393b8ff05c13def0c9524d6a75f4bcbbb460a4ef902214a4,2.59,40.9,VERIFIED
rep_0162,usr_035,0.6,"Surat, Gujarat",west,flood,Severe,દરિયાના પાણી નીચાણવાળા વિસ્તારોમાં ઘૂસી ગયા છે.,gu,21.127168,72.6242,10.27,2025-08-15T09:46:16.916904,2025-08-15T16:17:16.916904,23460,1,21.127638,72.627328,https://example.com/media_161.jpg,2a69f910fae8b14a575cf31426291b235144449040d9aabd4924052b9f884189,3.24,46.9,VERIFIED
rep_0163,usr_027,0.88,"Chennai, Tamil Nadu",east,coastal-erosion,Moderate,கடற்கரையில் இனிமையான காற்று வீசுகிறது.,ta,13.083459,80.279092,13.25,2025-08-18T14:00:00,2025-08-18T15:25:00,5100,0,,,,,0.87,18.6,REJECTED
rep_0164,usr_011,0.6,"Porbandar, Gujarat",west,flood,Low,"Observed water activity near coast in Porbandar, Gujarat.",gu,21.653387,69.632511,47.33,2025-08-18T11:00:00,2025-08-18T11:48:00,2880,0,,,https://example.com/media_163.jpg,12c0f3079e18430db8b248b87f663bf0b347ab9157123a4f614fa5dec1449b69,1.69,26.9,VERIFIED
rep_0165,usr_036,0.6,"Surat, Gujarat",west,flood,High,Tidal seawater inundating low-lying residential houses near beach.,en,21.127762,72.617871,5.25,2025-08-15T10:20:48.411155,2025-08-15T13:20:48.411155,10800,0,,,https://example.com/media_164.jpg,93e239f6c4eb78f64d5dba953a008f9018a5aa63975a961d9efe3dc304355fbe,3.28,55.0,VERIFIED
rep_0166,usr_023,0.6,"Digha, West Bengal",east,high-waves,Low,"Observed water activity near coast in Digha, West Bengal.",en,21.600936,87.530592,44.36,2025-08-18T12:00:00,2025-08-18T13:42:00,6120,0,,,https://example.com/media_165.jpg,8afac853266375278cb99ab9848d187dcfdff1978f333464da434eee45b1f5d1,1.37,26.9,REJECTED
rep_0167,usr_022,0.45,"Visakhapatnam, Andhra Pradesh",east,flood,High,తీరప్రాంత రహదారులు వరద నీటితో జలమయం.,te,17.656888,83.206538,11.76,2025-08-18T13:35:16.542168,2025-08-18T19:08:16.542168,19980,0,,,https://example.com/media_166.jpg,056779e3de6a277e47c3e6b4e152135c41d51570d5909a9230ddbe26937875a7,3.89,41.8,VERIFIED
rep_0168,usr_039,0.45,"Visakhapatnam, Andhra Pradesh",east,high-waves,Moderate,బీచ్ రిసార్ట్ ఆఫర్లు మరియు బుకింగ్.,te,17.823875,83.520972,161.52,2025-08-16T22:00:00,2025-08-17T02:29:00,16140,0,,,,,0.86,12.4,REJECTED
rep_0169,usr_013,0.88,"Kozhikode, Kerala",west,flood,High,തീരദേശ റോഡുകൾ വെള്ളത്തിനടിയിലായി.,ml,11.202266,75.787667,10.48,2025-08-16T12:29:20.439881,2025-08-16T12:45:20.439881,960,0,,,https://example.com/media_168.jpg,bb16f1d177b25064fbfaed6f9d4ada0761d59d31ab5493580af1fbc66894f0aa,3.35,64.1,VERIFIED
rep_0170,usr_017,0.6,"Digha, West Bengal",east,storm-surge,Moderate,ঘূর্ণিঝড়ের প্রভাবে জলোচ্ছ্বাসে বাঁধ ভেঙে জল ঢুকছে।,bn,21.606738,87.496483,24.3,2025-08-17T16:43:59.162703,2025-08-17T23:45:59.162703,25320,0,,,https://example.com/media_169.jpg,09eb807169c34e6a2896a2acabaad4ef3d17287c8177ed5021636e434968e2a8,1.95,66.3,VERIFIED
rep_0171,usr_020,0.88,"Kochi, Kerala",west,high-waves,Low,കടലാക്രമണം ശക്തമായി.,ml,9.921324,76.274754,14.33,2025-08-18T11:44:30.437041,2025-08-18T13:49:30.437041,7500,0,,,,,1.98,43.9,VERIFIED
rep_0172,usr_022,0.45,"Kochi, Kerala",west,high-waves,High,കടലാക്രമണം ശക്തമായി.,ml,9.944572,76.249884,22.85,2025-08-18T13:36:02.517567,2025-08-18T15:27:02.517567,6660,1,9.948578,76.255393,,,2.47,28.1,VERIFIED
rep_0173,usr_026,0.6,"Panaji, Goa",west,coastal-erosion,High,"Observed water activity near coast in Panaji, Goa.",hi,15.406616,73.779357,52.64,2025-08-17T19:00:00,2025-08-17T20:40:00,6000,0,,,https://example.com/media_172.jpg,cbc11e989e55170b2d87513abd8fa8bd49b75f62a0cbc45130fa7431875ba0e6,1.63,33.9,VERIFIED
rep_0174,usr_043,0.6,"Digha, West Bengal",east,tsunami,High,আজকে আবহাওয়া খুব ভালো।,bn,21.732953,87.621945,12.7,2025-08-15T18:00:00,2025-08-15T20:03:00,7380,0,,,https://example.com/media_173.jpg,d07919025459b9acdfbd679ca6888b44e4e7b6bfe1ab4a844afd4e9438c42d39,1.01,15.0,REJECTED
rep_0175,usr_038,0.6,"Kochi, Kerala",west,high-waves,High,Dangerous rough waves exceeding 4 meters breaching sea wall near fishing jetty.,en,9.939447,76.26626,16.61,2025-08-18T15:17:40.750983,2025-08-18T15:38:40.750983,1260,0,,,https://example.com/media_174.jpg,dafcf9dc737f0c2366e69d5f89c798c1f5b759cfd9b5bb1a654163930acfd1f2,2.25,45.4,VERIFIED
rep_0176,usr_037,0.45,"Puri, Odisha",east,high-waves,Moderate,ସମୁଦ୍ରରେ ୪ ମିଟରରୁ ଅଧିକ ଉଚ୍ଚ ଲହଡ଼ି ମାଡ଼ି ଆସୁଛି ।,or,19.812359,85.827241,83.26,2025-08-17T00:58:41.753994,2025-08-17T02:11:41.753994,4380,0,,,https://example.com/media_175.jpg,9ead7ece9e77aebb17cf06ffc97510afc44d061876f318d72be32b801d4b7e1f,2.8,43.2,VERIFIED
rep_0177,usr_041,0.45,"Panaji, Goa",west,coastal-erosion,Moderate,समुद्र किनारे होटल बुकिंग के लिए संपर्क करें।,hi,15.699798,73.909061,11.77,2025-08-15T09:00:00,2025-08-15T09:12:00,720,0,,,,,1.08,18.0,REJECTED
rep_0178,usr_023,0.6,"Kochi, Kerala",west,flood,Moderate,ബീച്ചിൽ നല്ല കാലാവസ്ഥ.,ml,10.147101,76.429951,3.55,2025-08-17T14:00:00,2025-08-17T15:18:00,4680,0,,,https://example.com/media_177.jpg,f128d1d6bf80cea67b7fbde68b2e8fe8dbe072853c22a6a9bade9088e95952bb,0.87,17.9,REJECTED
rep_0179,usr_026,0.6,"Kozhikode, Kerala",west,flood,Severe,കടൽക്ഷോഭത്തെ തുടർന്ന് വീടുകളിൽ വെള്ളം കയറി.,ml,11.24382,75.76508,16.79,2025-08-16T20:33:20.645810,2025-08-16T21:15:20.645810,2520,1,11.239941,75.769392,https://example.com/media_178.jpg,820900a22addeee018b6533dca3305909357bcc2bbbb0609659a2add191be4ac,3.79,62.9,VERIFIED
rep_0180,usr_008,0.88,"Kochi, Kerala",west,high-waves,Moderate,तटीय क्षेत्र में 4 मीटर से ऊंची खतरनाक लहरें उठ रही हैं।,hi,9.952169,76.287073,11.02,2025-08-18T03:52:49.562337,2025-08-18T04:00:49.562337,480,0,,,https://example.com/media_179.jpg,13a7b4d0bbc3bc0dc7bcd2c82f51576efa89e79fa8328921e3daa771291adb9f,2.08,52.5,VERIFIED
rep_0181,usr_034,0.2,"Porbandar, Gujarat",west,storm-surge,Low,હોટેલ અને બીચ ટૂર માટે સંપર્ક કરો.,gu,21.640903,69.632021,5.49,2025-08-15T21:00:00,2025-08-16T01:22:00,15720,0,,,https://example.com/media_180.jpg,1db92675dccf9c9d1e7fd9faf72d4681bffb9094ed49b1959c7aebf17499492e,0.4,20.1,REJECTED
rep_0182,usr_007,0.45,"Digha, West Bengal",east,storm-surge,Low,দীঘা সমুদ্র সৈকত হোটেল বুকিং ডিসকাউন্ট।,bn,21.600096,87.514785,3.6,2025-08-18T21:00:00,2025-08-18T23:50:00,10200,0,,,,,1.17,15.4,REJECTED
rep_0183,usr_003,0.6,"Mumbai, Maharashtra",west,flood,Severe,"Observed water activity near coast in Mumbai, Maharashtra.",mr,18.891816,72.890715,58.2,2025-08-17T02:00:00,2025-08-17T02:38:00,2280,0,,,https://example.com/media_182.jpg,94de68c412fcbb4ad6809c7a4ec3946a7fd0d76f1c0fc02b4df5d67ee1cde2b0,1.64,29.8,VERIFIED
rep_0184,usr_018,0.6,"Paradip, Odisha",east,high-waves,Severe,"Observed water activity near coast in Paradip, Odisha.",or,20.329886,86.570113,51.88,2025-08-16T03:00:00,2025-08-16T03:28:00,1680,0,,,https://example.com/media_183.jpg,14d6b37053c6e3dd3eea854e91d118d9c13c35cba3553a84b69331c7708e1e76,1.62,25.8,REJECTED
rep_0185,usr_044,0.6,"Mangalore, Karnataka",west,flood,High,Hotel discount booking promotion near seaside.,en,12.916605,74.842482,180.79,2025-08-17T11:00:00,2025-08-17T14:55:00,14100,0,,,,,0.83,17.3,REJECTED
rep_0186,usr_044,0.6,"Visakhapatnam, Andhra Pradesh",east,storm-surge,Severe,తీరప్రాంత రక్షణ గోడ దెబ్బతింది.,te,17.642199,83.20043,13.66,2025-08-18T06:04:52.184394,2025-08-18T06:47:52.184394,2580,0,,,https://example.com/media_185.jpg,efefb590109d86f1b6947239578e0d10cb44fcb755f420cb1e277257b78d4c28,2.98,45.2,VERIFIED
rep_0187,usr_005,0.45,"Puri, Odisha",east,high-waves,Severe,"Observed water activity near coast in Puri, Odisha.",or,19.818047,85.910572,22.01,2025-08-16T13:00:00,2025-08-16T13:25:00,1500,0,,,https://example.com/media_186.jpg,4b50e25e2ab8b12c2a35776828c67d61e706c4c6fd20842fe433ca2c42b2aa8e,1.59,30.2,REJECTED
rep_0188,usr_032,0.45,"Puri, Odisha",east,high-waves,Moderate,ସମୁଦ୍ରରେ ୪ ମିଟରରୁ ଅଧିକ ଉଚ୍ଚ ଲହଡ଼ି ମାଡ଼ି ଆସୁଛି ।,or,19.837004,85.832831,90.34,2025-08-17T13:54:43.585480,2025-08-17T20:47:43.585480,24780,1,19.829878,85.83056,https://example.com/media_187.jpg,0f2158218cd617edbf666a96e608e01b371efc5f8f4930a44d14772164f8ad48,2.98,37.5,VERIFIED
rep_0189,usr_022,0.45,"Chennai, Tamil Nadu",east,tsunami,Moderate,சுற்றுலா படகு சவாரி மற்றும் விடுதி முன்பதிவு.,ta,13.080724,80.261406,4.17,2025-08-16T20:00:00,2025-08-17T00:50:00,17400,0,,,https://example.com/media_188.jpg,4857c6494ad54a6c0e90b68b042ac1904b364e842111b048b695b65db3a5d024,0.72,19.5,REJECTED
rep_0190,usr_046,0.6,"Surat, Gujarat",west,flood,Severe,દરિયાના પાણી નીચાણવાળા વિસ્તારોમાં ઘૂસી ગયા છે.,gu,21.102834,72.628587,12.86,2025-08-15T16:32:13.906095,2025-08-15T16:55:13.906095,1380,1,21.10408,72.622357,https://example.com/media_189.jpg,a4fc1995bd526ccbb0ad2ef24fde38d11dea0bd03c26be8809b0f348ebb17a07,2.25,68.2,VERIFIED
rep_0191,usr_048,0.6,"Kozhikode, Kerala",west,flood,High,കടൽക്ഷോഭത്തെ തുടർന്ന് വീടുകളിൽ വെള്ളം കയറി.,ml,11.221136,75.786448,20.62,2025-08-16T13:39:24.708161,2025-08-16T15:31:24.708161,6720,0,,,https://example.com/media_190.jpg,e9769e29c608f26c444ebde8cd9752eef9fbc52202aec388ddf1a4c84d8c28db,3.94,80.2,VERIFIED
rep_0192,usr_022,0.45,"Kochi, Kerala",west,high-waves,High,തീരത്ത് 4 മീറ്ററിലധികം ഉയരമുള്ള ശക്തമായ തിരമാലകൾ അടിച്ചു കയറുന്നു.,ml,9.948346,76.277119,19.97,2025-08-18T05:13:07.214624,2025-08-18T11:09:07.214624,21360,1,9.945962,76.269542,https://example.com/media_191.jpg,dd9a3ef3d71d15f3693b49f891b13e3cf12f19830f6c4f8c9bca7c7e693746e1,2.81,37.2,VERIFIED
rep_0193,usr_049,0.6,"Kozhikode, Kerala",west,tsunami,Low,റിസോർട്ട് ബുക്കിംഗിന് വിളിക്കുക.,ml,11.245404,75.774031,11.97,2025-08-18T01:00:00,2025-08-18T02:04:00,3840,0,,,https://example.com/media_192.jpg,4857c6494ad54a6c0e90b68b042ac1904b364e842111b048b695b65db3a5d024,1.16,22.1,REJECTED
rep_0194,usr_049,0.6,"Porbandar, Gujarat",west,storm-surge,Low,વાવાઝોડાના કારણે દરિયાઈ મોજાનું જોર અતિશય વધી ગયું છે.,gu,21.648723,69.643711,9.08,2025-08-18T11:09:34.085676,2025-08-18T11:31:34.085676,1320,0,,,https://example.com/media_193.jpg,6f8178953b6d7577ba6fed79fa1c4c45e05572399b70f4c66e68f49e91f5582e,2.93,65.7,VERIFIED
rep_0195,usr_025,0.2,"Panaji, Goa",west,coastal-erosion,High,"Observed water activity near coast in Panaji, Goa.",en,15.500648,73.825675,49.75,2025-08-17T15:00:00,2025-08-17T15:43:00,2580,0,,,https://example.com/media_194.jpg,70513aee001d2f029fe6255e3e253f650b44051f94b0f324941629898bd19bf1,1.72,36.2,REJECTED
rep_0196,usr_035,0.6,"Kakinada, Andhra Pradesh",east,tsunami,Severe,వాతావరణం చాలా ప్రశాంతంగా ఉంది.,te,17.264827,82.379744,14.8,2025-08-16T16:00:00,2025-08-16T17:16:00,4560,1,17.459198,82.540006,https://example.com/media_195.jpg,4857c6494ad54a6c0e90b68b042ac1904b364e842111b048b695b65db3a5d024,0.44,14.2,REJECTED
rep_0197,usr_010,0.88,"Mumbai, Maharashtra",west,flood,Low,बीच रिसॉर्ट बुकिंगसाठी आजच कॉल करा.,mr,18.907858,72.824843,174.9,2025-08-16T23:00:00,2025-08-17T03:39:00,16740,0,,,,,0.9,11.1,REJECTED
rep_0198,usr_011,0.6,"Panaji, Goa",west,tsunami,Moderate,मौसम साफ और धूप खिली है।,hi,15.496824,73.831662,6.98,2025-08-18T06:00:00,2025-08-18T06:14:00,840,0,,,https://example.com/media_197.jpg,f3c2623db0185d8913bc26112d94931678e9313acc6168a68c0b8f2d3a5fb783,1.08,18.0,REJECTED
rep_0199,usr_044,0.6,"Digha, West Bengal",east,high-waves,Severe,"Observed water activity near coast in Digha, West Bengal.",en,21.689005,87.470986,35.44,2025-08-17T06:00:00,2025-08-17T07:20:00,4800,0,,,,,1.37,36.8,REJECTED
rep_0200,usr_019,0.45,"Visakhapatnam, Andhra Pradesh",east,flood,Low,తీరప్రాంత రహదారులు వరద నీటితో జలమయం.,te,17.680322,83.208529,20.47,2025-08-18T06:59:04.026646,2025-08-18T07:25:04.026646,1560,0,,,https://example.com/media_199.jpg,2fbaf5c331d2edaa983af1788c5054aea2bc1708ba89744f158c6fcef0da1cf7,3.52,65.9,VERIFIED
rep_0201,usr_010,0.88,"Mumbai, Maharashtra",west,coastal-erosion,Severe,बीच रिसॉर्ट बुकिंगसाठी आजच कॉल करा.,mr,18.925791,72.83562,6.02,2025-08-17T16:00:00,2025-08-17T19:37:00,13020,0,,,,,1.22,16.1,REJECTED
rep_0202,usr_035,0.6,"Mumbai, Maharashtra",west,tsunami,Moderate,बीच रिसॉर्ट बुकिंगसाठी आजच कॉल करा.,mr,19.203407,72.92699,97.23,2025-08-16T19:00:00,2025-08-16T22:54:00,14040,0,,,https://example.com/media_201.jpg,a6bacb86c3158ef4434a1c880730988dad561b2e1d5ea20d8aed9bdae746be53,1.02,19.1,REJECTED
rep_0203,usr_026,0.6,"Kochi, Kerala",west,flood,High,കടൽക്ഷോഭത്തെ തുടർന്ന് വീടുകളിൽ വെള്ളം കയറി.,ml,9.922122,76.301653,22.34,2025-08-18T03:58:07.864287,2025-08-18T04:04:07.864287,360,0,,,,,3.18,42.8,VERIFIED
rep_0204,usr_048,0.6,"Alibaug, Maharashtra",west,flood,High,उधाणाचे पाणी गावातील घरांमध्ये शिरले असून रस्ते पाण्याखाली गेले आहेत.,mr,18.658176,72.855472,68.4,2025-08-17T18:32:18.028161,2025-08-17T21:22:18.028161,10200,0,,,https://example.com/media_203.jpg,8532534c487d683489853a3e43737be217d8759d1b189bf4a1dd090e9d3edc23,3.25,68.7,VERIFIED
rep_0205,usr_047,0.88,"Puri, Odisha",east,storm-surge,Low,चक्रवाती हवाओं के साथ समुद्र में भारी जल स्तर वृद्धि।,hi,19.824397,85.857897,111.95,2025-08-17T02:48:28.203475,2025-08-17T03:11:28.203475,1380,0,,,https://example.com/media_204.jpg,86541a19cd20f137b28fc234d00e2f5faa3c9bd5ae7245c4bbacb1c720f8fcaa,1.63,43.5,VERIFIED
rep_0206,usr_015,0.6,"Surat, Gujarat",west,flood,Low,Tidal seawater inundating low-lying residential houses near beach.,en,21.093563,72.660168,14.6,2025-08-15T11:31:31.956444,2025-08-15T11:40:31.956444,540,1,21.09428,72.655603,https://example.com/media_205.jpg,102c776661980a03be03a5cc27478e6a6590c60f06d2ab8acedf37c81165a92d,3.1,56.2,VERIFIED
rep_0207,usr_041,0.45,"Mumbai, Maharashtra",west,tsunami,Moderate,Hotel discount booking promotion near seaside.,en,18.922832,72.827833,6.13,2025-08-17T09:00:00,2025-08-17T11:04:00,7440,0,,,,,0.99,12.2,REJECTED
rep_0208,usr_033,0.6,"Digha, West Bengal",east,storm-surge,Moderate,প্রচণ্ড জলোচ্ছ্বাস শুরু হয়েছে।,bn,21.586279,87.488283,21.13,2025-08-17T13:30:28.917269,2025-08-17T20:37:28.917269,25620,0,,,https://example.com/media_207.jpg,b586578ff0794e0806ddef74b297a820a834fae1e193272aee5e4ceffaae5d60,1.58,71.2,VERIFIED
rep_0209,usr_024,0.88,"Visakhapatnam, Andhra Pradesh",east,flood,High,తీరప్రాంత రహదారులు వరద నీటితో జలమయం.,te,17.684228,83.246147,14.39,2025-08-18T15:36:54.216645,2025-08-18T16:04:54.216645,1680,1,17.694985,83.249378,https://example.com/media_208.jpg,ffacf7cdd78bdd8817de11e94290685eaf10246acc9400f22f9d32645cae10df,3.17,45.7,VERIFIED
rep_0210,usr_005,0.45,"Chennai, Tamil Nadu",east,storm-surge,High,சுற்றுலா படகு சவாரி மற்றும் விடுதி முன்பதிவு.,ta,13.407655,80.49012,13.41,2025-08-16T00:00:00,2025-08-16T03:55:00,14100,0,,,https://example.com/media_209.jpg,858b9e39a3a6b8954cbe9f29a4753ede0c748b08facfd12f70d5a324f3e19ac6,0.94,17.5,REJECTED
rep_0211,usr_012,0.6,"Porbandar, Gujarat",west,high-waves,Moderate,દરિયામાં ૪ મીટરથી વધુ ઊંચા મોજા ઉછળી રહ્યા છે.,gu,21.64234,69.62819,21.22,2025-08-18T01:54:08.757639,2025-08-18T02:12:08.757639,1080,0,,,https://example.com/media_210.jpg,b1a64f0b6359b0866b13667008adb4b3f61e8596ea8bb44c04bd6fddd723b1ab,3.25,63.2,VERIFIED
rep_0212,usr_003,0.6,"Digha, West Bengal",east,tsunami,Severe,আজকে আবহাওয়া খুব ভালো।,bn,21.751512,87.836461,7.87,2025-08-16T19:00:00,2025-08-16T19:53:00,3180,0,,,,,1.19,20.9,REJECTED
rep_0213,usr_027,0.88,"Porbandar, Gujarat",west,high-waves,Moderate,જેટી પાસે ભારે મોજાના કારણે નુકસાન.,gu,21.649816,69.626565,10.29,2025-08-18T03:08:11.933409,2025-08-18T03:25:11.933409,1020,0,,,https://example.com/media_212.jpg,b7ba80d1101e363eff6a4f0a83994652f9eb323f8abe8d12c9da269abd6447f1,2.95,65.6,VERIFIED
rep_0214,usr_012,0.6,"Mangalore, Karnataka",west,tsunami,Low,Hotel discount booking promotion near seaside.,en,12.922956,74.847445,54.91,2025-08-18T21:00:00,2025-08-19T00:50:00,13800,0,,,,,0.89,10.0,REJECTED
rep_0215,usr_028,0.88,"Porbandar, Gujarat",west,coastal-erosion,Low,આજે દરિયાકિનારે રમવાની મજા આવી.,gu,21.631908,69.638353,161.85,2025-08-16T12:00:00,2025-08-16T12:52:00,3120,0,,,https://example.com/media_214.jpg,4857c6494ad54a6c0e90b68b042ac1904b364e842111b048b695b65db3a5d024,0.52,17.2,REJECTED
rep_0216,usr_001,0.6,"Nagapattinam, Tamil Nadu",east,tsunami,Severe,கடற்கரையில் இனிமையான காற்று வீசுகிறது.,ta,10.849142,80.099127,90.54,2025-08-18T03:00:00,2025-08-18T06:46:00,13560,0,,,https://example.com/media_215.jpg,f95d96446fca6ee796f6b846632205250b1dabc21a004f078b5dcda89679bef3,0.99,13.8,REJECTED
rep_0217,usr_027,0.88,"Chennai, Tamil Nadu",east,tsunami,Moderate,Hotel discount booking promotion near seaside.,en,13.073978,80.279964,6.68,2025-08-18T19:00:00,2025-08-18T20:10:00,4200,0,,,,,1.06,22.8,REJECTED
rep_0218,usr_033,0.6,"Surat, Gujarat",west,flood,Severe,ભરતીના પાણીથી રસ્તાઓ જળબંબાકાર.,gu,21.121391,72.610657,6.04,2025-08-15T09:47:35.758334,2025-08-15T10:00:35.758334,780,1,21.116642,72.60521,,,2.56,60.7,VERIFIED
rep_0219,usr_034,0.2,"Kochi, Kerala",west,tsunami,Moderate,റിസോർട്ട് ബുക്കിംഗിന് വിളിക്കുക.,ml,10.220074,76.394623,3.13,2025-08-18T11:00:00,2025-08-18T15:31:00,16260,0,,,,,0.87,12.9,REJECTED
rep_0220,usr_024,0.88,"Porbandar, Gujarat",west,high-waves,High,આજે દરિયાકિનારે રમવાની મજા આવી.,gu,21.648569,69.63347,11.04,2025-08-15T18:00:00,2025-08-15T22:51:00,17460,0,,,https://example.com/media_219.jpg,4857c6494ad54a6c0e90b68b042ac1904b364e842111b048b695b65db3a5d024,0.41,20.6,REJECTED
rep_0221,usr_013,0.88,"Puri, Odisha",east,tsunami,Moderate,ସମୁଦ୍ର ପାଣି ହଠାତ୍ ପଛକୁ ହଟି ଯାଇଛି ।,or,19.816575,85.837201,16.17,2025-08-17T01:53:46.227647,2025-08-17T04:50:46.227647,10620,0,,,https://example.com/media_220.jpg,3d178be9af3f9948f5fb25f41a3089ca14e4090cbb92d9a1f10b5c6a2394776c,2.73,46.6,VERIFIED
rep_0222,usr_050,0.6,"Mangalore, Karnataka",west,coastal-erosion,High,Sunny clear weather at beach having fun with friends.,en,12.921523,74.847256,7.59,2025-08-17T11:00:00,2025-08-17T14:10:00,11400,0,,,https://example.com/media_221.jpg,6b1ec54739389eddf83629613fbf825b1c4c0bc0f17c7a963fff159df5b61337,1.03,22.0,REJECTED
rep_0223,usr_006,0.45,"Surat, Gujarat",west,flood,Moderate,દરિયાના પાણી નીચાણવાળા વિસ્તારોમાં ઘૂસી ગયા છે.,gu,21.116157,72.629683,14.53,2025-08-15T13:29:27.578628,2025-08-15T14:59:27.578628,5400,1,21.118651,72.627731,,,2.78,42.8,VERIFIED
rep_0224,usr_023,0.6,"Surat, Gujarat",west,high-waves,Severe,Hotel discount booking promotion near seaside.,en,21.215192,72.984861,3.08,2025-08-16T23:00:00,2025-08-17T03:22:00,15720,0,,,,,1.16,15.6,REJECTED
rep_0225,usr_049,0.6,"Kochi, Kerala",west,high-waves,Moderate,തീരത്ത് 4 മീറ്ററിലധികം ഉയരമുള്ള ശക്തമായ തിരമാലകൾ അടിച്ചു കയറുന്നു.,ml,9.934552,76.251301,13.46,2025-08-18T17:17:38.339667,2025-08-18T17:36:38.339667,1140,0,,,https://example.com/media_224.jpg,a1239c8eaf7f7db7447b4aa505f0303463b4f84e2352cacfbf8e2761ab8a1cbc,1.59,54.6,VERIFIED
rep_0226,usr_007,0.45,"Alibaug, Maharashtra",west,flood,Moderate,उधाणाचे पाणी गावातील घरांमध्ये शिरले असून रस्ते पाण्याखाली गेले आहेत.,mr,18.634107,72.867473,10.39,2025-08-17T17:21:09.876774,2025-08-17T19:26:09.876774,7500,0,,,https://example.com/media_225.jpg,17c23e39c3aa49221bc51ce3f9b1349a3f4edfdfd244d44e11802ef18d43983e,2.9,68.5,VERIFIED
rep_0227,usr_044,0.6,"Porbandar, Gujarat",west,flood,Severe,"Observed water activity near coast in Porbandar, Gujarat.",gu,21.654432,69.59329,54.25,2025-08-17T19:00:00,2025-08-17T20:58:00,7080,0,,,https://example.com/media_226.jpg,38e71d42d73a2007717444761294820536d28f33b551c428f4a095b470ba5bd2,1.68,34.6,REJECTED
rep_0228,usr_041,0.45,"Alibaug, Maharashtra",west,flood,High,समुद्राचे पाणी सखल भागात भरले.,mr,18.617838,72.901742,12.97,2025-08-17T19:02:20.031716,2025-08-17T19:21:20.031716,1140,0,,,https://example.com/media_227.jpg,b8f41a3fadbd0e95c105afea93dc4878086bd5843cb1cbe47c2b90041ea97f8a,2.91,52.5,VERIFIED
rep_0229,usr_008,0.88,"Alibaug, Maharashtra",west,tsunami,Severe,Abnormal sudden withdrawal of sea water observed followed by rising wave wall.,en,18.634044,72.902158,8.49,2025-08-17T19:53:31.953545,2025-08-17T20:00:31.953545,420,0,,,https://example.com/media_228.jpg,8760d47ce0dc152d3f7322bed70814fb252bbce4dfebaf16ca9e9f50fdf913b3,2.42,52.7,VERIFIED
rep_0230,usr_037,0.45,"Panaji, Goa",west,high-waves,Low,Hotel discount booking promotion near seaside.,en,15.663679,73.99244,153.67,2025-08-17T05:00:00,2025-08-17T09:36:00,16560,0,,,https://example.com/media_229.jpg,4857c6494ad54a6c0e90b68b042ac1904b364e842111b048b695b65db3a5d024,1.2,21.7,REJECTED
rep_0231,usr_016,0.6,"Kochi, Kerala",west,high-waves,Moderate,तटीय क्षेत्र में 4 मीटर से ऊंची खतरनाक लहरें उठ रही हैं।,hi,9.939474,76.281284,143.68,2025-08-18T13:58:48.524179,2025-08-18T14:05:48.524179,420,1,9.945953,76.283562,https://example.com/media_230.jpg,74fae625cba880d8df7c07c99b2dc61bdc87dc8f69b8087d4935013e82d68793,2.4,41.6,VERIFIED
rep_0232,usr_011,0.6,"Kozhikode, Kerala",west,flood,High,തീരദേശ റോഡുകൾ വെള്ളത്തിനടിയിലായി.,ml,11.217696,75.810373,14.34,2025-08-17T03:10:32.801212,2025-08-17T04:25:32.801212,4500,0,,,,,3.26,65.9,VERIFIED
rep_0233,usr_031,0.45,"Chennai, Tamil Nadu",east,flood,Low,"Observed water activity near coast in Chennai, Tamil Nadu.",ta,13.055959,80.280927,30.39,2025-08-16T00:00:00,2025-08-16T00:59:00,3540,0,,,https://example.com/media_232.jpg,5373a422dd1ae26914b25b609e475295c5aeac82cfb3a7e14676e9a5df2fa29d,1.2,35.6,VERIFIED
rep_0234,usr_032,0.45,"Puri, Odisha",east,coastal-erosion,Moderate,Hotel discount booking promotion near seaside.,en,20.100285,86.12665,12.56,2025-08-16T14:00:00,2025-08-16T15:33:00,5580,0,,,https://example.com/media_233.jpg,e974480fc80c7446027bcbd24e6f2ed719b71804c418d8c8459f0442e21bbb17,1.19,16.6,REJECTED
rep_0235,usr_028,0.88,"Visakhapatnam, Andhra Pradesh",east,flood,Severe,తీరప్రాంత రహదారులు వరద నీటితో జలమయం.,te,17.681027,83.177866,10.44,2025-08-18T04:57:30.583216,2025-08-18T06:41:30.583216,6240,0,,,https://example.com/media_234.jpg,1d4b5ac70c99d304b9d71ae19976351c04ace01857e4d565cf7ddfe346bb7350,3.31,60.1,VERIFIED
rep_0236,usr_002,0.88,"Porbandar, Gujarat",west,high-waves,Severe,જેટી પાસે ભારે મોજાના કારણે નુકસાન.,gu,21.631867,69.63522,76.92,2025-08-18T07:53:03.955047,2025-08-18T10:10:03.955047,8220,0,,,https://example.com/media_235.jpg,d6147618b7786a6953232c0843496e511a66bc2a8a53b4602d60907f668b9faf,3.62,67.0,VERIFIED
rep_0237,usr_003,0.6,"Kozhikode, Kerala",west,high-waves,Severe,Sunny clear weather at beach having fun with friends.,en,11.262041,75.779384,51.42,2025-08-15T08:00:00,2025-08-15T09:12:00,4320,0,,,https://example.com/media_236.jpg,300f8d2d1e1a92f77951d4e7f48e186717071a2c9bd0ac0c835347cbc858c9c4,1.16,22.3,REJECTED
rep_0238,usr_003,0.6,"Visakhapatnam, Andhra Pradesh",east,flood,High,సముద్రపు నీరు గ్రామంలోకి ప్రవేశించి ఇళ్లను ముంచెత్తింది.,te,17.675707,83.180025,14.46,2025-08-18T04:35:26.170146,2025-08-18T04:57:26.170146,1320,0,,,https://example.com/media_237.jpg,41b75740109ae49add61456d14421fb924217381d15dfc7d21bf16f8964b7fe1,3.03,65.1,VERIFIED
rep_0239,usr_043,0.6,"Porbandar, Gujarat",west,flood,Severe,"Observed water activity near coast in Porbandar, Gujarat.",gu,21.623866,69.609599,26.69,2025-08-15T08:00:00,2025-08-15T08:20:00,1200,0,,,https://example.com/media_238.jpg,32c801c21312d64c21dcf4529b3ba4cee698759989b20b6446d46d593e10be1d,1.27,35.3,VERIFIED
rep_0240,usr_010,0.88,"Kozhikode, Kerala",west,high-waves,High,റിസോർട്ട് ബുക്കിംഗിന് വിളിക്കുക.,ml,11.473778,76.045605,14.64,2025-08-18T03:00:00,2025-08-18T04:04:00,3840,0,,,https://example.com/media_239.jpg,4857c6494ad54a6c0e90b68b042ac1904b364e842111b048b695b65db3a5d024,0.72,12.3,REJECTED
rep_0241,usr_029,0.45,"Kakinada, Andhra Pradesh",east,flood,Severe,వాతావరణం చాలా ప్రశాంతంగా ఉంది.,te,17.171098,82.523088,3.47,2025-08-18T07:00:00,2025-08-18T08:45:00,6300,0,,,,,0.89,17.4,REJECTED
rep_0242,usr_039,0.45,"Porbandar, Gujarat",west,high-waves,Moderate,જેટી પાસે ભારે મોજાના કારણે નુકસાન.,gu,21.653797,69.651868,12.34,2025-08-18T12:58:05.873593,2025-08-18T14:50:05.873593,6720,1,21.651271,69.64889,https://example.com/media_241.jpg,997ea8f3c94b843f0e6aebbe5587773b4d07d3d506ac24dad1dc0b867e68e448,4.57,64.4,VERIFIED
rep_0243,usr_032,0.45,"Porbandar, Gujarat",west,high-waves,High,तटीय क्षेत्र में 4 मीटर से ऊंची खतरनाक लहरें उठ रही हैं।,hi,21.631778,69.663714,102.32,2025-08-18T00:46:39.232415,2025-08-18T01:09:39.232415,1380,1,21.632854,69.6619,,,3.76,71.3,VERIFIED
rep_0244,usr_046,0.6,"Digha, West Bengal",east,storm-surge,Low,প্রচণ্ড জলোচ্ছ্বাস শুরু হয়েছে।,bn,21.641448,87.47478,21.64,2025-08-17T22:07:10.178688,2025-08-17T22:13:10.178688,360,1,21.639016,87.47188,https://example.com/media_243.jpg,24c1a794f5ad9d446d6410d74311cb4b5b737ab76d63614bb1781c9fcb250e1a,2.84,62.5,VERIFIED
rep_0245,usr_034,0.2,"Alibaug, Maharashtra",west,flood,High,"Observed water activity near coast in Alibaug, Maharashtra.",en,18.622339,72.868357,41.05,2025-08-18T06:00:00,2025-08-18T07:08:00,4080,0,,,https://example.com/media_244.jpg,a31dfcbcf9cf48e12e9c9d3e0f0c8679f7b23380bcc21e5176b2b3fed9dbc5be,1.58,27.3,VERIFIED
rep_0246,usr_045,0.88,"Visakhapatnam, Andhra Pradesh",east,coastal-erosion,High,Hotel discount booking promotion near seaside.,en,17.689949,83.223965,7.05,2025-08-16T23:00:00,2025-08-17T03:51:00,17460,0,,,,,0.8,15.3,REJECTED
rep_0247,usr_041,0.45,"Surat, Gujarat",west,flood,Low,ભરતીના પાણીથી રસ્તાઓ જળબંબાકાર.,gu,21.106113,72.650147,12.5,2025-08-15T17:38:18.311562,2025-08-15T17:43:18.311562,300,0,,,https://example.com/media_246.jpg,fd7b6f74b33687c4768789be8c08ea52ad07d3f8c3b78ed6369da32c4be7389c,2.88,65.6,VERIFIED
rep_0248,usr_015,0.6,"Visakhapatnam, Andhra Pradesh",east,high-waves,High,సముద్రంలో 4 మీటర్ల ఎత్తున అలలు ఎగసిపడుతున్నాయి.,te,17.678976,83.156599,23.38,2025-08-18T10:26:42.638205,2025-08-18T10:35:42.638205,540,0,,,https://example.com/media_247.jpg,16cd703c167ce3d61e7ae52582cda26473bb7b23b095b67717fde564292763f2,3.14,53.4,VERIFIED
rep_0249,usr_006,0.45,"Nagapattinam, Tamil Nadu",east,coastal-erosion,Low,கடற்கரையில் இனிமையான காற்று வீசுகிறது.,ta,10.768014,79.846325,8.79,2025-08-15T19:00:00,2025-08-15T21:43:00,9780,0,,,,,1.03,22.3,REJECTED
rep_0250,usr_050,0.6,"Kozhikode, Kerala",west,storm-surge,High,റിസോർട്ട് ബുക്കിംഗിന് വിളിക്കുക.,ml,11.237661,75.789658,12.24,2025-08-18T15:00:00,2025-08-18T18:25:00,12300,0,,,,,1.24,19.5,REJECTED
rep_0251,usr_010,0.88,"Alibaug, Maharashtra",west,flood,Low,समुद्राचे पाणी सखल भागात भरले.,mr,18.626961,72.88363,12.86,2025-08-17T15:03:27.044507,2025-08-17T17:34:27.044507,9060,1,18.623041,72.880961,https://example.com/media_250.jpg,1761979be68835d7407c6d5e542c9428c5e29284c784c5876ff4f785c3333c3d,2.57,68.6,VERIFIED
rep_0252,usr_028,0.88,"Porbandar, Gujarat",west,high-waves,High,જેટી પાસે ભારે મોજાના કારણે નુકસાન.,gu,21.631193,69.639606,16.43,2025-08-18T03:47:33.459477,2025-08-18T04:05:33.459477,1080,0,,,,,3.22,61.6,VERIFIED
rep_0253,usr_021,0.45,"Alibaug, Maharashtra",west,flood,Moderate,Tidal seawater inundating low-lying residential houses near beach.,en,18.642644,72.879882,17.32,2025-08-17T20:32:43.351300,2025-08-17T22:37:43.351300,7500,0,,,https://example.com/media_252.jpg,cdb1fbfb71ded8ba9995d620e7c650dac7d13b6d229c7bb4f43cf27e4aca576d,2.78,62.8,VERIFIED
rep_0254,usr_010,0.88,"Paradip, Odisha",east,high-waves,High,"Observed water activity near coast in Paradip, Odisha.",or,20.286532,86.656543,32.2,2025-08-16T10:00:00,2025-08-16T10:41:00,2460,0,,,,,1.4,34.6,VERIFIED
rep_0255,usr_040,0.6,"Porbandar, Gujarat",west,high-waves,Low,तटीय क्षेत्र में 4 मीटर से ऊंची खतरनाक लहरें उठ रही हैं।,hi,21.634834,69.621081,15.54,2025-08-18T16:00:47.436051,2025-08-18T18:09:47.436051,7740,1,21.637323,69.622069,https://example.com/media_254.jpg,c129a2290b2630a841acea47abea0228cc94ede77082c28fa18e70ab56d8ac87,3.52,71.4,VERIFIED
rep_0256,usr_042,0.88,"Surat, Gujarat",west,flood,Severe,ભરતીના પાણીથી રસ્તાઓ જળબંબાકાર.,gu,21.0726,72.674202,81.55,2025-08-15T13:07:18.754894,2025-08-15T13:34:18.754894,1620,0,,,https://example.com/media_255.jpg,301da76f29e8a91b9463faca03d44c9e3a3ac09d666ba3672db65c3171857a24,3.46,67.5,VERIFIED
rep_0257,usr_011,0.6,"Kozhikode, Kerala",west,flood,Moderate,തീരദേശ റോഡുകൾ വെള്ളത്തിനടിയിലായി.,ml,11.228595,75.798048,24.56,2025-08-17T02:14:47.160158,2025-08-17T02:19:47.160158,300,0,,,,,2.79,55.5,VERIFIED
rep_0258,usr_025,0.2,"Visakhapatnam, Andhra Pradesh",east,flood,High,Tidal seawater inundating low-lying residential houses near beach.,en,17.6536,83.19476,17.11,2025-08-18T05:56:00.725936,2025-08-18T06:23:00.725936,1620,1,17.657533,83.199043,https://example.com/media_257.jpg,ace63bce6de0f134dabcba464679f4f389b3e24131693847ac02757f5f1c7353,3.21,50.1,VERIFIED
rep_0259,usr_035,0.6,"Digha, West Bengal",east,storm-surge,Low,ঘূর্ণিঝড়ের প্রভাবে জলোচ্ছ্বাসে বাঁধ ভেঙে জল ঢুকছে।,bn,21.621744,87.479196,81.87,2025-08-17T22:30:13.605197,2025-08-18T00:10:13.605197,6000,0,,,,,1.85,84.5,VERIFIED
rep_0260,usr_040,0.6,"Nagapattinam, Tamil Nadu",east,storm-surge,Severe,கடற்கரையில் இனிமையான காற்று வீசுகிறது.,ta,10.75695,79.833661,3.31,2025-08-17T19:00:00,2025-08-17T22:21:00,12060,0,,,,,0.52,22.7,REJECTED
rep_0261,usr_011,0.6,"Visakhapatnam, Andhra Pradesh",east,flood,Low,ज्वार के कारण तटीय सड़कों पर पानी भर गया है।,hi,17.628295,83.232701,24.0,2025-08-18T10:08:59.974222,2025-08-18T12:43:59.974222,9300,1,17.627017,83.23033,https://example.com/media_260.jpg,b695514496b7989416eb435c60630bf407f23d7cb86ee832db60084b0aca4b07,3.89,72.8,VERIFIED
rep_0262,usr_025,0.2,"Kakinada, Andhra Pradesh",east,storm-surge,Low,వాతావరణం చాలా ప్రశాంతంగా ఉంది.,te,17.322668,82.481922,10.7,2025-08-15T12:00:00,2025-08-15T14:15:00,8100,0,,,https://example.com/media_261.jpg,6e03c75b07921949aa2e5c880a2f71cf2c4f39cca5cb20442e04bbd5330b5e5d,0.5,16.9,REJECTED
rep_0263,usr_034,0.2,"Puri, Odisha",east,high-waves,Moderate,ପୁରୀ ହୋଟେଲ ବୁକିଂ ପାଇଁ ଯୋଗାଯୋଗ କରନ୍ତୁ ।,or,20.01218,86.149987,85.75,2025-08-18T17:00:00,2025-08-18T21:01:00,14460,1,20.106343,86.337842,,,1.21,17.0,REJECTED
rep_0264,usr_045,0.88,"Chennai, Tamil Nadu",east,flood,Low,Sunny clear weather at beach having fun with friends.,en,13.250034,80.357426,13.76,2025-08-18T18:00:00,2025-08-18T19:33:00,5580,0,,,,,0.48,14.9,REJECTED
rep_0265,usr_029,0.45,"Alibaug, Maharashtra",west,flood,High,समुद्राचे पाणी सखल भागात भरले.,mr,18.61724,72.84623,17.24,2025-08-17T20:54:04.967397,2025-08-17T22:01:04.967397,4020,1,18.616101,72.845857,https://example.com/media_264.jpg,341ef879953335663d1a0e65b84d1ba8124210804c60f835093506485ae38acc,2.18,74.8,VERIFIED
rep_0266,usr_029,0.45,"Kochi, Kerala",west,flood,Severe,ബീച്ചിൽ നല്ല കാലാവസ്ഥ.,ml,10.046724,76.40207,80.5,2025-08-17T22:00:00,2025-08-18T00:11:00,7860,0,,,,,0.89,10.1,REJECTED
rep_0267,usr_006,0.45,"Kozhikode, Kerala",west,flood,Moderate,കടൽക്ഷോഭത്തെ തുടർന്ന് വീടുകളിൽ വെള്ളം കയറി.,ml,11.218744,75.767426,21.51,2025-08-17T01:24:29.631502,2025-08-17T01:38:29.631502,840,1,11.222218,75.772099,https://example.com/media_266.jpg,522c48fabb17506c8e75a2d3d1470ed564e57a9c12cc0d023a1ef9de38c080ff,3.97,57.7,VERIFIED
rep_0268,usr_040,0.6,"Visakhapatnam, Andhra Pradesh",east,tsunami,High,Sunny clear weather at beach having fun with friends.,en,17.662723,83.208584,97.63,2025-08-15T15:00:00,2025-08-15T18:48:00,13680,0,,,,,0.69,23.5,REJECTED
rep_0269,usr_008,0.88,"Kochi, Kerala",west,high-waves,Moderate,കടലാക്രമണം ശക്തമായി.,ml,9.922781,76.268859,55.82,2025-08-18T16:12:20.004823,2025-08-18T17:55:20.004823,6180,0,,,,,1.95,41.0,VERIFIED
rep_0270,usr_032,0.45,"Chennai, Tamil Nadu",east,coastal-erosion,Moderate,கடற்கரையில் இனிமையான காற்று வீசுகிறது.,ta,13.088545,80.283104,196.68,2025-08-16T09:00:00,2025-08-16T12:42:00,13320,0,,,https://example.com/media_269.jpg,4857c6494ad54a6c0e90b68b042ac1904b364e842111b048b695b65db3a5d024,0.96,11.8,REJECTED
rep_0271,usr_013,0.88,"Kochi, Kerala",west,high-waves,Moderate,കടലാക്രമണം ശക്തമായി.,ml,9.949931,76.268768,20.34,2025-08-18T05:04:27.577840,2025-08-18T07:36:27.577840,9120,1,9.947923,76.272247,https://example.com/media_270.jpg,f3c390c76ea357787cece16b4ab623272dc101d94c66df9783c13ed72cbcb137,3.08,37.9,VERIFIED
rep_0272,usr_035,0.6,"Digha, West Bengal",east,storm-surge,Low,Hotel discount booking promotion near seaside.,en,21.635595,87.486311,9.25,2025-08-18T08:00:00,2025-08-18T10:59:00,10740,0,,,,,0.9,10.3,REJECTED
rep_0273,usr_018,0.6,"Paradip, Odisha",east,flood,Low,"Observed water activity near coast in Paradip, Odisha.",en,20.358381,86.607074,53.7,2025-08-16T22:00:00,2025-08-16T23:45:00,6300,0,,,,,1.43,32.7,REJECTED
rep_0274,usr_006,0.45,"Puri, Odisha",east,storm-surge,High,ବାତ୍ୟା ଯୋଗୁଁ ସମୁଦ୍ରରେ ପ୍ରଳୟଙ୍କରୀ ଜୁଆର ମାଡ଼ି ଆସୁଛି ।,or,19.757322,85.851443,80.23,2025-08-17T06:10:14.162274,2025-08-17T06:31:14.162274,1260,1,19.758833,85.844672,,,2.18,40.7,VERIFIED
rep_0275,usr_007,0.45,"Porbandar, Gujarat",west,high-waves,High,દરિયામાં ૪ મીટરથી વધુ ઊંચા મોજા ઉછળી રહ્યા છે.,gu,21.663673,69.642525,7.32,2025-08-18T00:51:21.063349,2025-08-18T01:20:21.063349,1740,1,21.671144,69.644647,,,3.07,77.0,VERIFIED
rep_0276,usr_019,0.45,"Kochi, Kerala",west,high-waves,Severe,കടലാക്രമണം ശക്തമായി.,ml,9.938797,76.232258,8.15,2025-08-18T06:41:31.538822,2025-08-18T07:08:31.538822,1620,1,9.943745,76.230931,https://example.com/media_275.jpg,85b83528ee88812b17af929c6502077832bf01b78eaf48b9f74092d5b260f469,1.55,39.0,VERIFIED
rep_0277,usr_002,0.88,"Puri, Odisha",east,high-waves,Severe,ସମୁଦ୍ରରେ ୪ ମିଟରରୁ ଅଧିକ ଉଚ୍ଚ ଲହଡ଼ି ମାଡ଼ି ଆସୁଛି ।,or,19.809405,85.840946,8.58,2025-08-17T08:42:35.969098,2025-08-17T10:37:35.969098,6900,0,,,https://example.com/media_276.jpg,878143da93939d06a597ddcf5b1c0f574c683795983ca6953cf83f4bdd2c695f,2.68,29.5,VERIFIED
rep_0278,usr_006,0.45,"Paradip, Odisha",east,coastal-erosion,High,ଆଜି ପାଗ ଖୁବ୍ ଭଲ ଅଛି ।,or,20.480306,86.865393,115.29,2025-08-17T05:00:00,2025-08-17T08:30:00,12600,0,,,https://example.com/media_277.jpg,a624e70a4de380f995e32898a1651f1c3af30188fdaf4d5c38ad1f17209cb7d4,1.21,13.9,REJECTED
rep_0279,usr_002,0.88,"Digha, West Bengal",east,storm-surge,Severe,প্রচণ্ড জলোচ্ছ্বাস শুরু হয়েছে।,bn,21.602525,87.506561,126.79,2025-08-17T22:09:16.591777,2025-08-18T01:01:16.591777,10320,0,,,https://example.com/media_278.jpg,2b457a79eba7fc8fc7330fe7f2bbefeafb73a87f910f8ec5833f87e5ccdd69a7,2.86,80.9,VERIFIED
rep_0280,usr_016,0.6,"Porbandar, Gujarat",west,coastal-erosion,High,દરિયાઈ ધોવાણથી કિનારાની જમીન ધસી પડી છે.,gu,21.656894,69.643528,13.62,2025-08-18T02:06:55.937553,2025-08-18T02:55:55.937553,2940,0,,,https://example.com/media_279.jpg,235a6165b632a878d14389af6c1ee9f86847787152e8746842e16a3106a59ac9,3.17,72.8,VERIFIED
rep_0281,usr_029,0.45,"Surat, Gujarat",west,storm-surge,High,Sunny clear weather at beach having fun with friends.,en,21.118347,72.648832,163.41,2025-08-16T00:00:00,2025-08-16T00:10:00,600,0,,,https://example.com/media_280.jpg,f4437f4022639110506f776cee6117ce439519ccff1f85c425ea56c13266947b,0.99,11.4,REJECTED
rep_0282,usr_037,0.45,"Puri, Odisha",east,high-waves,Low,ସମୁଦ୍ରରେ ୪ ମିଟରରୁ ଅଧିକ ଉଚ୍ଚ ଲହଡ଼ି ମାଡ଼ି ଆସୁଛି ।,or,19.796894,85.820978,23.26,2025-08-16T21:09:15.356865,2025-08-16T23:22:15.356865,7980,1,19.800898,85.819489,,,2.16,43.0,VERIFIED
rep_0283,usr_023,0.6,"Alibaug, Maharashtra",west,storm-surge,High,किनारी फिरायला छान वातावरण आहे.,mr,18.642841,72.887699,6.82,2025-08-17T19:00:00,2025-08-17T20:21:00,4860,0,,,https://example.com/media_282.jpg,0a42d6e47316ccdced7742d792c8231befc567a5869a99f328ce9eef8d350cfa,0.89,19.9,REJECTED
rep_0284,usr_010,0.88,"Kochi, Kerala",west,flood,Moderate,Hotel discount booking promotion near seaside.,en,10.030571,76.351541,117.87,2025-08-17T12:00:00,2025-08-17T16:03:00,14580,0,,,,,0.48,19.6,REJECTED
rep_0285,usr_028,0.88,"Puri, Odisha",east,high-waves,Low,ବେଳାଭୂମିରେ ପ୍ରବଳ ଢେଉର ପ୍ରକୋପ ।,or,19.807367,85.857628,99.82,2025-08-17T07:57:02.500955,2025-08-17T08:03:02.500955,360,0,,,https://example.com/media_284.jpg,e99a823cbc3574b4cd70d065e2b71af2bb7b43bd96cf235dbf3d2b75e3ca52a1,2.15,58.3,VERIFIED
rep_0286,usr_047,0.88,"Kochi, Kerala",west,high-waves,Severe,കടലാക്രമണം ശക്തമായി.,ml,9.971581,76.281611,97.25,2025-08-18T17:45:36.226992,2025-08-18T17:59:36.226992,840,0,,,,,2.79,47.0,VERIFIED
rep_0287,usr_022,0.45,"Panaji, Goa",west,storm-surge,Low,मौसम साफ और धूप खिली है।,hi,15.493365,73.819914,14.07,2025-08-17T19:00:00,2025-08-17T20:36:00,5760,0,,,,,0.91,10.9,REJECTED
rep_0288,usr_006,0.45,"Porbandar, Gujarat",west,high-waves,Severe,દરિયામાં ૪ મીટરથી વધુ ઊંચા મોજા ઉછળી રહ્યા છે.,gu,21.653991,69.625048,78.1,2025-08-18T09:39:06.704131,2025-08-18T12:03:06.704131,8640,0,,,https://example.com/media_287.jpg,add9e5b34930ccab328c19128f8095e0030719becd36f886bf45a553c133f5e2,3.83,65.7,VERIFIED
rep_0289,usr_034,0.2,"Kozhikode, Kerala",west,flood,Moderate,Tidal seawater inundating low-lying residential houses near beach.,en,11.254996,75.781242,8.08,2025-08-16T15:22:25.348654,2025-08-16T17:20:25.348654,7080,1,11.261852,75.780966,https://example.com/media_288.jpg,5634d3a622e319b4295e6579fb4d24175549e4597cb3acb2209a762deb6e18f4,2.85,71.3,VERIFIED
rep_0290,usr_031,0.45,"Kochi, Kerala",west,high-waves,Severe,കടലാക്രമണം ശക്തമായി.,ml,9.977399,76.247332,18.67,2025-08-18T09:01:19.509560,2025-08-18T09:16:19.509560,900,1,9.97701,76.252235,https://example.com/media_289.jpg,bcd4a7a19cfee807d4544b2e5487f593a52fd23ee7ea8f5baebe55518a12fb36,1.95,55.5,VERIFIED
rep_0291,usr_042,0.88,"Paradip, Odisha",east,storm-surge,High,ପୁରୀ ହୋଟେଲ ବୁକିଂ ପାଇଁ ଯୋଗାଯୋଗ କରନ୍ତୁ ।,or,20.468614,86.717935,102.58,2025-08-16T07:00:00,2025-08-16T11:36:00,16560,0,,,,,1.06,18.8,REJECTED
rep_0292,usr_044,0.6,"Kozhikode, Kerala",west,flood,Moderate,തീരദേശ റോഡുകൾ വെള്ളത്തിനടിയിലായി.,ml,11.254379,75.776259,94.59,2025-08-16T22:30:20.477869,2025-08-16T22:41:20.477869,660,1,11.253835,75.778822,https://example.com/media_291.jpg,9413dc402f70e913e60f4c4960d1829e4a9ca7a5f55b23785cd2011d6d22469f,4.51,77.5,VERIFIED
rep_0293,usr_045,0.88,"Surat, Gujarat",west,high-waves,Low,"Observed water activity near coast in Surat, Gujarat.",gu,21.045133,72.661307,45.55,2025-08-17T00:00:00,2025-08-17T00:47:00,2820,0,,,,,1.37,30.6,REJECTED
rep_0294,usr_004,0.6,"Surat, Gujarat",west,flood,Low,Tidal seawater inundating low-lying residential houses near beach.,en,21.128176,72.636464,8.56,2025-08-15T13:51:56.481880,2025-08-15T17:45:56.481880,14040,1,21.130831,72.636119,https://example.com/media_293.jpg,be2afa5b22ef76f70129c8b4a1e7470ca40008b9d4b4c3fb92298b4387ebf4ed,3.08,55.8,VERIFIED
rep_0295,usr_047,0.88,"Kochi, Kerala",west,high-waves,Low,Dangerous rough waves exceeding 4 meters breaching sea wall near fishing jetty.,en,9.957849,76.264541,5.02,2025-08-18T15:51:34.987296,2025-08-18T16:20:34.987296,1740,1,9.956077,76.265997,https://example.com/media_294.jpg,4ee961c9588c76a11a81b67b0492f9330faacebf226a506cd74b367e5593b760,2.13,42.1,VERIFIED
rep_0296,usr_045,0.88,"Puri, Odisha",east,high-waves,Moderate,ବେଳାଭୂମିରେ ପ୍ରବଳ ଢେଉର ପ୍ରକୋପ ।,or,19.743852,85.823234,11.06,2025-08-17T12:58:56.820559,2025-08-17T13:27:56.820559,1740,1,19.749624,85.823126,https://example.com/media_295.jpg,ffc8694d864a1a44a32938176b4180189720a576ef43068040ff2366214349bf,2.56,34.3,VERIFIED
rep_0297,usr_025,0.2,"Digha, West Bengal",east,storm-surge,High,Severe storm surge and cyclonic gale winds hitting the harbor.,en,21.610423,87.495199,19.71,2025-08-17T18:34:03.823180,2025-08-18T02:07:03.823180,27180,1,21.612656,87.501175,https://example.com/media_296.jpg,aff81c7af5cceda88bc3db7c90f234a7b86628f2239531216d79421e0bbe7113,1.94,72.2,VERIFIED
rep_0298,usr_047,0.88,"Kozhikode, Kerala",west,flood,Moderate,കടൽക്ഷോഭത്തെ തുടർന്ന് വീടുകളിൽ വെള്ളം കയറി.,ml,11.252283,75.80387,23.8,2025-08-16T13:09:09.128024,2025-08-16T14:15:09.128024,3960,0,,,https://example.com/media_297.jpg,ec783e5fba174024e1e10fffc85672234d62ea2df253a8008eebaf77b8849357,3.5,61.3,VERIFIED
rep_0299,usr_009,0.6,"Mumbai, Maharashtra",west,flood,Severe,बीच रिसॉर्ट बुकिंगसाठी आजच कॉल करा.,mr,18.937313,72.824246,10.33,2025-08-18T11:00:00,2025-08-18T13:02:00,7320,0,,,https://example.com/media_298.jpg,5a4df96889df5f8212b1b2c6bd4495b1408bf74172801e127747248ac2d13ae7,1.14,11.7,REJECTED
rep_0300,usr_044,0.6,"Porbandar, Gujarat",west,high-waves,Moderate,જેટી પાસે ભારે મોજાના કારણે નુકસાન.,gu,21.657899,69.634969,67.34,2025-08-18T03:23:08.170695,2025-08-18T03:46:08.170695,1380,1,21.656892,69.641627,https://example.com/media_299.jpg,eaff66772685435b0feaf3ff33981b1083a55a5eba4bafa1720cc509d5e3c94f,3.39,66.0,VERIFIED
rep_0301,usr_032,0.45,"Digha, West Bengal",east,storm-surge,Severe,ঘূর্ণিঝড়ের প্রভাবে জলোচ্ছ্বাসে বাঁধ ভেঙে জল ঢুকছে।,bn,21.619471,87.49649,22.74,2025-08-17T18:19:23.577952,2025-08-17T19:50:23.577952,5460,1,21.6219,87.49005,https://example.com/media_300.jpg,3c8b30bb6c05116c0cefbeb093a8b1e94fd744e816f86117546a911d0e9ddb7c,2.31,83.0,VERIFIED
rep_0302,usr_006,0.45,"Visakhapatnam, Andhra Pradesh",east,storm-surge,Low,బీచ్ రిసార్ట్ ఆఫర్లు మరియు బుకింగ్.,te,17.768034,83.362123,9.36,2025-08-18T19:00:00,2025-08-18T20:56:00,6960,1,17.872319,83.526292,,,0.6,21.6,REJECTED
rep_0303,usr_044,0.6,"Paradip, Odisha",east,coastal-erosion,Moderate,ପୁରୀ ହୋଟେଲ ବୁକିଂ ପାଇଁ ଯୋଗାଯୋଗ କରନ୍ତୁ ।,or,20.328653,86.630486,7.37,2025-08-17T17:00:00,2025-08-17T17:32:00,1920,0,,,https://example.com/media_302.jpg,d420f2640a65fbf70e6e4aa052a16d03eb3e3ca5c587f11946e640cca40a4a4b,0.96,23.4,REJECTED
rep_0304,usr_002,0.88,"Puri, Odisha",east,high-waves,Low,ବେଳାଭୂମିରେ ପ୍ରବଳ ଢେଉର ପ୍ରକୋପ ।,or,19.817395,85.843148,16.6,2025-08-17T01:30:18.895922,2025-08-17T02:51:18.895922,4860,1,19.817238,85.834595,https://example.com/media_303.jpg,dc0bbf111098735d1a4f9da37edab563037c34c243a2504c67b58cc4f1fea54f,2.56,43.8,VERIFIED
rep_0305,usr_010,0.88,"Porbandar, Gujarat",west,coastal-erosion,Low,"Observed water activity near coast in Porbandar, Gujarat.",gu,21.654371,69.655398,38.31,2025-08-17T01:00:00,2025-08-17T01:31:00,1860,0,,,https://example.com/media_304.jpg,02c797adfbaafae2affc12b266f5462dc927add95070f7e0ca179f2840946d5b,1.42,28.5,REJECTED
rep_0306,usr_008,0.88,"Puri, Odisha",east,high-waves,Severe,ସମୁଦ୍ରରେ ୪ ମିଟରରୁ ଅଧିକ ଉଚ୍ଚ ଲହଡ଼ି ମାଡ଼ି ଆସୁଛି ।,or,19.812892,85.852986,17.07,2025-08-17T15:25:57.291587,2025-08-17T16:17:57.291587,3120,0,,,https://example.com/media_305.jpg,0fd462b3221e1500e84d0070c68fc4ef44c2589ffb42908120224721f2e0c33e,2.05,37.0,VERIFIED
rep_0307,usr_018,0.6,"Mumbai, Maharashtra",west,coastal-erosion,Severe,Sunny clear weather at beach having fun with friends.,en,18.922187,72.843603,13.7,2025-08-15T12:00:00,2025-08-15T12:30:00,1800,0,,,https://example.com/media_306.jpg,67340fe8df7f8af43ac5df6e8b44a6b34641b28a709fdafa53ad35b72d7305bb,0.92,10.1,REJECTED
rep_0308,usr_045,0.88,"Digha, West Bengal",east,storm-surge,Severe,ঘূর্ণিঝড়ের প্রভাবে জলোচ্ছ্বাসে বাঁধ ভেঙে জল ঢুকছে।,bn,21.617286,87.514213,123.18,2025-08-17T12:16:12.767049,2025-08-17T14:04:12.767049,6480,0,,,https://example.com/media_307.jpg,d318412eab8f82fc6751c41bca09ce67f9c8160ff90cbe3a2cdc508f59fec589,1.91,83.0,VERIFIED
rep_0309,usr_009,0.6,"Surat, Gujarat",west,flood,High,દરિયાના પાણી નીચાણવાળા વિસ્તારોમાં ઘૂસી ગયા છે.,gu,21.132143,72.616575,5.03,2025-08-15T11:40:09.515391,2025-08-15T12:09:09.515391,1740,0,,,https://example.com/media_308.jpg,8d80fc912feb2c82e42c193d37d141f96e2cb6400aafa9a3b8f6883d0b1f131d,3.0,49.6,VERIFIED
rep_0310,usr_004,0.6,"Chennai, Tamil Nadu",east,storm-surge,Low,Sunny clear weather at beach having fun with friends.,en,13.090014,80.276826,98.49,2025-08-16T09:00:00,2025-08-16T10:20:00,4800,0,,,,,0.46,20.6,REJECTED
rep_0311,usr_048,0.6,"Puri, Odisha",east,tsunami,Severe,ପୁରୀ ହୋଟେଲ ବୁକିଂ ପାଇଁ ଯୋଗାଯୋଗ କରନ୍ତୁ ।,or,19.808616,85.815201,91.27,2025-08-17T06:00:00,2025-08-17T09:06:00,11160,0,,,,,0.78,10.8,REJECTED
rep_0312,usr_044,0.6,"Paradip, Odisha",east,tsunami,High,ପୁରୀ ହୋଟେଲ ବୁକିଂ ପାଇଁ ଯୋଗାଯୋଗ କରନ୍ତୁ ।,or,20.307351,86.614248,150.92,2025-08-15T18:00:00,2025-08-15T18:51:00,3060,0,,,,,0.57,23.3,REJECTED
rep_0313,usr_005,0.45,"Alibaug, Maharashtra",west,flood,Moderate,"Observed water activity near coast in Alibaug, Maharashtra.",mr,18.654342,72.883187,26.02,2025-08-17T12:00:00,2025-08-17T13:42:00,6120,0,,,https://example.com/media_312.jpg,2f9c3ac5ae47968af80dd5bfcbb28c4139af33897d344089a12f091778e8acd5,1.77,25.3,REJECTED
rep_0314,usr_027,0.88,"Puri, Odisha",east,high-waves,Severe,ବେଳାଭୂମିରେ ପ୍ରବଳ ଢେଉର ପ୍ରକୋପ ।,or,19.817003,85.838581,130.2,2025-08-17T09:27:34.018314,2025-08-17T09:57:34.018314,1800,0,,,https://example.com/media_313.jpg,a6068984b80d7e7795db8838e8e642b3140f289cde7380e7a8be38e390a3ff6c,1.95,49.1,VERIFIED
rep_0315,usr_009,0.6,"Kochi, Kerala",west,high-waves,Moderate,കടലാക്രമണം ശക്തമായി.,ml,9.933095,76.284749,20.39,2025-08-18T06:59:24.641614,2025-08-18T07:09:24.641614,600,1,9.930432,76.288268,https://example.com/media_314.jpg,e96961037041f386c6e8f4d0a62310eb6fffddc8fe5a8d0f54dfb59d22652e81,2.86,35.9,VERIFIED
rep_0316,usr_024,0.88,"Porbandar, Gujarat",west,high-waves,High,જેટી પાસે ભારે મોજાના કારણે નુકસાન.,gu,21.636511,69.609483,7.96,2025-08-18T12:49:59.977146,2025-08-18T13:08:59.977146,1140,1,21.641393,69.608724,https://example.com/media_315.jpg,7f0eb7f40c1c64afa85f36b5ee680fba9423b5be5b8f417cd0cece17558ae292,4.73,65.4,VERIFIED
rep_0317,usr_019,0.45,"Porbandar, Gujarat",west,high-waves,High,દરિયામાં ૪ મીટરથી વધુ ઊંચા મોજા ઉછળી રહ્યા છે.,gu,21.638311,69.593218,7.25,2025-08-18T02:57:59.638875,2025-08-18T03:13:59.638875,960,1,21.644143,69.594718,https://example.com/media_316.jpg,2ec8f06be7ea7eb78e633cdc972c6ca72feba30f0e7e29697e45ca917241ca86,4.28,64.2,VERIFIED
rep_0318,usr_006,0.45,"Puri, Odisha",east,high-waves,High,ବେଳାଭୂମିରେ ପ୍ରବଳ ଢେଉର ପ୍ରକୋପ ।,or,19.856825,85.822479,14.81,2025-08-17T04:33:12.967016,2025-08-17T05:00:12.967016,1620,0,,,https://example.com/media_317.jpg,cb6ed69116703d99455cba2a15b7545ff446124c92f553a826524c66d57e10b6,2.98,44.2,VERIFIED
rep_0319,usr_029,0.45,"Digha, West Bengal",east,storm-surge,Severe,चक्रवाती हवाओं के साथ समुद्र में भारी जल स्तर वृद्धि।,hi,21.64082,87.467365,13.85,2025-08-17T19:22:15.959634,2025-08-17T19:31:15.959634,540,1,21.639643,87.458905,https://example.com/media_318.jpg,e0c4b9a50a45d1b786f9237378115ee464b972c80f6e024e3bde16dde1159fbd,1.3,79.8,VERIFIED
rep_0320,usr_027,0.88,"Kochi, Kerala",west,high-waves,High,കടലാക്രമണം ശക്തമായി.,ml,9.904977,76.250965,7.74,2025-08-18T07:22:55.927074,2025-08-18T07:44:55.927074,1320,1,9.901234,76.254403,https://example.com/media_319.jpg,e2a56831d3a7e3b4536566c21822269493ccd77ede7efc18819f5e8c7d5dc0d3,2.6,28.2,VERIFIED
rep_0321,usr_041,0.45,"Mangalore, Karnataka",west,flood,Severe,"Observed water activity near coast in Mangalore, Karnataka.",en,12.883814,74.873362,47.51,2025-08-15T15:00:00,2025-08-15T16:31:00,5460,0,,,https://example.com/media_320.jpg,8c18e71f111186ed83cc86903f91c17962e3e5354213f8331f8f22a8666c1318,1.27,28.6,REJECTED
rep_0322,usr_017,0.6,"Visakhapatnam, Andhra Pradesh",east,coastal-erosion,High,బీచ్ రిసార్ట్ ఆఫర్లు మరియు బుకింగ్.,te,17.690821,83.20971,42.81,2025-08-18T23:00:00,2025-08-19T00:19:00,4740,0,,,,,0.53,16.9,REJECTED
rep_0323,usr_041,0.45,"Alibaug, Maharashtra",west,flood,High,उधाणाचे पाणी गावातील घरांमध्ये शिरले असून रस्ते पाण्याखाली गेले आहेत.,mr,18.618398,72.904873,69.38,2025-08-17T16:34:51.077586,2025-08-17T18:21:51.077586,6420,0,,,https://example.com/media_322.jpg,3b2b0000e14ded8cc97869a7f253729339a607fe56262be8c45731d1682e64d2,2.45,58.0,VERIFIED
rep_0324,usr_001,0.6,"Surat, Gujarat",west,tsunami,Severe,Sunny clear weather at beach having fun with friends.,en,21.404278,72.838039,66.08,2025-08-18T02:00:00,2025-08-18T06:42:00,16920,1,21.529786,73.012775,,,0.9,20.3,REJECTED
rep_0325,usr_005,0.45,"Digha, West Bengal",east,storm-surge,Moderate,ঘূর্ণিঝড়ের প্রভাবে জলোচ্ছ্বাসে বাঁধ ভেঙে জল ঢুকছে।,bn,21.636022,87.478105,12.25,2025-08-17T15:47:19.074533,2025-08-17T17:34:19.074533,6420,0,,,,,1.42,64.1,VERIFIED
rep_0326,usr_020,0.88,"Surat, Gujarat",west,flood,Low,આજે દરિયાકિનારે રમવાની મજા આવી.,gu,21.215223,72.913321,52.44,2025-08-18T19:00:00,2025-08-18T23:32:00,16320,0,,,,,0.44,11.6,REJECTED
rep_0327,usr_003,0.6,"Alibaug, Maharashtra",west,high-waves,High,"Observed water activity near coast in Alibaug, Maharashtra.",mr,18.642898,72.819829,56.8,2025-08-17T03:00:00,2025-08-17T03:18:00,1080,0,,,https://example.com/media_326.jpg,35f585e4a667ece5ccb0bd2019c68864f0c7a209235a52bd0814293402a3ed0c,1.74,27.4,VERIFIED
rep_0328,usr_023,0.6,"Kozhikode, Kerala",west,flood,Low,"Observed water activity near coast in Kozhikode, Kerala.",en,11.247518,75.780052,52.78,2025-08-16T19:00:00,2025-08-16T19:36:00,2160,0,,,,,1.52,34.3,VERIFIED
rep_0329,usr_007,0.45,"Digha, West Bengal",east,flood,Moderate,"Observed water activity near coast in Digha, West Bengal.",bn,21.599855,87.53718,37.59,2025-08-17T07:00:00,2025-08-17T08:09:00,4140,0,,,,,1.31,29.6,REJECTED
rep_0330,usr_049,0.6,"Alibaug, Maharashtra",west,flood,Moderate,समुद्राचे पाणी सखल भागात भरले.,mr,18.634102,72.884205,19.09,2025-08-17T16:16:08.009546,2025-08-17T16:40:08.009546,1440,0,,,https://example.com/media_329.jpg,96bc36578e76a6833b352ff895fb99b554a5e573376f4f6ef748f6ba15c0dced,2.58,64.4,VERIFIED
rep_0331,usr_031,0.45,"Visakhapatnam, Andhra Pradesh",east,high-waves,Low,"Observed water activity near coast in Visakhapatnam, Andhra Pradesh.",te,17.731582,83.222105,46.88,2025-08-15T22:00:00,2025-08-15T22:33:00,1980,0,,,https://example.com/media_330.jpg,3fa168f4253b4911665dde28359cffc9478c6e44d21cedab56b51142078d0f7d,1.51,33.8,VERIFIED
rep_0332,usr_011,0.6,"Alibaug, Maharashtra",west,storm-surge,High,Hotel discount booking promotion near seaside.,en,18.634294,72.883613,59.64,2025-08-18T09:00:00,2025-08-18T11:29:00,8940,0,,,,,0.65,20.7,REJECTED
rep_0333,usr_039,0.45,"Surat, Gujarat",west,tsunami,Low,દરિયાનું પાણી અચાનક પાછળ હટી ગયું છે.,gu,21.10655,72.670483,75.07,2025-08-15T15:06:10.681078,2025-08-15T15:16:10.681078,600,1,21.105062,72.66893,https://example.com/media_332.jpg,2285162465ac4853f24750e2a61f03206c7e2e16b52d4c342112f625021a5629,3.4,59.8,VERIFIED
rep_0334,usr_034,0.2,"Puri, Odisha",east,coastal-erosion,Severe,Sunny clear weather at beach having fun with friends.,en,19.817882,85.845264,6.14,2025-08-15T11:00:00,2025-08-15T14:50:00,13800,0,,,,,0.89,24.3,REJECTED
rep_0335,usr_025,0.2,"Puri, Odisha",east,high-waves,Severe,ବେଳାଭୂମିରେ ପ୍ରବଳ ଢେଉର ପ୍ରକୋପ ।,or,19.829141,85.842068,11.06,2025-08-17T06:15:41.916986,2025-08-17T09:10:41.916986,10500,0,,,https://example.com/media_334.jpg,2088dc1e0406d27f877964fdf6596d93aba0e197f8a61f2c0b0e600b7d4a7b30,2.81,49.6,VERIFIED
rep_0336,usr_011,0.6,"Chennai, Tamil Nadu",east,high-waves,High,Sunny clear weather at beach having fun with friends.,en,13.296267,80.612835,96.44,2025-08-17T05:00:00,2025-08-17T08:08:00,11280,0,,,https://example.com/media_335.jpg,4c5b115c02dfbbc54fc438f9b1741a610997a32bfba0e89e292a2a5fa7f9e7a5,0.43,10.7,REJECTED
rep_0337,usr_028,0.88,"Alibaug, Maharashtra",west,coastal-erosion,Severe,तटबंदी कोसळून धूप सुरू.,mr,18.6083,72.900966,17.96,2025-08-17T16:42:02.714604,2025-08-17T16:47:02.714604,300,0,,,,,3.08,63.6,VERIFIED
rep_0338,usr_045,0.88,"Puri, Odisha",east,high-waves,Moderate,ବେଳାଭୂମିରେ ପ୍ରବଳ ଢେଉର ପ୍ରକୋପ ।,or,19.823576,85.835098,16.45,2025-08-17T06:33:09.366945,2025-08-17T08:29:09.366945,6960,0,,,https://example.com/media_337.jpg,a7e7fbf348f191929dd48c3c365beab0b961ea7284e04e3172ba221656426c1f,2.08,33.7,VERIFIED
rep_0339,usr_005,0.45,"Visakhapatnam, Andhra Pradesh",east,flood,High,సముద్రపు నీరు గ్రామంలోకి ప్రవేశించి ఇళ్లను ముంచెత్తింది.,te,17.736371,83.223744,9.52,2025-08-18T08:42:56.638283,2025-08-18T08:49:56.638283,420,0,,,https://example.com/media_338.jpg,29b89aceb4d004535022e0d9244909ba98691d2afebbbe9660af7c3d561fae7d,3.47,52.0,VERIFIED
rep_0340,usr_020,0.88,"Surat, Gujarat",west,flood,High,ભરતીના પાણીથી રસ્તાઓ જળબંબાકાર.,gu,21.104703,72.655927,15.31,2025-08-15T13:38:45.661328,2025-08-15T13:48:45.661328,600,0,,,https://example.com/media_339.jpg,a25913ab547e6ba58c3603497f1c13fca444a74e1495bb62fd51f9b003ba4470,3.74,51.1,VERIFIED
rep_0341,usr_035,0.6,"Puri, Odisha",east,coastal-erosion,Low,"Observed water activity near coast in Puri, Odisha.",or,19.857798,85.81191,22.4,2025-08-16T21:00:00,2025-08-16T22:10:00,4200,0,,,https://example.com/media_340.jpg,760f6d538725712fbc0ee0ae78f7d4a94a8446e0e9e8558448d16d07ed838864,1.48,28.1,REJECTED
rep_0342,usr_027,0.88,"Kochi, Kerala",west,storm-surge,High,റിസോർട്ട് ബുക്കിംഗിന് വിളിക്കുക.,ml,9.930651,76.280849,4.36,2025-08-18T06:00:00,2025-08-18T09:53:00,13980,0,,,https://example.com/media_341.jpg,4857c6494ad54a6c0e90b68b042ac1904b364e842111b048b695b65db3a5d024,1.14,17.0,REJECTED
rep_0343,usr_017,0.6,"Kochi, Kerala",west,high-waves,Low,Dangerous rough waves exceeding 4 meters breaching sea wall near fishing jetty.,en,9.95209,76.296755,14.72,2025-08-18T09:32:49.717978,2025-08-18T15:55:49.717978,22980,1,9.953155,76.295462,https://example.com/media_342.jpg,dd72c9687bc06ec73b1dce730d891467b5bc68412e45aa1737788905004f1988,2.89,28.9,VERIFIED
rep_0344,usr_033,0.6,"Digha, West Bengal",east,high-waves,Moderate,Sunny clear weather at beach having fun with friends.,en,21.638242,87.485899,80.29,2025-08-17T01:00:00,2025-08-17T04:29:00,12540,0,,,https://example.com/media_343.jpg,50e23b8c2003940954e26bd9b423258b96262f48d57503d83b377115798fa6e0,0.51,22.1,REJECTED
rep_0345,usr_012,0.6,"Visakhapatnam, Andhra Pradesh",east,coastal-erosion,Low,తీరప్రాంతంలో తీవ్రమైన కోత.,te,17.639071,83.225791,103.35,2025-08-18T07:26:55.873150,2025-08-18T07:39:55.873150,780,0,,,https://example.com/media_344.jpg,9dee84fb04878ecc88c157c292630c5b6d56593a64ff898b2c879d0856478437,2.8,52.4,VERIFIED
rep_0346,usr_039,0.45,"Mumbai, Maharashtra",west,high-waves,High,किनारी फिरायला छान वातावरण आहे.,mr,18.923787,72.827516,6.71,2025-08-16T13:00:00,2025-08-16T16:56:00,14160,0,,,https://example.com/media_345.jpg,e43520001d9d9fa1ab7d14a463c2faae5ee1a2b27f5f7dedd2382f31423698da,1.13,11.8,REJECTED
rep_0347,usr_049,0.6,"Visakhapatnam, Andhra Pradesh",east,flood,Low,ज्वार के कारण तटीय सड़कों पर पानी भर गया है।,hi,17.680015,83.194951,11.34,2025-08-18T05:07:16.765807,2025-08-18T07:42:16.765807,9300,0,,,https://example.com/media_346.jpg,65b774e6fb5a9641084d9c44830afc25620257d116db9b61e527ce1e2b471d3e,3.44,48.8,VERIFIED
rep_0348,usr_045,0.88,"Kochi, Kerala",west,tsunami,High,റിസോർട്ട് ബുക്കിംഗിന് വിളിക്കുക.,ml,10.124835,76.544193,6.92,2025-08-17T15:00:00,2025-08-17T16:19:00,4740,0,,,,,0.98,12.8,REJECTED
rep_0349,usr_006,0.45,"Digha, West Bengal",east,storm-surge,High,প্রচণ্ড জলোচ্ছ্বাস শুরু হয়েছে।,bn,21.563161,87.483256,20.26,2025-08-17T17:41:49.620190,2025-08-17T18:09:49.620190,1680,0,,,https://example.com/media_348.jpg,c54c1aa175a59be6e9d1008760df51f15781ed4e3ac52d8a465c162204cfa2ca,2.24,65.2,VERIFIED
rep_0350,usr_027,0.88,"Alibaug, Maharashtra",west,flood,Severe,समुद्राचे पाणी सखल भागात भरले.,mr,18.660117,72.843561,9.49,2025-08-17T21:15:17.129679,2025-08-17T22:35:17.129679,4800,0,,,,,2.27,51.9,VERIFIED
rep_0351,usr_010,0.88,"Alibaug, Maharashtra",west,storm-surge,High,Hotel discount booking promotion near seaside.,en,18.874556,72.956011,12.28,2025-08-16T09:00:00,2025-08-16T10:47:00,6420,0,,,,,0.84,13.4,REJECTED
rep_0352,usr_025,0.2,"Surat, Gujarat",west,coastal-erosion,Severe,હોટેલ અને બીચ ટૂર માટે સંપર્ક કરો.,gu,21.087569,72.627576,11.13,2025-08-16T16:00:00,2025-08-16T18:10:00,7800,0,,,https://example.com/media_351.jpg,b41ad60164a3d43e4c7087b118dc06a573b3f7080e80def3a6170dfed7452acb,0.53,14.4,REJECTED
rep_0353,usr_031,0.45,"Porbandar, Gujarat",west,coastal-erosion,Severe,દરિયાઈ ધોવાણથી કિનારાની જમીન ધસી પડી છે.,gu,21.63217,69.608857,19.72,2025-08-18T16:56:28.715500,2025-08-18T17:22:28.715500,1560,1,21.63332,69.609641,https://example.com/media_352.jpg,7b69e11fd55908036da229d5b3af1313dab16f9af144ef594dd2138d9386ab5e,3.7,79.9,VERIFIED
rep_0354,usr_009,0.6,"Digha, West Bengal",east,tsunami,High,দীঘা সমুদ্র সৈকত হোটেল বুকিং ডিসকাউন্ট।,bn,21.755031,87.633264,7.07,2025-08-16T16:00:00,2025-08-16T17:09:00,4140,0,,,https://example.com/media_353.jpg,17eb26e01d954f066eba2a765485b8c09f320c188a3a117ec7e5d79e8eb6aebf,1.04,16.5,REJECTED
rep_0355,usr_028,0.88,"Kochi, Kerala",west,storm-surge,Low,റിസോർട്ട് ബുക്കിംഗിന് വിളിക്കുക.,ml,9.931768,76.259495,13.71,2025-08-18T19:00:00,2025-08-18T22:55:00,14100,0,,,,,1.09,12.3,REJECTED
rep_0356,usr_003,0.6,"Puri, Odisha",east,high-waves,High,ସମୁଦ୍ରରେ ୪ ମିଟରରୁ ଅଧିକ ଉଚ୍ଚ ଲହଡ଼ି ମାଡ଼ି ଆସୁଛି ।,or,19.798322,85.816234,23.54,2025-08-17T13:28:14.544146,2025-08-17T13:36:14.544146,480,1,19.794422,85.821164,https://example.com/media_355.jpg,2212186dab0a74f445be4d942f847c016dc3148fae4044097eafd11d977c6fd3,1.32,40.8,VERIFIED
rep_0357,usr_043,0.6,"Nagapattinam, Tamil Nadu",east,flood,Severe,சுற்றுலா படகு சவாரி மற்றும் விடுதி முன்பதிவு.,ta,10.779226,79.840233,8.0,2025-08-15T10:00:00,2025-08-15T12:35:00,9300,0,,,,,1.01,23.3,REJECTED
rep_0358,usr_007,0.45,"Alibaug, Maharashtra",west,flood,High,समुद्राचे पाणी सखल भागात भरले.,mr,18.658696,72.895677,14.08,2025-08-17T19:14:57.775402,2025-08-17T19:33:57.775402,1140,0,,,https://example.com/media_357.jpg,7e2c9a82316e190b864a1620f1c8df7550fcb76537454caf879add5d52e6a8f3,4.01,61.6,VERIFIED
rep_0359,usr_048,0.6,"Alibaug, Maharashtra",west,tsunami,Severe,बीच रिसॉर्ट बुकिंगसाठी आजच कॉल करा.,mr,18.633985,72.879042,14.58,2025-08-17T10:00:00,2025-08-17T12:35:00,9300,0,,,https://example.com/media_358.jpg,4857c6494ad54a6c0e90b68b042ac1904b364e842111b048b695b65db3a5d024,1.17,12.4,REJECTED
rep_0360,usr_048,0.6,"Puri, Odisha",east,storm-surge,Moderate,ଆଜି ପାଗ ଖୁବ୍ ଭଲ ଅଛି ।,or,19.805994,85.825489,7.41,2025-08-18T11:00:00,2025-08-18T14:46:00,13560,0,,,https://example.com/media_359.jpg,b41228bc0161ed9fb6039df3a6774679446682ea193d74b572a6ece0f561dbc0,0.75,14.0,REJECTED
rep_0361,usr_028,0.88,"Digha, West Bengal",east,storm-surge,Moderate,প্রচণ্ড জলোচ্ছ্বাস শুরু হয়েছে।,bn,21.603596,87.507397,18.72,2025-08-17T23:42:03.268637,2025-08-18T03:58:03.268637,15360,1,21.597962,87.507563,https://example.com/media_360.jpg,a552b920648e0fb40c6d50ce643127a0a6a4a58b055bdea1c45e383428f1eb6c,1.98,80.3,VERIFIED
rep_0362,usr_019,0.45,"Kozhikode, Kerala",west,flood,Severe,Tidal seawater inundating low-lying residential houses near beach.,en,11.266173,75.763658,13.26,2025-08-16T12:15:37.076761,2025-08-16T14:43:37.076761,8880,1,11.264815,75.756463,https://example.com/media_361.jpg,9c8e35fd5f44decd16f10009599b881f86b1d4ff569e5a4485d3ca64fb3c4849,2.78,60.2,VERIFIED
rep_0363,usr_020,0.88,"Kozhikode, Kerala",west,coastal-erosion,High,"Observed water activity near coast in Kozhikode, Kerala.",ml,11.260315,75.747634,52.31,2025-08-16T10:00:00,2025-08-16T10:38:00,2280,0,,,https://example.com/media_362.jpg,ba0fab2f5ec3f7cd3c4bc88c79e5cb36da5b19fb399e21f0d9038cd4eb79c569,1.75,35.5,REJECTED
rep_0364,usr_007,0.45,"Panaji, Goa",west,coastal-erosion,High,"Observed water activity near coast in Panaji, Goa.",hi,15.505834,73.828349,26.87,2025-08-18T12:00:00,2025-08-18T13:47:00,6420,0,,,,,1.62,36.3,VERIFIED
rep_0365,usr_045,0.88,"Visakhapatnam, Andhra Pradesh",east,coastal-erosion,Severe,బీచ్ రిసార్ట్ ఆఫర్లు మరియు బుకింగ్.,te,17.691392,83.221319,12.79,2025-08-16T01:00:00,2025-08-16T03:13:00,7980,0,,,https://example.com/media_364.jpg,4857c6494ad54a6c0e90b68b042ac1904b364e842111b048b695b65db3a5d024,0.42,17.2,REJECTED
rep_0366,usr_028,0.88,"Kozhikode, Kerala",west,flood,Low,തീരദേശ റോഡുകൾ വെള്ളത്തിനടിയിലായി.,ml,11.272137,75.756721,14.7,2025-08-16T17:20:29.763225,2025-08-16T19:40:29.763225,8400,1,11.269304,75.757651,https://example.com/media_365.jpg,faddb88abd7dc24515cfb98bbc9d73fb7c6206c153309a0ae07a235d3df22e85,3.76,60.2,VERIFIED
rep_0367,usr_032,0.45,"Puri, Odisha",east,high-waves,Severe,ବେଳାଭୂମିରେ ପ୍ରବଳ ଢେଉର ପ୍ରକୋପ ।,or,19.807811,85.838297,16.07,2025-08-17T05:31:05.456904,2025-08-17T05:49:05.456904,1080,1,19.802807,85.831563,https://example.com/media_366.jpg,46ecd317ba501630c468338e9bb23f3270d9b8c2ddd993aee4712a59d25b1af5,1.77,32.1,VERIFIED
rep_0368,usr_015,0.6,"Alibaug, Maharashtra",west,coastal-erosion,Moderate,तटबंदी कोसळून धूप सुरू.,mr,18.637107,72.889531,24.2,2025-08-17T20:23:52.945698,2025-08-17T21:46:52.945698,4980,0,,,https://example.com/media_367.jpg,67511a260742293721fc2b4046c25c51f6aaa692c879ec7d438f4f37be464bf5,2.61,46.7,VERIFIED
rep_0369,usr_011,0.6,"Puri, Odisha",east,high-waves,Moderate,ସମୁଦ୍ରରେ ୪ ମିଟରରୁ ଅଧିକ ଉଚ୍ଚ ଲହଡ଼ି ମାଡ଼ି ଆସୁଛି ।,or,19.749113,85.868943,9.19,2025-08-17T13:59:40.890993,2025-08-17T14:05:40.890993,360,1,19.757311,85.869881,https://example.com/media_368.jpg,4c72499dc0310a236d32af7cef01835a356d2f57f4bf37316b350be3accb5dbb,2.79,52.7,VERIFIED
rep_0370,usr_022,0.45,"Alibaug, Maharashtra",west,flood,Low,उधाणाचे पाणी गावातील घरांमध्ये शिरले असून रस्ते पाण्याखाली गेले आहेत.,mr,18.629,72.851979,22.07,2025-08-17T21:34:12.510546,2025-08-18T01:30:12.510546,14160,0,,,https://example.com/media_369.jpg,4f18c11f5024ace7a48ff00e5c361cb11a8438f7ce91cf0d3c82e502758e03b4,2.82,62.4,VERIFIED
rep_0371,usr_011,0.6,"Digha, West Bengal",east,storm-surge,High,প্রচণ্ড জলোচ্ছ্বাস শুরু হয়েছে।,bn,21.62493,87.502552,15.12,2025-08-17T12:55:43.732195,2025-08-17T15:17:43.732195,8520,0,,,https://example.com/media_370.jpg,201adec694d2356b36a585aa15cd9b1527120d716eeda5b77c20e2520feb7b26,1.85,66.2,VERIFIED
rep_0372,usr_011,0.6,"Digha, West Bengal",east,storm-surge,Severe,ঘূর্ণিঝড়ের প্রভাবে জলোচ্ছ্বাসে বাঁধ ভেঙে জল ঢুকছে।,bn,21.611269,87.468467,9.91,2025-08-17T17:00:12.671554,2025-08-17T19:27:12.671554,8820,0,,,https://example.com/media_371.jpg,9c86398938d4111f6ce3d13fe2b84e8a69cc662a6e1edfbde8d524cdf43adcc4,2.18,67.7,VERIFIED
rep_0373,usr_001,0.6,"Digha, West Bengal",east,storm-surge,High,প্রচণ্ড জলোচ্ছ্বাস শুরু হয়েছে।,bn,21.59332,87.540721,56.15,2025-08-17T11:48:33.615409,2025-08-17T12:13:33.615409,1500,0,,,https://example.com/media_372.jpg,c0e96e8a28c097a73d3367a4b1c201b28c543b549b22088621aa4edd0f440b58,1.44,58.6,VERIFIED
rep_0374,usr_001,0.6,"Paradip, Odisha",east,high-waves,Severe,"Observed water activity near coast in Paradip, Odisha.",en,20.306479,86.580364,28.21,2025-08-17T03:00:00,2025-08-17T04:58:00,7080,0,,,,,1.67,33.5,VERIFIED
rep_0375,usr_020,0.88,"Alibaug, Maharashtra",west,high-waves,High,किनारी फिरायला छान वातावरण आहे.,mr,18.629125,72.882355,123.28,2025-08-17T02:00:00,2025-08-17T03:31:00,5460,0,,,https://example.com/media_374.jpg,4857c6494ad54a6c0e90b68b042ac1904b364e842111b048b695b65db3a5d024,0.86,14.7,REJECTED
rep_0376,usr_033,0.6,"Alibaug, Maharashtra",west,high-waves,High,Sunny clear weather at beach having fun with friends.,en,18.640671,72.884079,12.08,2025-08-17T02:00:00,2025-08-17T04:10:00,7800,0,,,https://example.com/media_375.jpg,27d7786ef3ba9fa7da2d9d8d764de0964307a3d595d745f78a89f1cd99b52043,0.92,10.1,REJECTED
rep_0377,usr_046,0.6,"Nagapattinam, Tamil Nadu",east,flood,Severe,கடற்கரையில் இனிமையான காற்று வீசுகிறது.,ta,10.759714,79.84147,9.99,2025-08-17T11:00:00,2025-08-17T11:51:00,3060,0,,,https://example.com/media_376.jpg,e8696307c7fa8d0ce96a827a6ad67b0e37e8698d98e11845397301b187f24c50,0.49,20.7,REJECTED
rep_0378,usr_005,0.45,"Alibaug, Maharashtra",west,flood,Moderate,समुद्राचे पाणी सखल भागात भरले.,mr,18.604825,72.89198,22.44,2025-08-17T21:34:57.216973,2025-08-17T22:02:57.216973,1680,0,,,https://example.com/media_377.jpg,5c9f485a8f27065ed490c3413467f5bd1ce63324188c779759fe12685543a283,3.46,60.6,VERIFIED
rep_0379,usr_033,0.6,"Paradip, Odisha",east,coastal-erosion,Low,"Observed water activity near coast in Paradip, Odisha.",en,20.305193,86.580318,21.3,2025-08-15T22:00:00,2025-08-15T23:32:00,5520,0,,,https://example.com/media_378.jpg,c6344afd9e2b296544d231452294c31739e8fb7cc2ed045a8d0dcea06337cb23,1.54,37.0,VERIFIED
rep_0380,usr_037,0.45,"Kochi, Kerala",west,high-waves,Low,തീരത്ത് 4 മീറ്ററിലധികം ഉയരമുള്ള ശക്തമായ തിരമാലകൾ അടിച്ചു കയറുന്നു.,ml,9.945544,76.277605,11.07,2025-08-18T19:40:12.724792,2025-08-18T19:51:12.724792,660,1,9.946111,76.275464,https://example.com/media_379.jpg,2ac6ffaaaf572c69fcd523dc00ca7013ff469ecd359fbe0424c819e369007772,3.17,46.8,VERIFIED
rep_0381,usr_037,0.45,"Kochi, Kerala",west,high-waves,Severe,കടലാക്രമണം ശക്തമായി.,ml,9.962792,76.241332,19.4,2025-08-18T10:26:54.661986,2025-08-18T10:45:54.661986,1140,0,,,https://example.com/media_380.jpg,a69b4bc25dc3a64b767b9ea3f008ac0da8d330919aa655112b2c0ed624a6418c,1.61,41.4,VERIFIED
rep_0382,usr_026,0.6,"Alibaug, Maharashtra",west,flood,Moderate,उधाणाचे पाणी गावातील घरांमध्ये शिरले असून रस्ते पाण्याखाली गेले आहेत.,mr,18.666362,72.866356,17.92,2025-08-17T19:39:33.086853,2025-08-17T20:01:33.086853,1320,0,,,https://example.com/media_381.jpg,f877fc6cac96fa88ba93c6565ca23d4ad5eea11ed5484818d34f8dcdfaec232a,1.89,54.6,VERIFIED
rep_0383,usr_033,0.6,"Digha, West Bengal",east,high-waves,Moderate,দীঘা সমুদ্র সৈকত হোটেল বুকিং ডিসকাউন্ট।,bn,21.959369,87.635931,12.44,2025-08-17T10:00:00,2025-08-17T10:33:00,1980,1,22.115212,87.819079,https://example.com/media_382.jpg,4857c6494ad54a6c0e90b68b042ac1904b364e842111b048b695b65db3a5d024,1.13,19.1,REJECTED
rep_0384,usr_034,0.2,"Alibaug, Maharashtra",west,flood,Severe,उधाणाचे पाणी गावातील घरांमध्ये शिरले असून रस्ते पाण्याखाली गेले आहेत.,mr,18.672762,72.907536,10.71,2025-08-17T21:41:20.352042,2025-08-17T21:51:20.352042,600,1,18.673028,72.905236,,,2.62,58.3,VERIFIED
rep_0385,usr_017,0.6,"Panaji, Goa",west,flood,Severe,"Observed water activity near coast in Panaji, Goa.",hi,15.505616,73.875698,43.44,2025-08-15T21:00:00,2025-08-15T21:49:00,2940,0,,,,,1.65,30.0,VERIFIED
rep_0386,usr_005,0.45,"Mangalore, Karnataka",west,high-waves,Moderate,Sunny clear weather at beach having fun with friends.,en,13.05721,75.175262,14.56,2025-08-16T21:00:00,2025-08-17T02:00:00,18000,0,,,https://example.com/media_385.jpg,6272f206571741a796dbd83d4b98c0dd46610af470783396878e4fcc07bacb3e,0.9,21.8,REJECTED
rep_0387,usr_010,0.88,"Kozhikode, Kerala",west,tsunami,High,ബീച്ചിൽ നല്ല കാലാവസ്ഥ.,ml,11.261282,75.768231,13.94,2025-08-16T20:00:00,2025-08-16T21:35:00,5700,0,,,https://example.com/media_386.jpg,4857c6494ad54a6c0e90b68b042ac1904b364e842111b048b695b65db3a5d024,0.82,22.4,REJECTED
rep_0388,usr_025,0.2,"Kozhikode, Kerala",west,flood,High,Sunny clear weather at beach having fun with friends.,en,11.255755,75.780202,130.09,2025-08-18T06:00:00,2025-08-18T08:33:00,9180,0,,,https://example.com/media_387.jpg,fb88c82481b3feaf67cf0131ed206cf0cb5d4e1fb12b768b0b1b7fa0ffbdb945,0.51,12.1,REJECTED
rep_0389,usr_022,0.45,"Visakhapatnam, Andhra Pradesh",east,high-waves,Severe,"Observed water activity near coast in Visakhapatnam, Andhra Pradesh.",en,17.680431,83.262242,32.87,2025-08-16T00:00:00,2025-08-16T01:37:00,5820,0,,,https://example.com/media_388.jpg,a404f44f9f83f42d75bf79eb8e4b5b75acb98a0ef350bf29c1a0c67857e456f8,1.78,29.3,REJECTED
rep_0390,usr_001,0.6,"Porbandar, Gujarat",west,high-waves,Severe,જેટી પાસે ભારે મોજાના કારણે નુકસાન.,gu,21.669054,69.618949,15.76,2025-08-18T13:58:39.034428,2025-08-18T14:24:39.034428,1560,0,,,https://example.com/media_389.jpg,5177b12910e54510a90988bf88056da73816b327b8443919e74d8a7f5733fe4e,3.7,63.4,VERIFIED
rep_0391,usr_050,0.6,"Kozhikode, Kerala",west,flood,Low,തീരദേശ റോഡുകൾ വെള്ളത്തിനടിയിലായി.,ml,11.236342,75.785099,124.31,2025-08-17T01:03:37.775465,2025-08-17T01:28:37.775465,1500,0,,,https://example.com/media_390.jpg,6b5769dd46fbab4ab5c803360ef37179a84e78489863a5273e2c8a2fa77acdf5,3.43,62.1,VERIFIED
rep_0392,usr_046,0.6,"Visakhapatnam, Andhra Pradesh",east,flood,Moderate,సముద్రపు నీరు గ్రామంలోకి ప్రవేశించి ఇళ్లను ముంచెత్తింది.,te,17.700904,83.201269,77.73,2025-08-18T13:24:37.647549,2025-08-18T13:48:37.647549,1440,0,,,https://example.com/media_391.jpg,5f8152bf9888b7403c50bdbdf7acc383a15368e08be7f857668adf67288564ff,3.63,67.3,VERIFIED
rep_0393,usr_037,0.45,"Visakhapatnam, Andhra Pradesh",east,storm-surge,Severe,चक्रवाती हवाओं के साथ समुद्र में भारी जल स्तर वृद्धि।,hi,17.683272,83.232206,18.86,2025-08-18T17:07:49.674593,2025-08-18T17:32:49.674593,1500,0,,,https://example.com/media_392.jpg,4a68e3040028d6b3525c9128c9ddcc0c8a12a7cc57b8d0a90529bbb221e9fb43,2.83,51.7,VERIFIED
rep_0394,usr_034,0.2,"Kozhikode, Kerala",west,flood,Low,കടൽക്ഷോഭത്തെ തുടർന്ന് വീടുകളിൽ വെള്ളം കയറി.,ml,11.288174,75.788599,11.32,2025-08-16T23:01:58.020383,2025-08-16T23:08:58.020383,420,1,11.283994,75.795698,,,3.87,66.8,VERIFIED
rep_0395,usr_002,0.88,"Alibaug, Maharashtra",west,flood,Low,उधाणाचे पाणी गावातील घरांमध्ये शिरले असून रस्ते पाण्याखाली गेले आहेत.,mr,18.626191,72.899951,21.65,2025-08-17T18:47:58.983511,2025-08-17T19:06:58.983511,1140,0,,,https://example.com/media_394.jpg,b107263efd890650256f9db27290d0fdea10cce31bd99bc0af6d64a7ae815569,2.71,64.0,VERIFIED
rep_0396,usr_045,0.88,"Digha, West Bengal",east,storm-surge,Low,প্রচণ্ড জলোচ্ছ্বাস শুরু হয়েছে।,bn,21.649079,87.502363,111.07,2025-08-17T19:38:32.019607,2025-08-17T19:56:32.019607,1080,1,21.650167,87.503172,https://example.com/media_395.jpg,7f36f3cd77a55c3033eac28e9ec448c8b52ba874a5ed9e85cb78b53c6cd65c6d,2.42,65.4,VERIFIED
rep_0397,usr_044,0.6,"Kozhikode, Kerala",west,flood,High,Tidal seawater inundating low-lying residential houses near beach.,en,11.239166,75.787109,109.52,2025-08-16T18:44:10.003401,2025-08-16T19:12:10.003401,1680,1,11.23981,75.784565,https://example.com/media_396.jpg,faf5001a24d339561ca7f8f51bf3e8d19043d734dc6245567903a8aeaa3c08d7,3.27,62.5,VERIFIED
rep_0398,usr_033,0.6,"Visakhapatnam, Andhra Pradesh",east,storm-surge,High,Hotel discount booking promotion near seaside.,en,18.00581,83.507884,6.7,2025-08-17T23:00:00,2025-08-18T03:56:00,17760,1,18.111134,83.559096,,,1.01,10.9,REJECTED
rep_0399,usr_013,0.88,"Visakhapatnam, Andhra Pradesh",east,flood,Moderate,High tide flooding entered coastal market area.,en,17.65636,83.229001,24.64,2025-08-18T12:37:31.598119,2025-08-18T12:55:31.598119,1080,0,,,https://example.com/media_398.jpg,c279db958928c83acecbd80b32e747ae22122fe8b4c64b71c04eb52ff50f758e,2.21,45.3,VERIFIED
rep_0400,usr_041,0.45,"Porbandar, Gujarat",west,coastal-erosion,Low,"Observed water activity near coast in Porbandar, Gujarat.",gu,21.621386,69.633635,39.23,2025-08-17T07:00:00,2025-08-17T07:41:00,2460,0,,,,,1.69,35.5,VERIFIED
rep_0401,usr_005,0.45,"Alibaug, Maharashtra",west,flood,Low,उधाणाचे पाणी गावातील घरांमध्ये शिरले असून रस्ते पाण्याखाली गेले आहेत.,mr,18.638204,72.888272,108.57,2025-08-17T15:23:35.422344,2025-08-17T16:37:35.422344,4440,0,,,https://example.com/media_400.jpg,c420cce9edddcd1da658326abe21ddc8036753068b14cc90c8da4dd436ba79f4,3.02,61.8,VERIFIED
rep_0402,usr_017,0.6,"Digha, West Bengal",east,storm-surge,Moderate,Severe storm surge and cyclonic gale winds hitting the harbor.,en,21.607169,87.471157,7.22,2025-08-17T20:15:09.799247,2025-08-17T20:36:09.799247,1260,0,,,https://example.com/media_401.jpg,ccfa633399dad1344a48e528ebd6459c3396f9f8179bfdb31d66c5998a880337,2.18,86.5,VERIFIED
rep_0403,usr_045,0.88,"Alibaug, Maharashtra",west,flood,Low,"समुद्र का पानी तटीय बस्तियों में घुस गया है, भारी जलभराव।",hi,18.600088,72.889481,20.26,2025-08-17T15:58:38.543469,2025-08-17T17:39:38.543469,6060,0,,,,,2.61,65.2,VERIFIED
rep_0404,usr_043,0.6,"Nagapattinam, Tamil Nadu",east,high-waves,Low,கடற்கரையில் இனிமையான காற்று வீசுகிறது.,ta,10.951991,80.160654,99.88,2025-08-17T20:00:00,2025-08-18T00:23:00,15780,0,,,https://example.com/media_403.jpg,982024fd0aa42821be26dedc4e0ac91a58b600fb008233b534a1d659b12c38e5,1.04,17.9,REJECTED
rep_0405,usr_013,0.88,"Puri, Odisha",east,coastal-erosion,Severe,ସମୁଦ୍ର କୂଳ ଲଗାତାର ଧୋଇ ହୋଇ ନଷ୍ଟ ହେଉଛି ।,or,19.808298,85.857472,8.14,2025-08-17T02:36:21.284338,2025-08-17T02:57:21.284338,1260,0,,,https://example.com/media_404.jpg,37e65a4caf255c27049a93466ab565ec6dff833ba69873ffe02b9088420a211b,3.0,46.9,VERIFIED
rep_0406,usr_028,0.88,"Surat, Gujarat",west,flood,High,દરિયાના પાણી નીચાણવાળા વિસ્તારોમાં ઘૂસી ગયા છે.,gu,21.096753,72.637103,94.17,2025-08-15T09:42:12.351934,2025-08-15T09:55:12.351934,780,1,21.104404,72.641055,https://example.com/media_405.jpg,69f0d9172eb3924b4fec7a4d0717be82a40f2e216fd8305bc0e212edba6eb9f9,2.6,58.7,VERIFIED
rep_0407,usr_022,0.45,"Kochi, Kerala",west,high-waves,Low,"समुद्र में भारी उफान, नावों का संचालन पूरी तरह ठप।",hi,9.946689,76.233979,19.11,2025-08-18T20:09:36.119278,2025-08-18T21:55:36.119278,6360,0,,,,,2.18,28.5,VERIFIED
rep_0408,usr_033,0.6,"Porbandar, Gujarat",west,flood,Severe,દરિયાના પાણી નીચાણવાળા વિસ્તારોમાં ઘૂસી ગયા છે.,gu,21.649192,69.670928,15.32,2025-08-18T13:15:16.084766,2025-08-18T14:33:16.084766,4680,0,,,https://example.com/media_407.jpg,b8818c0364723a71f9c47181a289c26c32d0e725240b42692dbbc0e7a952f17e,3.5,53.7,VERIFIED
rep_0409,usr_036,0.6,"Kozhikode, Kerala",west,flood,Moderate,കടൽക്ഷോഭത്തെ തുടർന്ന് വീടുകളിൽ വെള്ളം കയറി.,ml,11.236072,75.770672,5.19,2025-08-16T22:58:19.937619,2025-08-16T23:15:19.937619,1020,0,,,,,3.24,74.2,VERIFIED
rep_0410,usr_022,0.45,"Surat, Gujarat",west,flood,High,ભરતીના પાણીથી રસ્તાઓ જળબંબાકાર.,gu,21.119605,72.634557,14.5,2025-08-15T10:35:55.409466,2025-08-15T11:02:55.409466,1620,1,21.125153,72.633205,https://example.com/media_409.jpg,a917777e0d2a1f0a3fb79453d2807a7bb092c2b28c5bdd75cb638df6928bae69,3.58,69.4,VERIFIED
rep_0411,usr_019,0.45,"Digha, West Bengal",east,storm-surge,Moderate,প্রচণ্ড জলোচ্ছ্বাস শুরু হয়েছে।,bn,21.61374,87.490874,23.2,2025-08-17T23:39:00.810213,2025-08-17T23:50:00.810213,660,1,21.615839,87.490737,https://example.com/media_410.jpg,e5c11ae48146167e248b2d70e45b54f33601d37f2427323e8d9d57b6d7743973,2.1,64.0,VERIFIED
rep_0412,usr_020,0.88,"Nagapattinam, Tamil Nadu",east,flood,High,சுற்றுலா படகு சவாரி மற்றும் விடுதி முன்பதிவு.,ta,10.764004,79.835036,4.71,2025-08-18T07:00:00,2025-08-18T11:21:00,15660,0,,,https://example.com/media_411.jpg,77faf1e3197bd1953c138d0799f899afe3495ad16662b77caf16df02b9e8a11f,1.13,17.9,REJECTED
rep_0413,usr_030,0.6,"Kozhikode, Kerala",west,storm-surge,Moderate,റിസോർട്ട് ബുക്കിംഗിന് വിളിക്കുക.,ml,11.561126,76.089858,5.15,2025-08-19T00:00:00,2025-08-19T00:58:00,3480,0,,,https://example.com/media_412.jpg,4857c6494ad54a6c0e90b68b042ac1904b364e842111b048b695b65db3a5d024,0.75,19.9,REJECTED
rep_0414,usr_041,0.45,"Kochi, Kerala",west,high-waves,Low,കടലാക്രമണം ശക്തമായി.,ml,9.963957,76.274894,23.17,2025-08-18T17:22:11.004538,2025-08-18T17:40:11.004538,1080,1,9.964109,76.272866,https://example.com/media_413.jpg,6e95a636559687e7c7e960d068d864081bbc611a79bf2edf5243c50abfc4b6f6,2.18,32.2,VERIFIED
rep_0415,usr_045,0.88,"Puri, Odisha",east,high-waves,Moderate,ସମୁଦ୍ରରେ ୪ ମିଟରରୁ ଅଧିକ ଉଚ୍ଚ ଲହଡ଼ି ମାଡ଼ି ଆସୁଛି ।,or,19.803173,85.797493,5.21,2025-08-17T07:25:12.512160,2025-08-17T07:37:12.512160,720,1,19.806262,85.795721,https://example.com/media_414.jpg,ed132f60960fca8e84a3aebdbb1543ceb33f064680cae199f29ef2a90744f749,2.1,40.4,VERIFIED
rep_0416,usr_039,0.45,"Alibaug, Maharashtra",west,flood,Low,बीच रिसॉर्ट बुकिंगसाठी आजच कॉल करा.,mr,18.865757,73.057729,12.16,2025-08-15T11:00:00,2025-08-15T15:42:00,16920,0,,,https://example.com/media_415.jpg,e74e375201e590bc1de48c1a0ed3c6bc65e3f2605955148911b050a57088784f,0.72,13.3,REJECTED
rep_0417,usr_020,0.88,"Puri, Odisha",east,high-waves,Moderate,ସମୁଦ୍ରରେ ୪ ମିଟରରୁ ଅଧିକ ଉଚ୍ଚ ଲହଡ଼ି ମାଡ଼ି ଆସୁଛି ।,or,19.83857,85.837847,23.58,2025-08-17T00:39:03.184472,2025-08-17T05:31:03.184472,17520,1,19.838696,85.839594,https://example.com/media_416.jpg,5ac8072537f254dea8d3bde0cd7978952c7eaaa4b88394bfc99a046b75511754,2.74,39.6,VERIFIED
rep_0418,usr_033,0.6,"Digha, West Bengal",east,storm-surge,High,প্রচণ্ড জলোচ্ছ্বাস শুরু হয়েছে।,bn,21.60338,87.513887,23.69,2025-08-17T20:09:21.235082,2025-08-17T20:14:21.235082,300,1,21.600764,87.51516,https://example.com/media_417.jpg,c8b077b755e8560126a7f34a446cef63fbb1f77c5f9957a14eba3ee30e78f898,2.08,73.2,VERIFIED
rep_0419,usr_014,0.88,"Surat, Gujarat",west,flood,Severe,ભરતીના પાણીથી રસ્તાઓ જળબંબાકાર.,gu,21.066261,72.603602,103.62,2025-08-15T14:23:55.695503,2025-08-15T14:48:55.695503,1500,0,,,,,3.83,76.6,VERIFIED
rep_0420,usr_002,0.88,"Puri, Odisha",east,high-waves,Moderate,ବେଳାଭୂମିରେ ପ୍ରବଳ ଢେଉର ପ୍ରକୋପ ।,or,19.794942,85.825595,24.77,2025-08-17T08:46:32.010029,2025-08-17T08:52:32.010029,360,1,19.788596,85.819904,https://example.com/media_419.jpg,4f4e6bf2ca518ad080873b2b80ad11b7c8b6b23c2231da4536ae8f3f524a8075,2.22,26.7,VERIFIED
rep_0421,usr_016,0.6,"Digha, West Bengal",east,tsunami,Moderate,আজকে আবহাওয়া খুব ভালো।,bn,21.607382,87.514493,6.81,2025-08-16T19:00:00,2025-08-16T19:22:00,1320,0,,,https://example.com/media_420.jpg,4857c6494ad54a6c0e90b68b042ac1904b364e842111b048b695b65db3a5d024,1.11,16.2,REJECTED
rep_0422,usr_043,0.6,"Visakhapatnam, Andhra Pradesh",east,flood,Moderate,సముద్రపు నీరు గ్రామంలోకి ప్రవేశించి ఇళ్లను ముంచెత్తింది.,te,17.667816,83.190698,15.43,2025-08-18T17:53:17.433471,2025-08-18T18:04:17.433471,660,1,17.666814,83.189634,https://example.com/media_421.jpg,ee1ab259a57e700901fb01743ea5969a774603a90f655c1106351e725a442650,3.5,54.2,VERIFIED
rep_0423,usr_028,0.88,"Puri, Odisha",east,high-waves,Moderate,ବେଳାଭୂମିରେ ପ୍ରବଳ ଢେଉର ପ୍ରକୋପ ।,or,19.801519,85.822084,74.9,2025-08-17T15:28:42.775711,2025-08-17T15:45:42.775711,1020,1,19.796133,85.823899,https://example.com/media_422.jpg,dd0b5f60ba9b8b4d2304bdc3449e46294a4dda8a81bd0acd9c243ba701b66210,2.32,36.9,VERIFIED
rep_0424,usr_031,0.45,"Mumbai, Maharashtra",west,coastal-erosion,Moderate,किनारी फिरायला छान वातावरण आहे.,mr,19.024473,73.159443,9.45,2025-08-16T19:00:00,2025-08-16T22:22:00,12120,0,,,https://example.com/media_423.jpg,4857c6494ad54a6c0e90b68b042ac1904b364e842111b048b695b65db3a5d024,0.74,14.6,REJECTED
rep_0425,usr_013,0.88,"Surat, Gujarat",west,flood,Low,હોટેલ અને બીચ ટૂર માટે સંપર્ક કરો.,gu,21.426647,72.924,7.85,2025-08-16T22:00:00,2025-08-16T22:46:00,2760,0,,,https://example.com/media_424.jpg,97634dc81b3b60f446e12a0d43e161ffd5c692736dd4562cfa604437e29c3125,1.07,15.8,REJECTED
rep_0426,usr_037,0.45,"Porbandar, Gujarat",west,high-waves,Moderate,तटीय क्षेत्र में 4 मीटर से ऊंची खतरनाक लहरें उठ रही हैं।,hi,21.630246,69.644,19.44,2025-08-18T10:42:58.730489,2025-08-18T11:00:58.730489,1080,0,,,https://example.com/media_425.jpg,983cca5e3153920559b34b0bdc6c3d0348467b304c25e24178c97cc588b6e247,3.3,51.1,VERIFIED
rep_0427,usr_030,0.6,"Porbandar, Gujarat",west,high-waves,High,જેટી પાસે ભારે મોજાના કારણે નુકસાન.,gu,21.604938,69.608533,5.25,2025-08-18T09:33:03.195775,2025-08-18T12:15:03.195775,9720,0,,,https://example.com/media_426.jpg,4b602d28e8db099a6609c1160bbb2f2c84da055675c89c1150bbb660c9eabd16,4.03,58.5,VERIFIED
rep_0428,usr_033,0.6,"Chennai, Tamil Nadu",east,coastal-erosion,High,Hotel discount booking promotion near seaside.,en,13.081016,80.254075,179.11,2025-08-16T17:00:00,2025-08-16T18:57:00,7020,0,,,,,1.12,22.2,REJECTED
rep_0429,usr_011,0.6,"Puri, Odisha",east,high-waves,Low,Dangerous rough waves exceeding 4 meters breaching sea wall near fishing jetty.,en,19.832125,85.849958,18.09,2025-08-17T00:45:44.604177,2025-08-17T00:55:44.604177,600,0,,,https://example.com/media_428.jpg,62eb6b46cfa91e084e488ad1e142a1d784b02fc53ccdc1448a0f5ce61a20e24f,1.73,49.0,VERIFIED
rep_0430,usr_049,0.6,"Porbandar, Gujarat",west,storm-surge,Low,હોટેલ અને બીચ ટૂર માટે સંપર્ક કરો.,gu,21.649159,69.621516,57.47,2025-08-15T15:00:00,2025-08-15T18:05:00,11100,0,,,https://example.com/media_429.jpg,e86af1507be8cf8a757783a3c8f696b55ace1b9a82d096e9ea2ea912f3f8d264,0.48,11.9,REJECTED
rep_0431,usr_018,0.6,"Kozhikode, Kerala",west,flood,Severe,ज्वार के कारण तटीय सड़कों पर पानी भर गया है।,hi,11.246762,75.769906,129.18,2025-08-16T21:40:11.801332,2025-08-17T03:35:11.801332,21300,1,11.236612,75.768619,https://example.com/media_430.jpg,c0ceac609c87658ae07892020524394f78060d730e780364723396c08d219d2b,2.68,68.3,VERIFIED
rep_0432,usr_023,0.6,"Paradip, Odisha",east,storm-surge,Moderate,ଆଜି ପାଗ ଖୁବ୍ ଭଲ ଅଛି ।,or,20.336717,86.611792,13.03,2025-08-19T00:00:00,2025-08-19T02:17:00,8220,0,,,https://example.com/media_431.jpg,592e183512c97c3b2c95b5ce311283992fa7cdd38749120acea5127f9f439114,0.51,18.0,REJECTED
rep_0433,usr_041,0.45,"Alibaug, Maharashtra",west,flood,Low,उधाणाचे पाणी गावातील घरांमध्ये शिरले असून रस्ते पाण्याखाली गेले आहेत.,mr,18.621878,72.882009,11.51,2025-08-17T21:27:06.723921,2025-08-17T21:47:06.723921,1200,1,18.61871,72.879495,https://example.com/media_432.jpg,1f8af8fb14d9b9180b1406d0c817bb376512d9aa6b0368558f7eb64eb26505e5,3.15,65.0,VERIFIED
rep_0434,usr_006,0.45,"Kochi, Kerala",west,high-waves,Severe,"Severe swells observed along the promenade, small boats unable to anchor.",en,9.993584,76.260409,22.93,2025-08-18T04:34:44.735767,2025-08-18T05:00:44.735767,1560,0,,,https://example.com/media_433.jpg,c346a88bdd65b76e34f2e8cb4256f707022b2a1b7b4be2ab484d382f02d49965,1.8,40.1,VERIFIED
rep_0435,usr_015,0.6,"Kakinada, Andhra Pradesh",east,storm-surge,Severe,వాతావరణం చాలా ప్రశాంతంగా ఉంది.,te,17.003316,82.243029,187.64,2025-08-16T11:00:00,2025-08-16T11:43:00,2580,0,,,https://example.com/media_434.jpg,8f81f0af975251ac6ffca853255732383f552f89148741e442dcea1506330f51,1.12,15.0,REJECTED
rep_0436,usr_036,0.6,"Paradip, Odisha",east,coastal-erosion,Low,Hotel discount booking promotion near seaside.,en,20.31732,86.61629,4.07,2025-08-17T06:00:00,2025-08-17T07:15:00,4500,0,,,,,1.07,11.7,REJECTED
rep_0437,usr_038,0.6,"Visakhapatnam, Andhra Pradesh",east,flood,Severe,High tide flooding entered coastal market area.,en,17.689927,83.201869,18.59,2025-08-18T09:32:03.744146,2025-08-18T09:54:03.744146,1320,0,,,https://example.com/media_436.jpg,995ec2881f2870b3435e81f514cbf14579bc156277467af2214f40280cdd9eb2,3.06,51.6,VERIFIED
rep_0438,usr_019,0.45,"Porbandar, Gujarat",west,high-waves,Moderate,"Severe swells observed along the promenade, small boats unable to anchor.",en,21.666269,69.607549,82.01,2025-08-18T09:19:53.382560,2025-08-18T09:44:53.382560,1500,0,,,https://example.com/media_437.jpg,5de01dd3b9e5cce3656a9778e7315d7a2b8e430127f53c3a225a15b287e3aedd,3.45,77.9,VERIFIED
rep_0439,usr_014,0.88,"Paradip, Odisha",east,flood,Severe,ଆଜି ପାଗ ଖୁବ୍ ଭଲ ଅଛି ।,or,20.335446,86.617895,8.85,2025-08-15T09:00:00,2025-08-15T13:50:00,17400,0,,,,,0.99,22.7,REJECTED
rep_0440,usr_049,0.6,"Panaji, Goa",west,high-waves,Low,"Observed water activity near coast in Panaji, Goa.",en,15.466801,73.82354,47.86,2025-08-15T23:00:00,2025-08-15T23:56:00,3360,0,,,https://example.com/media_439.jpg,79febddc24caabbef732d0cbfbfa60f388c53683e9269016c9d2ae5272cc08f7,1.71,30.1,VERIFIED
rep_0441,usr_046,0.6,"Kochi, Kerala",west,coastal-erosion,Severe,റിസോർട്ട് ബുക്കിംഗിന് വിളിക്കുക.,ml,9.921645,76.262267,13.77,2025-08-17T05:00:00,2025-08-17T06:02:00,3720,0,,,,,0.58,19.8,REJECTED
rep_0442,usr_028,0.88,"Visakhapatnam, Andhra Pradesh",east,flood,Severe,"Observed water activity near coast in Visakhapatnam, Andhra Pradesh.",en,17.753591,83.264537,27.19,2025-08-18T10:00:00,2025-08-18T11:10:00,4200,0,,,https://example.com/media_441.jpg,8310a0fe4ce89c3be8f6c196961db274ca1eeed71ed5f98113db8625cbc38317,1.79,33.5,VERIFIED
rep_0443,usr_008,0.88,"Visakhapatnam, Andhra Pradesh",east,flood,Low,సముద్రపు నీరు గ్రామంలోకి ప్రవేశించి ఇళ్లను ముంచెత్తింది.,te,17.66376,83.229556,124.52,2025-08-18T10:29:29.158354,2025-08-18T12:36:29.158354,7620,0,,,,,3.24,51.9,VERIFIED
rep_0444,usr_008,0.88,"Puri, Odisha",east,high-waves,Severe,ସମୁଦ୍ରରେ ୪ ମିଟରରୁ ଅଧିକ ଉଚ୍ଚ ଲହଡ଼ି ମାଡ଼ି ଆସୁଛି ।,or,19.816154,85.829073,24.75,2025-08-17T10:21:07.209736,2025-08-17T10:35:07.209736,840,1,19.815537,85.827401,https://example.com/media_443.jpg,7fb1c2915095306931f422eb6a42449c6e1118fa1c4cb70e4123d85384ab721c,0.62,63.9,VERIFIED
rep_0445,usr_002,0.88,"Panaji, Goa",west,tsunami,Low,समुद्र किनारे होटल बुकिंग के लिए संपर्क करें।,hi,15.493466,73.815781,13.05,2025-08-16T09:00:00,2025-08-16T10:10:00,4200,0,,,,,0.99,21.3,REJECTED
rep_0446,usr_021,0.45,"Alibaug, Maharashtra",west,high-waves,High,बीच रिसॉर्ट बुकिंगसाठी आजच कॉल करा.,mr,18.777082,72.995727,13.22,2025-08-18T19:00:00,2025-08-18T19:10:00,600,1,18.974071,73.121649,https://example.com/media_445.jpg,3db7de39faf84ad7045224a08a33ff4d0861be2b8367d40ac93df4962dc1ec50,0.89,16.3,REJECTED
rep_0447,usr_029,0.45,"Surat, Gujarat",west,tsunami,Moderate,હોટેલ અને બીચ ટૂર માટે સંપર્ક કરો.,gu,21.105531,72.667088,136.99,2025-08-15T11:00:00,2025-08-15T12:46:00,6360,0,,,,,1.0,10.7,REJECTED
rep_0448,usr_014,0.88,"Nagapattinam, Tamil Nadu",east,storm-surge,Low,Sunny clear weather at beach having fun with friends.,en,11.044058,80.036344,6.13,2025-08-18T21:00:00,2025-08-19T00:47:00,13620,0,,,https://example.com/media_447.jpg,57809c910d40939267f159c59726034039ff664446c7bc3cb7f98780b6b0050a,0.81,24.2,REJECTED
rep_0449,usr_018,0.6,"Visakhapatnam, Andhra Pradesh",east,flood,Severe,బీచ్ రిసార్ట్ ఆఫర్లు మరియు బుకింగ్.,te,17.673493,83.212876,4.97,2025-08-18T12:00:00,2025-08-18T14:16:00,8160,0,,,https://example.com/media_448.jpg,d3b6c5241de63fc9645be136c27f4995c7134eb1ae6b1b247fa092b9e9db273a,1.11,15.7,REJECTED
rep_0450,usr_041,0.45,"Digha, West Bengal",east,storm-surge,High,প্রচণ্ড জলোচ্ছ্বাস শুরু হয়েছে।,bn,21.607756,87.502513,9.52,2025-08-17T13:27:36.861163,2025-08-17T13:55:36.861163,1680,1,21.600209,87.509859,https://example.com/media_449.jpg,c382bf519f8d94123429779d39539b60aac874f17ed09037b32a5e8a9c62e7a7,3.02,83.1,VERIFIED
rep_0451,usr_004,0.6,"Surat, Gujarat",west,storm-surge,Moderate,હોટેલ અને બીચ ટૂર માટે સંપર્ક કરો.,gu,21.106926,72.652685,194.88,2025-08-15T23:00:00,2025-08-16T01:22:00,8520,0,,,,,1.16,17.2,REJECTED
rep_0452,usr_037,0.45,"Kochi, Kerala",west,high-waves,High,തീരത്ത് 4 മീറ്ററിലധികം ഉയരമുള്ള ശക്തമായ തിരമാലകൾ അടിച്ചു കയറുന്നു.,ml,9.926207,76.208247,9.98,2025-08-18T17:46:04.248745,2025-08-18T23:07:04.248745,19260,0,,,https://example.com/media_451.jpg,8a0d891fa9ab4e5f9d44cd17d393904e9ca690c371a500c5edc017e8f3eac99f,2.76,63.0,VERIFIED
rep_0453,usr_006,0.45,"Kochi, Kerala",west,coastal-erosion,Moderate,Hotel discount booking promotion near seaside.,en,9.939195,76.255575,5.88,2025-08-17T22:00:00,2025-08-17T22:15:00,900,0,,,,,0.48,14.3,REJECTED
rep_0454,usr_033,0.6,"Digha, West Bengal",east,storm-surge,Moderate,ঘূর্ণিঝড়ের প্রভাবে জলোচ্ছ্বাসে বাঁধ ভেঙে জল ঢুকছে।,bn,21.583008,87.459334,19.28,2025-08-18T00:18:43.766851,2025-08-18T07:07:43.766851,24540,0,,,https://example.com/media_453.jpg,78088b6193be9b4b2286a881811910bf0aef8e776224dca132fe8bcb6e9388b7,2.15,85.1,VERIFIED
rep_0455,usr_009,0.6,"Alibaug, Maharashtra",west,coastal-erosion,Moderate,तटबंदी कोसळून धूप सुरू.,mr,18.613563,72.877643,11.76,2025-08-17T16:19:13.864496,2025-08-17T16:39:13.864496,1200,0,,,,,3.28,48.1,VERIFIED
rep_0456,usr_042,0.88,"Chennai, Tamil Nadu",east,flood,Moderate,"Observed water activity near coast in Chennai, Tamil Nadu.",ta,13.128173,80.234267,22.3,2025-08-15T20:00:00,2025-08-15T20:15:00,900,0,,,https://example.com/media_455.jpg,d9ebbeee7cc80c49a2e1070829512f5cdc0ca55a86838cc3cbf043db1f32ea39,1.48,28.9,REJECTED
rep_0457,usr_001,0.6,"Digha, West Bengal",east,storm-surge,Low,প্রচণ্ড জলোচ্ছ্বাস শুরু হয়েছে।,bn,21.623706,87.511908,13.21,2025-08-17T17:35:23.213469,2025-08-17T17:51:23.213469,960,0,,,https://example.com/media_456.jpg,b111567b56767b1f23629ec16005105e8537dac3edbd07bf4691171745b27cde,2.17,65.9,VERIFIED
rep_0458,usr_043,0.6,"Paradip, Odisha",east,high-waves,Severe,"Observed water activity near coast in Paradip, Odisha.",or,20.348239,86.649704,20.23,2025-08-16T19:00:00,2025-08-16T19:20:00,1200,0,,,,,1.63,26.4,VERIFIED
rep_0459,usr_003,0.6,"Surat, Gujarat",west,flood,Moderate,Hotel discount booking promotion near seaside.,en,21.141622,72.639652,8.87,2025-08-17T10:00:00,2025-08-17T14:26:00,15960,0,,,,,0.51,21.3,REJECTED
rep_0460,usr_007,0.45,"Kozhikode, Kerala",west,flood,Moderate,കടൽക്ഷോഭത്തെ തുടർന്ന് വീടുകളിൽ വെള്ളം കയറി.,ml,11.243488,75.778331,6.04,2025-08-16T19:40:59.117584,2025-08-16T22:14:59.117584,9240,0,,,https://example.com/media_459.jpg,8d626cfe3a79830c358fcfe1345041a704cad2fbff2c0c42764ec6a7f02bc4bc,3.47,66.6,VERIFIED
rep_0461,usr_050,0.6,"Digha, West Bengal",east,flood,Low,High tide flooding entered coastal market area.,en,21.605134,87.470366,20.65,2025-08-17T13:04:55.795437,2025-08-17T13:12:55.795437,480,1,21.604461,87.46491,https://example.com/media_460.jpg,cedc48c17b5839df79ba28c7e09c98505d544e18c7bd74c5a040af471fe7ae4d,2.55,63.1,VERIFIED
rep_0462,usr_006,0.45,"Paradip, Odisha",east,high-waves,Moderate,ଆଜି ପାଗ ଖୁବ୍ ଭଲ ଅଛି ।,or,20.538242,86.880443,75.48,2025-08-15T21:00:00,2025-08-15T23:27:00,8820,0,,,https://example.com/media_461.jpg,d43657763029a1ee994b0cbb4910f3efa268071c67a3f22882346b2e59b3a0dc,0.78,10.8,REJECTED
rep_0463,usr_004,0.6,"Porbandar, Gujarat",west,high-waves,High,દરિયામાં ૪ મીટરથી વધુ ઊંચા મોજા ઉછળી રહ્યા છે.,gu,21.675682,69.64865,97.21,2025-08-18T05:32:40.064525,2025-08-18T06:30:40.064525,3480,0,,,https://example.com/media_462.jpg,efff2c02b7378f902ed16ec1b65db3b7459eb3be986a451a690f889dec14c322,4.08,80.4,VERIFIED
rep_0464,usr_024,0.88,"Alibaug, Maharashtra",west,flood,High,समुद्राचे पाणी सखल भागात भरले.,mr,18.621485,72.903447,60.64,2025-08-17T21:04:20.391566,2025-08-18T03:52:20.391566,24480,0,,,https://example.com/media_463.jpg,8da1eada99f0fb6c777999970d63b7a8c3b0594bd579e6981888c34211bc71e7,3.96,66.2,VERIFIED
rep_0465,usr_049,0.6,"Porbandar, Gujarat",west,tsunami,Severe,હોટેલ અને બીચ ટૂર માટે સંપર્ક કરો.,gu,21.647979,69.631073,6.03,2025-08-17T05:00:00,2025-08-17T08:59:00,14340,0,,,,,1.22,24.6,REJECTED
rep_0466,usr_027,0.88,"Kozhikode, Kerala",west,flood,Severe,തീരദേശ റോഡുകൾ വെള്ളത്തിനടിയിലായി.,ml,11.237423,75.82733,24.12,2025-08-16T20:12:56.891315,2025-08-16T21:24:56.891315,4320,1,11.239982,75.826883,,,2.9,67.5,VERIFIED
rep_0467,usr_014,0.88,"Surat, Gujarat",west,high-waves,Moderate,Sunny clear weather at beach having fun with friends.,en,21.252808,72.914915,166.5,2025-08-16T11:00:00,2025-08-16T13:41:00,9660,0,,,,,0.87,14.6,REJECTED
rep_0468,usr_035,0.6,"Visakhapatnam, Andhra Pradesh",east,flood,High,"समुद्र का पानी तटीय बस्तियों में घुस गया है, भारी जलभराव।",hi,17.642,83.16738,7.66,2025-08-18T06:56:22.608233,2025-08-18T07:26:22.608233,1800,0,,,https://example.com/media_467.jpg,db0b8a48d43f947e628f72bc6440b2e7cbe4ad8fd7bc34983a1e3d790ab381ff,4.84,52.0,VERIFIED
rep_0469,usr_027,0.88,"Digha, West Bengal",east,tsunami,High,Hotel discount booking promotion near seaside.,en,21.972621,87.756408,7.27,2025-08-18T19:00:00,2025-08-18T20:04:00,3840,0,,,https://example.com/media_468.jpg,fad45b9650bc3a7e6e4b6ab39769c49ccdd0a8d7eafdf72e2c09f661c059f5c7,0.63,10.2,REJECTED
rep_0470,usr_041,0.45,"Nagapattinam, Tamil Nadu",east,coastal-erosion,Severe,"Observed water activity near coast in Nagapattinam, Tamil Nadu.",ta,10.775838,79.823058,30.75,2025-08-16T02:00:00,2025-08-16T03:12:00,4320,0,,,,,1.68,34.8,VERIFIED
rep_0471,usr_031,0.45,"Digha, West Bengal",east,storm-surge,Severe,প্রচণ্ড জলোচ্ছ্বাস শুরু হয়েছে।,bn,21.580176,87.497966,106.97,2025-08-17T23:23:36.753383,2025-08-17T23:40:36.753383,1020,0,,,https://example.com/media_470.jpg,1627b14cb33c05429054a683ce9680e660f12c293db38be897b0d5312bd4775a,2.03,78.7,VERIFIED
rep_0472,usr_034,0.2,"Porbandar, Gujarat",west,high-waves,Low,દરિયામાં ૪ મીટરથી વધુ ઊંચા મોજા ઉછળી રહ્યા છે.,gu,21.654079,69.612606,5.41,2025-08-18T03:28:12.622801,2025-08-18T07:41:12.622801,15180,0,,,https://example.com/media_471.jpg,b64b0a4c9d8ea2c2974199475a79a61c5863b5501103f59d43eae2aeab542027,3.5,60.6,VERIFIED
rep_0473,usr_022,0.45,"Digha, West Bengal",east,storm-surge,Low,चक्रवाती हवाओं के साथ समुद्र में भारी जल स्तर वृद्धि।,hi,21.590227,87.49184,8.26,2025-08-17T22:32:56.215034,2025-08-17T22:40:56.215034,480,1,21.590993,87.49296,https://example.com/media_472.jpg,ad18a10dfa0a92ce98675f1e38807435bf96542c94a1624fe5a0f710c1d82a17,1.94,69.0,VERIFIED
rep_0474,usr_002,0.88,"Porbandar, Gujarat",west,high-waves,Low,"Observed water activity near coast in Porbandar, Gujarat.",gu,21.668019,69.664297,29.04,2025-08-15T21:00:00,2025-08-15T22:17:00,4620,0,,,,,1.43,36.5,REJECTED
rep_0475,usr_019,0.45,"Alibaug, Maharashtra",west,flood,High,समुद्राचे पाणी सखल भागात भरले.,mr,18.61629,72.893652,6.7,2025-08-17T21:08:41.785498,2025-08-17T21:34:41.785498,1560,1,18.618754,72.897093,https://example.com/media_474.jpg,4527b83ba84b59a8e4789b4ccad2f1d72e669488a22c87382beacc5d642809f1,2.91,68.5,VERIFIED
rep_0476,usr_046,0.6,"Puri, Odisha",east,flood,Severe,"Observed water activity near coast in Puri, Odisha.",or,19.867034,85.767889,51.11,2025-08-17T20:00:00,2025-08-17T21:59:00,7140,0,,,https://example.com/media_475.jpg,920e24764c4384a64afe8d695d661faf8ba904ad047495a27ce5b4396cf3475c,1.29,30.8,VERIFIED
rep_0477,usr_018,0.6,"Surat, Gujarat",west,flood,High,"Observed water activity near coast in Surat, Gujarat.",en,21.132998,72.646176,35.4,2025-08-17T11:00:00,2025-08-17T12:32:00,5520,0,,,https://example.com/media_476.jpg,caa98f3148730fb3d2b126f3e4b48b769b266a60099995a1ebb3ad1d6700800f,1.45,34.0,REJECTED
rep_0478,usr_042,0.88,"Visakhapatnam, Andhra Pradesh",east,flood,Severe,High tide flooding entered coastal market area.,en,17.64882,83.196495,15.72,2025-08-18T07:04:14.433055,2025-08-18T07:11:14.433055,420,1,17.654303,83.199673,https://example.com/media_477.jpg,372d6033c16fda5bfabb966f2ec46017fd250078418681f93204f360da38f3e0,3.5,40.6,VERIFIED
rep_0479,usr_008,0.88,"Mumbai, Maharashtra",west,high-waves,Moderate,"Observed water activity near coast in Mumbai, Maharashtra.",mr,18.957022,72.785693,52.76,2025-08-17T12:00:00,2025-08-17T12:46:00,2760,0,,,https://example.com/media_478.jpg,a0d27c0a3dd6fdf6196708c6918c33c6b3876120fb515012eb1be6fe2d5cfc66,1.29,36.1,REJECTED
rep_0480,usr_009,0.6,"Digha, West Bengal",east,flood,Severe,"জোয়ারের জলে উপকূলীয় গ্রাম প্লাবিত হয়েছে, ঘরে জল ঢুকেছে।",bn,21.612444,87.491901,12.43,2025-08-17T23:11:12.039652,2025-08-17T23:16:12.039652,300,0,,,https://example.com/media_479.jpg,b87f8b7165557f976339c9df73fccc60eaf856341a514b2beb35f199e8149fe8,2.97,78.8,VERIFIED
rep_0481,usr_012,0.6,"Puri, Odisha",east,high-waves,Severe,ବେଳାଭୂମିରେ ପ୍ରବଳ ଢେଉର ପ୍ରକୋପ ।,or,19.803805,85.805867,13.23,2025-08-16T21:36:36.946938,2025-08-16T22:05:36.946938,1740,1,19.805013,85.79982,https://example.com/media_480.jpg,c63e0422314b9f6bf5c009669ed0aaa2f0b71466bdd5e9f2adb50a4909389810,2.86,53.8,VERIFIED
rep_0482,usr_017,0.6,"Digha, West Bengal",east,tsunami,Low,দীঘা সমুদ্র সৈকত হোটেল বুকিং ডিসকাউন্ট।,bn,21.623948,87.497242,14.68,2025-08-18T14:00:00,2025-08-18T14:38:00,2280,0,,,,,0.51,13.2,REJECTED
rep_0483,usr_030,0.6,"Mangalore, Karnataka",west,storm-surge,Low,Sunny clear weather at beach having fun with friends.,en,12.906003,74.861495,7.46,2025-08-17T01:00:00,2025-08-17T01:24:00,1440,0,,,https://example.com/media_482.jpg,7616ed196347c1a95c762786a7a678826e59f2a50a5c6315b426cc7e2ff00a78,0.49,15.4,REJECTED
rep_0484,usr_001,0.6,"Kochi, Kerala",west,high-waves,High,तटीय क्षेत्र में 4 मीटर से ऊंची खतरनाक लहरें उठ रही हैं।,hi,9.948288,76.305704,6.7,2025-08-18T02:00:32.496910,2025-08-18T05:04:32.496910,11040,0,,,https://example.com/media_483.jpg,ec36ceb94b75be52e13c94e82a5f816f1e7f8453b990f05812904688f1cfba92,2.74,40.9,VERIFIED
rep_0485,usr_047,0.88,"Kozhikode, Kerala",west,flood,Low,റിസോർട്ട് ബുക്കിംഗിന് വിളിക്കുക.,ml,11.267172,75.786275,56.16,2025-08-18T10:00:00,2025-08-18T10:29:00,1740,0,,,https://example.com/media_484.jpg,bf887aca16d2877c7bce1da4e9550f376770bb76673ae8a699ff4a58a762f336,0.93,15.7,REJECTED
rep_0486,usr_006,0.45,"Kakinada, Andhra Pradesh",east,flood,High,"Observed water activity near coast in Kakinada, Andhra Pradesh.",te,17.004548,82.206599,50.75,2025-08-18T12:00:00,2025-08-18T13:38:00,5880,0,,,https://example.com/media_485.jpg,d6d72f9e2765559b568de83d1cdb2d0b68686bef6b960551b3949cdd3d1d9610,1.78,31.7,VERIFIED
rep_0487,usr_009,0.6,"Alibaug, Maharashtra",west,flood,Low,समुद्राचे पाणी सखल भागात भरले.,mr,18.591905,72.844061,121.28,2025-08-17T21:39:50.850767,2025-08-18T00:16:50.850767,9420,0,,,https://example.com/media_486.jpg,7bd444fb4a75ea670eaacf0fb2fccd7df441dbe1a8df7571d29dbe03d395eeab,3.38,60.7,VERIFIED
rep_0488,usr_030,0.6,"Alibaug, Maharashtra",west,flood,Severe,समुद्राचे पाणी सखल भागात भरले.,mr,18.623662,72.884506,12.07,2025-08-17T17:32:10.907174,2025-08-17T17:41:10.907174,540,1,18.622574,72.880196,,,3.53,59.0,VERIFIED
rep_0489,usr_040,0.6,"Porbandar, Gujarat",west,high-waves,Moderate,"समुद्र में भारी उफान, नावों का संचालन पूरी तरह ठप।",hi,21.616475,69.635824,6.67,2025-08-18T00:01:37.402150,2025-08-18T00:31:37.402150,1800,1,21.60868,69.638352,,,4.92,68.3,VERIFIED
rep_0490,usr_005,0.45,"Porbandar, Gujarat",west,coastal-erosion,High,આજે દરિયાકિનારે રમવાની મજા આવી.,gu,21.637194,69.621205,9.42,2025-08-17T09:00:00,2025-08-17T12:51:00,13860,0,,,https://example.com/media_489.jpg,4857c6494ad54a6c0e90b68b042ac1904b364e842111b048b695b65db3a5d024,0.56,11.6,REJECTED
rep_0491,usr_032,0.45,"Porbandar, Gujarat",west,coastal-erosion,Severe,"Observed water activity near coast in Porbandar, Gujarat.",en,21.66657,69.65104,41.8,2025-08-18T07:00:00,2025-08-18T07:19:00,1140,0,,,,,1.29,27.8,REJECTED
rep_0492,usr_024,0.88,"Surat, Gujarat",west,flood,Low,દરિયાના પાણી નીચાણવાળા વિસ્તારોમાં ઘૂસી ગયા છે.,gu,21.150671,72.650271,18.67,2025-08-15T15:24:35.497155,2025-08-15T18:08:35.497155,9840,1,21.149571,72.649013,https://example.com/media_491.jpg,74a46e1f700c0d7d7f7dc0a39253d3d3e79819cdf80a9b2ca4f8558c76fa51c5,2.88,62.6,VERIFIED
rep_0493,usr_028,0.88,"Kozhikode, Kerala",west,high-waves,Severe,"Observed water activity near coast in Kozhikode, Kerala.",en,11.281514,75.848278,39.27,2025-08-17T14:00:00,2025-08-17T15:00:00,3600,0,,,,,1.67,37.6,VERIFIED
rep_0494,usr_036,0.6,"Puri, Odisha",east,tsunami,Severe,Sunny clear weather at beach having fun with friends.,en,20.088635,86.067392,10.97,2025-08-15T08:00:00,2025-08-15T09:27:00,5220,0,,,,,1.14,21.0,REJECTED
rep_0495,usr_008,0.88,"Puri, Odisha",east,coastal-erosion,Moderate,"Observed water activity near coast in Puri, Odisha.",or,19.809641,85.879067,59.53,2025-08-18T09:00:00,2025-08-18T09:27:00,1620,0,,,,,1.71,33.2,REJECTED
rep_0496,usr_035,0.6,"Porbandar, Gujarat",west,high-waves,High,જેટી પાસે ભારે મોજાના કારણે નુકસાન.,gu,21.647285,69.651431,117.96,2025-08-18T04:31:31.359339,2025-08-18T04:39:31.359339,480,0,,,https://example.com/media_495.jpg,7d0d707bb65f6f17cb1a1e234f69bf92fa8a0840f44f1235b6e86ea4a46c4692,3.31,67.6,VERIFIED
rep_0497,usr_012,0.6,"Puri, Odisha",east,high-waves,Low,ବେଳାଭୂମିରେ ପ୍ରବଳ ଢେଉର ପ୍ରକୋପ ।,or,19.816093,85.860938,12.63,2025-08-17T08:47:13.751888,2025-08-17T08:55:13.751888,480,0,,,https://example.com/media_496.jpg,bef2874974e1dbbeec9f89102c46388074393e5d0637c44bc1fa73df9b94cb66,1.91,42.6,VERIFIED
rep_0498,usr_049,0.6,"Digha, West Bengal",east,storm-surge,Low,প্রচণ্ড জলোচ্ছ্বাস শুরু হয়েছে।,bn,21.579557,87.487919,22.03,2025-08-17T15:54:30.929634,2025-08-17T22:25:30.929634,23460,1,21.580409,87.482925,https://example.com/media_497.jpg,79f754820653824692b7993f277941aec56ec57d9a828e4dcc9321c03a0f828c,2.88,56.6,VERIFIED
rep_0499,usr_015,0.6,"Chennai, Tamil Nadu",east,high-waves,Moderate,"Observed water activity near coast in Chennai, Tamil Nadu.",ta,13.099802,80.25456,53.54,2025-08-17T12:00:00,2025-08-17T12:19:00,1140,0,,,,,1.45,28.1,REJECTED
rep_0500,usr_034,0.2,"Paradip, Odisha",east,tsunami,Moderate,ଆଜି ପାଗ ଖୁବ୍ ଭଲ ଅଛି ।,or,20.442511,86.845891,9.67,2025-08-18T08:00:00,2025-08-18T11:49:00,13740,0,,,,,0.75,10.8,REJECTED
rep_0501,usr_021,0.45,"Porbandar, Gujarat",west,high-waves,Low,દરિયામાં ૪ મીટરથી વધુ ઊંચા મોજા ઉછળી રહ્યા છે.,gu,21.673526,69.659069,17.63,2025-08-18T08:57:08.276955,2025-08-18T09:12:08.276955,900,0,,,,,3.32,58.0,VERIFIED
rep_0502,usr_035,0.6,"Digha, West Bengal",east,high-waves,Low,Hotel discount booking promotion near seaside.,en,21.642673,87.509976,141.51,2025-08-16T07:00:00,2025-08-16T11:44:00,17040,0,,,https://example.com/media_501.jpg,97af7ad95088d1197473dc8d9e43a83c4d5d0b0523aae8e31b99c70df7055a75,0.99,13.3,REJECTED
rep_0503,usr_010,0.88,"Kozhikode, Kerala",west,flood,Low,തീരദേശ റോഡുകൾ വെള്ളത്തിനടിയിലായി.,ml,11.237129,75.771109,16.92,2025-08-17T01:24:46.994880,2025-08-17T02:19:46.994880,3300,1,11.23541,75.779419,https://example.com/media_502.jpg,58831264d9cc66ffd42c5132a0881e72c96f27084533092de9b24d20cb17c371,3.04,67.4,VERIFIED
rep_0504,usr_027,0.88,"Surat, Gujarat",west,coastal-erosion,Low,Rapid cliff collapse and sand dune destruction after heavy tides.,en,21.117251,72.625107,67.87,2025-08-15T17:56:37.162318,2025-08-15T18:16:37.162318,1200,0,,,https://example.com/media_503.jpg,783f1be90aabc829cb2900dafda375c8363d75ddd72db776ee2357c02ccd82b0,4.57,63.1,VERIFIED
rep_0505,usr_034,0.2,"Porbandar, Gujarat",west,high-waves,Moderate,જેટી પાસે ભારે મોજાના કારણે નુકસાન.,gu,21.616114,69.670131,63.86,2025-08-18T11:44:43.815602,2025-08-18T13:29:43.815602,6300,1,21.615367,69.668188,https://example.com/media_504.jpg,1b7c7e5d00796b432a8fd84753e186c35ab378346d3604f42834f6408969e38b,3.66,65.8,VERIFIED
rep_0506,usr_013,0.88,"Kochi, Kerala",west,high-waves,Low,കടലാക്രമണം ശക്തമായി.,ml,9.905035,76.244667,20.88,2025-08-18T16:41:19.192821,2025-08-18T16:56:19.192821,900,0,,,https://example.com/media_505.jpg,c0520d990e08bd378cc2f77bfbc0b4de1386e0de3d55a6c688b56c71921f4957,2.55,36.0,VERIFIED
rep_0507,usr_003,0.6,"Kochi, Kerala",west,high-waves,High,തീരത്ത് 4 മീറ്ററിലധികം ഉയരമുള്ള ശക്തമായ തിരമാലകൾ അടിച്ചു കയറുന്നു.,ml,9.92444,76.297837,24.3,2025-08-18T02:31:31.609039,2025-08-18T02:57:31.609039,1560,1,9.926915,76.298308,https://example.com/media_506.jpg,cef336353ab7cbeb647a525bc10ce7656271bf8f6d1d77d630cff84f382d8df3,2.28,34.4,VERIFIED
rep_0508,usr_046,0.6,"Kozhikode, Kerala",west,flood,Severe,ബീച്ചിൽ നല്ല കാലാവസ്ഥ.,ml,11.264802,75.759857,7.63,2025-08-18T12:00:00,2025-08-18T12:48:00,2880,0,,,,,0.49,14.2,REJECTED
rep_0509,usr_021,0.45,"Visakhapatnam, Andhra Pradesh",east,flood,Low,"समुद्र का पानी तटीय बस्तियों में घुस गया है, भारी जलभराव।",hi,17.680159,83.181861,13.42,2025-08-18T13:00:40.797069,2025-08-18T13:23:40.797069,1380,1,17.681851,83.184992,https://example.com/media_508.jpg,b4be859941bbad07e336a6cfa6d64f275961db63bc4b39fa241923ea76ee1018,2.98,52.0,VERIFIED
rep_0510,usr_002,0.88,"Digha, West Bengal",east,storm-surge,Low,ঘূর্ণিঝড়ের প্রভাবে জলোচ্ছ্বাসে বাঁধ ভেঙে জল ঢুকছে।,bn,21.625723,87.470524,11.34,2025-08-18T00:46:31.928647,2025-08-18T06:57:31.928647,22260,1,21.631779,87.473841,https://example.com/media_509.jpg,6cdf2a15d606ba307e823d9975dc5afef1106f0c9c9db1d5f4d57d1c8008ba41,2.52,73.9,VERIFIED
rep_0511,usr_009,0.6,"Alibaug, Maharashtra",west,storm-surge,Low,बीच रिसॉर्ट बुकिंगसाठी आजच कॉल करा.,mr,18.640246,72.865129,11.69,2025-08-18T23:00:00,2025-08-18T23:36:00,2160,0,,,,,0.88,10.1,REJECTED
rep_0512,usr_020,0.88,"Digha, West Bengal",east,storm-surge,Severe,ঘূর্ণিঝড়ের প্রভাবে জলোচ্ছ্বাসে বাঁধ ভেঙে জল ঢুকছে।,bn,21.602293,87.455922,18.97,2025-08-17T13:04:19.274730,2025-08-17T15:19:19.274730,8100,0,,,https://example.com/media_511.jpg,1f4fd454e034d90623b931f94a6ed0e76ca80d84aeb101de63291ed9990264ee,2.44,76.8,VERIFIED
rep_0513,usr_018,0.6,"Kozhikode, Kerala",west,coastal-erosion,Moderate,Sunny clear weather at beach having fun with friends.,en,11.410029,75.940383,9.7,2025-08-15T16:00:00,2025-08-15T16:48:00,2880,0,,,,,1.06,13.1,REJECTED
rep_0514,usr_014,0.88,"Puri, Odisha",east,high-waves,Severe,ବେଳାଭୂମିରେ ପ୍ରବଳ ଢେଉର ପ୍ରକୋପ ।,or,19.807747,85.845531,109.05,2025-08-17T05:37:35.102432,2025-08-17T09:31:35.102432,14040,0,,,,,2.31,33.2,VERIFIED
rep_0515,usr_040,0.6,"Chennai, Tamil Nadu",east,flood,Low,"Observed water activity near coast in Chennai, Tamil Nadu.",en,13.091899,80.293089,26.57,2025-08-16T01:00:00,2025-08-16T02:14:00,4440,0,,,https://example.com/media_514.jpg,41b4fa8fb2e37060039c0e731e0d16fa8da1645e7452a55f6cbe42653b508a0f,1.72,33.4,REJECTED
rep_0516,usr_030,0.6,"Porbandar, Gujarat",west,high-waves,Severe,જેટી પાસે ભારે મોજાના કારણે નુકસાન.,gu,21.620053,69.641676,7.37,2025-08-18T06:45:18.977840,2025-08-18T07:00:18.977840,900,0,,,https://example.com/media_515.jpg,88a951b576ea84c401ae88a2d70fc6026d584051705b9cbe72b6d5b363314b8f,3.71,70.3,VERIFIED
rep_0517,usr_013,0.88,"Surat, Gujarat",west,flood,Severe,ભરતીના પાણીથી રસ્તાઓ જળબંબાકાર.,gu,21.108286,72.663845,7.18,2025-08-15T11:08:56.055098,2025-08-15T11:30:56.055098,1320,1,21.108299,72.665786,https://example.com/media_516.jpg,40f69badc8475d3c23ba7c1326c05dbd7ae7bcf994210f2c659213dde0fdd6ae,3.74,52.4,VERIFIED
rep_0518,usr_015,0.6,"Kochi, Kerala",west,high-waves,High,തീരത്ത് 4 മീറ്ററിലധികം ഉയരമുള്ള ശക്തമായ തിരമാലകൾ അടിച്ചു കയറുന്നു.,ml,9.940966,76.273647,19.12,2025-08-18T18:54:13.833811,2025-08-18T19:21:13.833811,1620,1,9.943524,76.273697,,,1.57,32.5,VERIFIED
rep_0519,usr_010,0.88,"Mumbai, Maharashtra",west,coastal-erosion,Severe,"Observed water activity near coast in Mumbai, Maharashtra.",mr,18.916465,72.837393,58.97,2025-08-15T08:00:00,2025-08-15T09:31:00,5460,0,,,,,1.3,34.9,REJECTED
rep_0520,usr_032,0.45,"Paradip, Odisha",east,flood,Severe,Hotel discount booking promotion near seaside.,en,20.318298,86.611925,86.51,2025-08-15T19:00:00,2025-08-15T21:45:00,9900,0,,,,,1.08,21.6,REJECTED
rep_0521,usr_023,0.6,"Kochi, Kerala",west,high-waves,High,തീരത്ത് 4 മീറ്ററിലധികം ഉയരമുള്ള ശക്തമായ തിരമാലകൾ അടിച്ചു കയറുന്നു.,ml,9.934049,76.283935,11.02,2025-08-18T06:40:07.270907,2025-08-18T10:55:07.270907,15300,1,9.928179,76.283275,,,2.48,34.0,VERIFIED
rep_0522,usr_016,0.6,"Surat, Gujarat",west,flood,Severe,ભરતીના પાણીથી રસ્તાઓ જળબંબાકાર.,gu,21.112257,72.623735,17.77,2025-08-15T13:02:36.326836,2025-08-15T18:17:36.326836,18900,0,,,,,2.76,43.3,VERIFIED
rep_0523,usr_018,0.6,"Kochi, Kerala",west,flood,Severe,Sunny clear weather at beach having fun with friends.,en,10.151621,76.439984,109.35,2025-08-15T08:00:00,2025-08-15T12:25:00,15900,0,,,,,1.11,14.3,REJECTED
rep_0524,usr_034,0.2,"Kochi, Kerala",west,tsunami,Low,ബീച്ചിൽ നല്ല കാലാവസ്ഥ.,ml,9.937229,76.277153,6.54,2025-08-17T21:00:00,2025-08-17T23:46:00,9960,0,,,https://example.com/media_523.jpg,c4c155c0ff486010b9139d438bd881c914c80830d2749bb1796a1d9ee71206ec,1.14,11.9,REJECTED
rep_0525,usr_009,0.6,"Alibaug, Maharashtra",west,tsunami,High,Abnormal sudden withdrawal of sea water observed followed by rising wave wall.,en,18.608421,72.847797,58.6,2025-08-17T17:47:07.519712,2025-08-17T18:03:07.519712,960,1,18.611067,72.847729,https://example.com/media_524.jpg,1ce0a160cb28d773ab8e92751d9bdd4d61343f9e148047a2c8d7dc0110bd762e,3.0,63.6,VERIFIED
rep_0526,usr_012,0.6,"Nagapattinam, Tamil Nadu",east,coastal-erosion,Severe,கடற்கரையில் இனிமையான காற்று வீசுகிறது.,ta,10.761421,79.8542,71.92,2025-08-18T07:00:00,2025-08-18T11:06:00,14760,0,,,,,0.67,11.3,REJECTED
rep_0527,usr_034,0.2,"Puri, Odisha",east,high-waves,Low,ବେଳାଭୂମିରେ ପ୍ରବଳ ଢେଉର ପ୍ରକୋପ ।,or,19.773775,85.83611,12.08,2025-08-16T22:40:48.542727,2025-08-16T22:49:48.542727,540,1,19.778094,85.835042,,,3.13,42.4,VERIFIED
rep_0528,usr_026,0.6,"Surat, Gujarat",west,coastal-erosion,Low,Hotel discount booking promotion near seaside.,en,21.097493,72.650729,13.07,2025-08-18T11:00:00,2025-08-18T11:59:00,3540,0,,,https://example.com/media_527.jpg,724952600e913a6cc557076f8927a098cc585dd8e234060f3e14e7b42bada691,1.29,11.6,REJECTED
rep_0529,usr_038,0.6,"Kozhikode, Kerala",west,flood,Low,കടൽക്ഷോഭത്തെ തുടർന്ന് വീടുകളിൽ വെള്ളം കയറി.,ml,11.21977,75.772956,7.73,2025-08-16T23:30:22.581620,2025-08-16T23:35:22.581620,300,0,,,https://example.com/media_528.jpg,fa819537af3348b7d635942e9495e11b8d3f6bda28cf77f59fde0701ea648630,3.91,76.5,VERIFIED
rep_0530,usr_007,0.45,"Puri, Odisha",east,high-waves,Moderate,ସମୁଦ୍ରରେ ୪ ମିଟରରୁ ଅଧିକ ଉଚ୍ଚ ଲହଡ଼ି ମାଡ଼ି ଆସୁଛି ।,or,19.784277,85.836113,11.0,2025-08-17T05:20:36.481789,2025-08-17T05:46:36.481789,1560,1,19.785456,85.838792,,,2.24,51.1,VERIFIED
rep_0531,usr_048,0.6,"Visakhapatnam, Andhra Pradesh",east,flood,Low,తీరప్రాంత రహదారులు వరద నీటితో జలమయం.,te,17.665127,83.232832,14.86,2025-08-18T09:50:11.582012,2025-08-18T10:08:11.582012,1080,0,,,https://example.com/media_530.jpg,d91cb5923bbfa21e8db0eb74320df05f0cfbadf6b4d76c0b07cdacd656c07274,3.27,51.4,VERIFIED
rep_0532,usr_003,0.6,"Visakhapatnam, Andhra Pradesh",east,tsunami,Moderate,వాతావరణం చాలా ప్రశాంతంగా ఉంది.,te,18.011989,83.394276,13.59,2025-08-17T23:00:00,2025-08-18T00:57:00,7020,0,,,https://example.com/media_531.jpg,e9663fc899d9b8e51c3a4d7bde1bebcd173f87febb500075e59bc7f4902a9bd5,0.54,17.5,REJECTED
rep_0533,usr_023,0.6,"Visakhapatnam, Andhra Pradesh",east,tsunami,Moderate,వాతావరణం చాలా ప్రశాంతంగా ఉంది.,te,17.959899,83.510908,12.15,2025-08-18T19:00:00,2025-08-18T20:42:00,6120,1,18.068989,83.698332,,,0.74,17.1,REJECTED
rep_0534,usr_038,0.6,"Nagapattinam, Tamil Nadu",east,storm-surge,Low,Sunny clear weather at beach having fun with friends.,en,10.769,79.839121,11.79,2025-08-17T00:00:00,2025-08-17T02:08:00,7680,0,,,,,0.85,20.2,REJECTED
rep_0535,usr_012,0.6,"Kakinada, Andhra Pradesh",east,high-waves,Low,"Observed water activity near coast in Kakinada, Andhra Pradesh.",en,16.998576,82.242473,30.02,2025-08-17T06:00:00,2025-08-17T07:32:00,5520,0,,,https://example.com/media_534.jpg,e8397345f94636b468c69f7868a5b127c01c9bacc565004489f2131314dde750,1.65,30.7,REJECTED
rep_0536,usr_021,0.45,"Alibaug, Maharashtra",west,coastal-erosion,Moderate,"Observed water activity near coast in Alibaug, Maharashtra.",mr,18.576731,72.934767,42.95,2025-08-16T19:00:00,2025-08-16T19:43:00,2580,0,,,https://example.com/media_535.jpg,53c97514926481da25031fd95f8984ee289dfdd6a3a4b3b2c689d3eb3b255d1f,1.35,30.7,REJECTED
rep_0537,usr_034,0.2,"Visakhapatnam, Andhra Pradesh",east,flood,High,తీరప్రాంత రహదారులు వరద నీటితో జలమయం.,te,17.72264,83.21178,53.32,2025-08-18T13:33:11.004777,2025-08-18T14:01:11.004777,1680,1,17.729539,83.212007,https://example.com/media_536.jpg,6429c7d74beb74baec454d1f0a69641816d4141a47d821493a5a41329ded19c1,3.65,49.5,VERIFIED
rep_0538,usr_036,0.6,"Porbandar, Gujarat",west,high-waves,High,દરિયામાં ૪ મીટરથી વધુ ઊંચા મોજા ઉછળી રહ્યા છે.,gu,21.618399,69.648518,16.38,2025-08-17T23:24:20.752595,2025-08-18T00:58:20.752595,5640,1,21.616565,69.648319,https://example.com/media_537.jpg,55883be37710a8d3dd994a9a6be1b59b0d25f36f775e636efc88bcf5ae7a04a2,4.18,65.7,VERIFIED
rep_0539,usr_037,0.45,"Visakhapatnam, Andhra Pradesh",east,tsunami,Moderate,समुद्र का पानी अचानक असामान्य रूप से पीछे हट गया है।,hi,17.652325,83.204079,119.75,2025-08-18T07:39:08.407695,2025-08-18T07:54:08.407695,900,1,17.64354,83.205699,https://example.com/media_538.jpg,e71127a5b9abd9d31a4e78d57be64731675bb9b1695d2aedf3de2dd57ba83c83,3.79,56.4,VERIFIED
rep_0540,usr_037,0.45,"Kozhikode, Kerala",west,flood,Moderate,തീരദേശ റോഡുകൾ വെള്ളത്തിനടിയിലായി.,ml,11.26407,75.784504,23.59,2025-08-16T13:39:53.926064,2025-08-16T16:18:53.926064,9540,0,,,https://example.com/media_539.jpg,bf80ef783fa6157d4f68a7b36c5aa5ff6c94fa961369604139d6a7bf3b2f64b1,4.07,76.5,VERIFIED
rep_0541,usr_004,0.6,"Kozhikode, Kerala",west,flood,High,തീരദേശ റോഡുകൾ വെള്ളത്തിനടിയിലായി.,ml,11.254633,75.752671,18.64,2025-08-16T23:07:37.374626,2025-08-16T23:25:37.374626,1080,0,,,https://example.com/media_540.jpg,144868d65d0e6a7238b6a8f95f707d853505fc42d607842105d5df1490255e9f,4.32,71.5,VERIFIED
rep_0542,usr_028,0.88,"Kozhikode, Kerala",west,flood,Low,തീരദേശ റോഡുകൾ വെള്ളത്തിനടിയിലായി.,ml,11.247717,75.777131,20.05,2025-08-17T01:58:19.534630,2025-08-17T02:10:19.534630,720,0,,,https://example.com/media_541.jpg,7e62ecd8f142dfde2524e5f5f465b2c9642e9f4477edc2bf4bfdf2c441204074,4.38,71.2,VERIFIED
rep_0543,usr_039,0.45,"Visakhapatnam, Andhra Pradesh",east,flood,High,సముద్రపు నీరు గ్రామంలోకి ప్రవేశించి ఇళ్లను ముంచెత్తింది.,te,17.654576,83.189966,57.68,2025-08-18T07:05:02.479368,2025-08-18T08:52:02.479368,6420,1,17.650075,83.1887,https://example.com/media_542.jpg,cae7bfdd4b16c7e9eb9e67a355df28a2eb6c67b2b6d3601e81a65647ca04892e,2.65,68.9,VERIFIED
rep_0544,usr_035,0.6,"Digha, West Bengal",east,storm-surge,Low,প্রচণ্ড জলোচ্ছ্বাস শুরু হয়েছে।,bn,21.641111,87.47037,10.6,2025-08-17T16:12:48.455247,2025-08-17T19:30:48.455247,11880,1,21.648223,87.478658,https://example.com/media_543.jpg,0ce3125cc0406ef3aeb3fc4375d86bdcb566b88d78d83568ba984934566cb5e1,2.1,66.5,VERIFIED
rep_0545,usr_003,0.6,"Kochi, Kerala",west,high-waves,Low,കടലാക്രമണം ശക്തമായി.,ml,9.906559,76.286708,77.91,2025-08-18T01:55:57.815589,2025-08-18T04:02:57.815589,7620,0,,,https://example.com/media_544.jpg,f2b413a773cf06ececef2554aaf54b253b7b48afd4dcf12b8d578e10e967aa94,2.48,35.7,VERIFIED
rep_0546,usr_023,0.6,"Kozhikode, Kerala",west,storm-surge,Severe,ചുഴലിക്കാറ്റും ശക്തമായ കടൽക്ഷോഭവും തീരത്തെ തകർക്കുന്നു.,ml,11.283925,75.755208,16.82,2025-08-16T18:50:26.833298,2025-08-16T19:18:26.833298,1680,0,,,https://example.com/media_545.jpg,99bed55201a1d77421215ea8bd93ca652daadbc1c0825ad2ab35a3aab4c9c76f,3.77,59.7,VERIFIED
rep_0547,usr_047,0.88,"Kochi, Kerala",west,high-waves,Low,തീരത്ത് 4 മീറ്ററിലധികം ഉയരമുള്ള ശക്തമായ തിരമാലകൾ അടിച്ചു കയറുന്നു.,ml,9.910234,76.284238,7.64,2025-08-18T08:05:17.445901,2025-08-18T08:22:17.445901,1020,1,9.913245,76.274888,https://example.com/media_546.jpg,4faeaf889380822a858bb1396b9b484c5905789edcc454945b8fe9e08bcf426e,2.16,51.7,VERIFIED
rep_0548,usr_043,0.6,"Alibaug, Maharashtra",west,flood,High,समुद्राचे पाणी सखल भागात भरले.,mr,18.638253,72.859581,50.89,2025-08-17T14:38:10.950525,2025-08-17T20:18:10.950525,20400,1,18.634655,72.864002,https://example.com/media_547.jpg,a444ad253250174780be72139f64f613f52242cfc6508df1e1ba91af29b6aa6c,2.14,66.6,VERIFIED
rep_0549,usr_032,0.45,"Porbandar, Gujarat",west,high-waves,High,तटीय क्षेत्र में 4 मीटर से ऊंची खतरनाक लहरें उठ रही हैं।,hi,21.662886,69.674039,9.65,2025-08-18T04:42:43.271465,2025-08-18T08:13:43.271465,12660,0,,,https://example.com/media_548.jpg,e2418d8779d760bb1966fe74e742ccc7b2907267f5a16ab4143978b2e6b3c848,3.05,62.1,VERIFIED
rep_0550,usr_003,0.6,"Visakhapatnam, Andhra Pradesh",east,flood,High,ज्वार के कारण तटीय सड़कों पर पानी भर गया है।,hi,17.691662,83.21422,9.74,2025-08-18T06:00:11.205903,2025-08-18T11:51:11.205903,21060,1,17.686523,83.2196,https://example.com/media_549.jpg,56c372166b7492dea78083c33da68e462f6514032fcee2f5e5c8a3b8355d55ea,2.7,42.3,VERIFIED
rep_0551,usr_011,0.6,"Kozhikode, Kerala",west,high-waves,Severe,റിസോർട്ട് ബുക്കിംഗിന് വിളിക്കുക.,ml,11.379317,76.020031,5.54,2025-08-17T07:00:00,2025-08-17T07:26:00,1560,1,11.536682,76.181338,,,1.04,24.1,REJECTED
rep_0552,usr_042,0.88,"Alibaug, Maharashtra",west,high-waves,High,किनारी फिरायला छान वातावरण आहे.,mr,18.654295,72.871577,140.85,2025-08-15T13:00:00,2025-08-15T17:11:00,15060,0,,,,,0.51,23.2,REJECTED
rep_0553,usr_037,0.45,"Kochi, Kerala",west,storm-surge,Severe,ചുഴലിക്കാറ്റും ശക്തമായ കടൽക്ഷോഭവും തീരത്തെ തകർക്കുന്നു.,ml,9.936028,76.295917,14.12,2025-08-18T19:29:05.144497,2025-08-18T19:45:05.144497,960,0,,,https://example.com/media_552.jpg,e95bb050b713c198813fa0a8628a1284e9e611b3e1a4a9b59c4950fe178884dc,2.21,54.6,VERIFIED
rep_0554,usr_029,0.45,"Puri, Odisha",east,coastal-erosion,Severe,ପୁରୀ ହୋଟେଲ ବୁକିଂ ପାଇଁ ଯୋଗାଯୋଗ କରନ୍ତୁ ।,or,20.117012,86.177621,79.19,2025-08-16T19:00:00,2025-08-16T22:04:00,11040,0,,,,,1.0,19.1,REJECTED
rep_0555,usr_010,0.88,"Puri, Odisha",east,high-waves,Severe,ବେଳାଭୂମିରେ ପ୍ରବଳ ଢେଉର ପ୍ରକୋପ ।,or,19.810257,85.794365,5.31,2025-08-16T21:38:50.775740,2025-08-17T02:03:50.775740,15900,1,19.80983,85.799434,,,2.27,36.0,VERIFIED
rep_0556,usr_026,0.6,"Visakhapatnam, Andhra Pradesh",east,flood,Moderate,తీరప్రాంత రహదారులు వరద నీటితో జలమయం.,te,17.703806,83.233113,16.83,2025-08-18T08:58:09.864670,2025-08-18T11:12:09.864670,8040,0,,,,,4.13,58.7,VERIFIED
rep_0557,usr_047,0.88,"Puri, Odisha",east,tsunami,Moderate,Sunny clear weather at beach having fun with friends.,en,19.817356,85.829578,134.97,2025-08-18T00:00:00,2025-08-18T02:33:00,9180,0,,,,,0.74,16.6,REJECTED
rep_0558,usr_022,0.45,"Kozhikode, Kerala",west,flood,High,"समुद्र का पानी तटीय बस्तियों में घुस गया है, भारी जलभराव।",hi,11.266378,75.759738,13.53,2025-08-17T03:49:38.229503,2025-08-17T04:00:38.229503,660,1,11.265331,75.762017,https://example.com/media_557.jpg,f1c43adb3e76579061eb02abb84810fd4fd52de37aa9f4f3fe4cad6383b093fd,3.84,55.2,VERIFIED
rep_0559,usr_008,0.88,"Kochi, Kerala",west,high-waves,Moderate,തീരത്ത് 4 മീറ്ററിലധികം ഉയരമുള്ള ശക്തമായ തിരമാലകൾ അടിച്ചു കയറുന്നു.,ml,9.895944,76.277366,23.35,2025-08-18T03:57:39.836260,2025-08-18T06:48:39.836260,10260,0,,,https://example.com/media_558.jpg,a140f5afc6a06d92947bd56c8cc5988c344bb0575b18c2ef5083acbe5128b75a,2.82,36.2,VERIFIED
rep_0560,usr_002,0.88,"Alibaug, Maharashtra",west,flood,High,"समुद्र का पानी तटीय बस्तियों में घुस गया है, भारी जलभराव।",hi,18.650091,72.867992,15.42,2025-08-17T20:45:28.630783,2025-08-17T21:04:28.630783,1140,0,,,https://example.com/media_559.jpg,f24773f392450aafb57bb94cbc42fb82a57da5a73a86c1ff66bac0b5b3401b0e,3.3,68.8,VERIFIED
rep_0561,usr_048,0.6,"Puri, Odisha",east,flood,Moderate,ଆଜି ପାଗ ଖୁବ୍ ଭଲ ଅଛି ।,or,19.80796,85.841725,10.57,2025-08-15T11:00:00,2025-08-15T14:51:00,13860,0,,,,,1.04,14.7,REJECTED
rep_0562,usr_043,0.6,"Paradip, Odisha",east,high-waves,Low,ପୁରୀ ହୋଟେଲ ବୁକିଂ ପାଇଁ ଯୋଗାଯୋଗ କରନ୍ତୁ ।,or,20.311264,86.606012,13.47,2025-08-16T06:00:00,2025-08-16T10:24:00,15840,0,,,https://example.com/media_561.jpg,eb2fe2fd5205db7bf837be12075cdb0c96c86943942bb1ce51189d73d5b76b2c,0.82,17.3,REJECTED
rep_0563,usr_047,0.88,"Kakinada, Andhra Pradesh",east,flood,Moderate,"Observed water activity near coast in Kakinada, Andhra Pradesh.",en,16.957177,82.261477,44.45,2025-08-18T13:00:00,2025-08-18T14:03:00,3780,0,,,,,1.22,33.9,VERIFIED
rep_0564,usr_031,0.45,"Chennai, Tamil Nadu",east,flood,Severe,Hotel discount booking promotion near seaside.,en,13.093703,80.253528,118.44,2025-08-16T11:00:00,2025-08-16T12:07:00,4020,0,,,,,0.89,14.4,REJECTED
rep_0565,usr_021,0.45,"Porbandar, Gujarat",west,coastal-erosion,Severe,"Observed water activity near coast in Porbandar, Gujarat.",en,21.666745,69.65161,32.76,2025-08-17T20:00:00,2025-08-17T21:58:00,7080,0,,,https://example.com/media_564.jpg,f86fe371de201784686d37f417568b8909ae8085f853413ab898bbf160d70aaa,1.62,34.2,REJECTED
rep_0566,usr_002,0.88,"Kochi, Kerala",west,storm-surge,Moderate,Hotel discount booking promotion near seaside.,en,9.944652,76.256144,12.26,2025-08-17T10:00:00,2025-08-17T12:23:00,8580,0,,,https://example.com/media_565.jpg,5f86afbcd7ba1e9ac1a48473b659f7d29fc08e29d882b169f3e366ec362660b4,0.75,16.6,REJECTED
rep_0567,usr_003,0.6,"Kochi, Kerala",west,high-waves,Low,തീരത്ത് 4 മീറ്ററിലധികം ഉയരമുള്ള ശക്തമായ തിരമാലകൾ അടിച്ചു കയറുന്നു.,ml,9.941863,76.301954,20.59,2025-08-18T01:26:36.497606,2025-08-18T07:16:36.497606,21000,1,9.947249,76.300865,https://example.com/media_566.jpg,14fe128abf9ea705c6a719007dbc9d0d116c17ec0308a3999ab13163f6360912,0.98,36.8,VERIFIED
rep_0568,usr_024,0.88,"Visakhapatnam, Andhra Pradesh",east,tsunami,High,సముద్రపు నీరు అకస్మాత్తుగా వెనక్కి తగ్గింది.,te,17.647312,83.223501,8.23,2025-08-18T14:34:18.139314,2025-08-18T14:55:18.139314,1260,1,17.642969,83.226129,https://example.com/media_567.jpg,500d69f3a9a084f3d0c4874e0caa30194cba9d7439ce3b9531280c9d833cf8e8,4.31,56.3,VERIFIED
rep_0569,usr_015,0.6,"Visakhapatnam, Andhra Pradesh",east,flood,Low,సముద్రపు నీరు గ్రామంలోకి ప్రవేశించి ఇళ్లను ముంచెత్తింది.,te,17.672495,83.167461,13.02,2025-08-18T11:03:47.287015,2025-08-18T11:30:47.287015,1620,0,,,,,3.47,52.6,VERIFIED
rep_0570,usr_026,0.6,"Porbandar, Gujarat",west,tsunami,High,હોટેલ અને બીચ ટૂર માટે સંપર્ક કરો.,gu,21.643981,69.619027,88.34,2025-08-17T07:00:00,2025-08-17T09:39:00,9540,0,,,https://example.com/media_569.jpg,57244b6418f575a6ac220922760551d91208c5c6e382c0b3139b35820eb00737,1.27,18.6,REJECTED
rep_0571,usr_045,0.88,"Visakhapatnam, Andhra Pradesh",east,flood,Moderate,తీరప్రాంత రహదారులు వరద నీటితో జలమయం.,te,17.704738,83.202698,20.25,2025-08-18T14:47:48.771920,2025-08-18T15:06:48.771920,1140,0,,,https://example.com/media_570.jpg,75e47d699438b725d6d33d7f26dd659c7fd9d8134838d9e2443b9a58c10f6797,3.25,54.2,VERIFIED
rep_0572,usr_006,0.45,"Alibaug, Maharashtra",west,tsunami,High,Hotel discount booking promotion near seaside.,en,18.954903,73.084449,4.7,2025-08-16T12:00:00,2025-08-16T12:40:00,2400,0,,,https://example.com/media_571.jpg,2fd05e060746984d4bfc7613ef77011f6daf2b3e3d3b703b7d00bbd0334a522d,1.05,18.5,REJECTED
rep_0573,usr_003,0.6,"Kozhikode, Kerala",west,tsunami,Severe,റിസോർട്ട് ബുക്കിംഗിന് വിളിക്കുക.,ml,11.26426,75.774689,9.75,2025-08-17T18:00:00,2025-08-17T22:17:00,15420,0,,,https://example.com/media_572.jpg,0a8151f774b5f158d5f8048d1025c0d83044076abfc73e2e349d83240e3b50c7,1.26,13.5,REJECTED
rep_0574,usr_025,0.2,"Surat, Gujarat",west,high-waves,Low,આજે દરિયાકિનારે રમવાની મજા આવી.,gu,21.396,72.771673,14.66,2025-08-18T05:00:00,2025-08-18T08:44:00,13440,1,21.509627,72.847281,,,0.84,21.2,REJECTED
rep_0575,usr_019,0.45,"Kochi, Kerala",west,high-waves,Moderate,തീരത്ത് 4 മീറ്ററിലധികം ഉയരമുള്ള ശക്തമായ തിരമാലകൾ അടിച്ചു കയറുന്നു.,ml,9.920088,76.249021,7.83,2025-08-18T11:54:25.111686,2025-08-18T12:07:25.111686,780,0,,,https://example.com/media_574.jpg,de6652c3427aec1bf67c23846204056e2465e09b6748a919c244db6764b54fd6,1.57,33.3,VERIFIED
rep_0576,usr_031,0.45,"Kozhikode, Kerala",west,flood,High,കടൽക്ഷോഭത്തെ തുടർന്ന് വീടുകളിൽ വെള്ളം കയറി.,ml,11.255038,75.795938,5.11,2025-08-16T13:30:55.559089,2025-08-16T13:54:55.559089,1440,0,,,https://example.com/media_575.jpg,59be9b8596db8ba0af9ab4c839df8c8d84434f5c3c91f037b94a95248b6d0544,3.98,72.1,VERIFIED
rep_0577,usr_013,0.88,"Kochi, Kerala",west,storm-surge,High,റിസോർട്ട് ബുക്കിംഗിന് വിളിക്കുക.,ml,9.940156,76.257531,10.49,2025-08-15T16:00:00,2025-08-15T17:28:00,5280,0,,,https://example.com/media_576.jpg,4857c6494ad54a6c0e90b68b042ac1904b364e842111b048b695b65db3a5d024,0.89,19.9,REJECTED
rep_0578,usr_009,0.6,"Puri, Odisha",east,tsunami,Moderate,ପୁରୀ ହୋଟେଲ ବୁକିଂ ପାଇଁ ଯୋଗାଯୋଗ କରନ୍ତୁ ।,or,19.814402,85.822293,134.75,2025-08-17T19:00:00,2025-08-17T20:57:00,7020,0,,,,,1.18,20.0,REJECTED
rep_0579,usr_040,0.6,"Porbandar, Gujarat",west,high-waves,Low,જેટી પાસે ભારે મોજાના કારણે નુકસાન.,gu,21.643948,69.638085,146.98,2025-08-18T03:20:02.083417,2025-08-18T05:26:02.083417,7560,1,21.64543,69.634143,https://example.com/media_578.jpg,ba21a0844907a51a8d3870bac4f98ab537eddbc86719127079b5fc17d08acb49,3.32,75.3,VERIFIED
rep_0580,usr_014,0.88,"Surat, Gujarat",west,coastal-erosion,Moderate,"Observed water activity near coast in Surat, Gujarat.",en,21.100191,72.591063,42.42,2025-08-18T06:00:00,2025-08-18T07:10:00,4200,0,,,,,1.67,33.9,REJECTED
rep_0581,usr_024,0.88,"Puri, Odisha",east,high-waves,High,ବେଳାଭୂମିରେ ପ୍ରବଳ ଢେଉର ପ୍ରକୋପ ।,or,19.792256,85.854142,22.53,2025-08-17T15:54:47.987884,2025-08-17T16:05:47.987884,660,0,,,https://example.com/media_580.jpg,dfc60a3903e690967a365298fb52b327050170fb8160a77e1c60811f6ed764bc,1.47,53.3,VERIFIED
rep_0582,usr_024,0.88,"Kochi, Kerala",west,high-waves,Low,തീരത്ത് 4 മീറ്ററിലധികം ഉയരമുള്ള ശക്തമായ തിരമാലകൾ അടിച്ചു കയറുന്നു.,ml,9.95046,76.263082,17.83,2025-08-18T01:38:20.242928,2025-08-18T02:05:20.242928,1620,1,9.956701,76.262915,https://example.com/media_581.jpg,b387f0607700c3ba9b1d152c21af83c87f070cb06e0b07be0ef7b8854de5fc96,2.77,45.3,VERIFIED
rep_0583,usr_040,0.6,"Porbandar, Gujarat",west,high-waves,High,तटीय क्षेत्र में 4 मीटर से ऊंची खतरनाक लहरें उठ रही हैं।,hi,21.661685,69.672996,133.41,2025-08-18T14:20:46.916364,2025-08-18T14:54:46.916364,2040,1,21.65578,69.67519,https://example.com/media_582.jpg,95bf4c29809e19ff74874a595552ae04155f80827056c85c1b10860f6cb8dce9,3.85,57.5,VERIFIED
rep_0584,usr_043,0.6,"Surat, Gujarat",west,flood,Severe,ભરતીના પાણીથી રસ્તાઓ જળબંબાકાર.,gu,21.109201,72.630663,126.13,2025-08-15T12:40:59.749001,2025-08-15T13:05:59.749001,1500,1,21.108944,72.633111,https://example.com/media_583.jpg,a6c99ae8fabe31e216eed92b20f5ee8420b536fc59acb3cf3261302829833c92,2.63,51.1,VERIFIED
rep_0585,usr_045,0.88,"Alibaug, Maharashtra",west,tsunami,Low,किनारी फिरायला छान वातावरण आहे.,mr,18.660421,72.883965,4.04,2025-08-15T08:00:00,2025-08-15T10:01:00,7260,0,,,,,0.42,12.5,REJECTED
rep_0586,usr_016,0.6,"Kochi, Kerala",west,coastal-erosion,Moderate,"Observed water activity near coast in Kochi, Kerala.",ml,9.9304,76.218197,32.42,2025-08-18T07:00:00,2025-08-18T07:55:00,3300,0,,,https://example.com/media_585.jpg,37f8d0f8ec34178f34c0e17c51237c76e87e8e0ffc01d2a887940e090a5b53b3,1.37,28.6,VERIFIED
rep_0587,usr_013,0.88,"Porbandar, Gujarat",west,storm-surge,High,तूफानी लहरों से तटीय सुरक्षा दीवार टूट गई।,hi,21.639314,69.623182,16.57,2025-08-18T14:01:30.127655,2025-08-18T14:18:30.127655,1020,1,21.636566,69.619781,https://example.com/media_586.jpg,79b4edccb16904864a5f820287d2c8c6c6c2fb4870449af868a05df874612cee,3.66,60.6,VERIFIED
rep_0588,usr_045,0.88,"Kochi, Kerala",west,high-waves,Moderate,തീരത്ത് 4 മീറ്ററിലധികം ഉയരമുള്ള ശക്തമായ തിരമാലകൾ അടിച്ചു കയറുന്നു.,ml,9.936807,76.246489,5.63,2025-08-18T08:56:10.007868,2025-08-18T09:34:10.007868,2280,1,9.935407,76.244334,https://example.com/media_587.jpg,fcc9e8a61a943a7e277f5a7b98911851127d85de382067963e1b0f890364df13,1.75,37.6,VERIFIED
rep_0589,usr_022,0.45,"Alibaug, Maharashtra",west,flood,High,समुद्राचे पाणी सखल भागात भरले.,mr,18.661522,72.903333,14.34,2025-08-17T17:11:40.804240,2025-08-17T18:45:40.804240,5640,1,18.668735,72.904325,https://example.com/media_588.jpg,f08112b6af4614c9a798f8bcf9871cc509efc55e0f7d1e62c5b0363d28e905fd,2.22,56.9,VERIFIED
rep_0590,usr_015,0.6,"Digha, West Bengal",east,storm-surge,Low,ঘূর্ণিঝড়ের প্রভাবে জলোচ্ছ্বাসে বাঁধ ভেঙে জল ঢুকছে।,bn,21.62324,87.439622,5.57,2025-08-18T00:11:59.455129,2025-08-18T00:22:59.455129,660,0,,,,,3.1,58.4,VERIFIED
rep_0591,usr_050,0.6,"Porbandar, Gujarat",west,high-waves,Severe,तटीय क्षेत्र में 4 मीटर से ऊंची खतरनाक लहरें उठ रही हैं।,hi,21.632765,69.641101,64.75,2025-08-18T02:39:35.264414,2025-08-18T04:11:35.264414,5520,0,,,https://example.com/media_590.jpg,d5d7154251f2abe9a9176dc892c507a03b0662ccb573dfd986b0678735a65826,3.91,65.3,VERIFIED
rep_0592,usr_007,0.45,"Puri, Odisha",east,high-waves,Severe,ବେଳାଭୂମିରେ ପ୍ରବଳ ଢେଉର ପ୍ରକୋପ ।,or,19.793301,85.845377,12.53,2025-08-17T04:35:52.035446,2025-08-17T04:50:52.035446,900,1,19.793708,85.854291,https://example.com/media_591.jpg,1b3ea8e110cf770817369d233d3eba2c3c254bc2eb3385935829e53c6cd844d9,1.8,57.1,VERIFIED
rep_0593,usr_038,0.6,"Mumbai, Maharashtra",west,flood,Moderate,बीच रिसॉर्ट बुकिंगसाठी आजच कॉल करा.,mr,18.925194,72.841289,9.02,2025-08-16T12:00:00,2025-08-16T13:20:00,4800,0,,,,,0.76,11.2,REJECTED
rep_0594,usr_006,0.45,"Alibaug, Maharashtra",west,flood,Low,समुद्राचे पाणी सखल भागात भरले.,mr,18.630662,72.887639,18.51,2025-08-17T14:51:05.200023,2025-08-17T15:42:05.200023,3060,1,18.629973,72.897578,https://example.com/media_593.jpg,6574d6803fa8aacd01c7c1a09a12bbb3da5b3689d515aa61bbb97ee1eb0902bc,2.21,66.6,VERIFIED
rep_0595,usr_009,0.6,"Surat, Gujarat",west,flood,Severe,Tidal seawater inundating low-lying residential houses near beach.,en,21.141776,72.638976,13.45,2025-08-15T13:31:06.795382,2025-08-15T16:02:06.795382,9060,1,21.135909,72.641966,https://example.com/media_594.jpg,456c6f63e7db5e13600b3ed2eadfc77efb05391548e234eecc580514aad662b8,3.61,42.4,VERIFIED
rep_0596,usr_025,0.2,"Digha, West Bengal",east,storm-surge,High,প্রচণ্ড জলোচ্ছ্বাস শুরু হয়েছে।,bn,21.591481,87.528522,8.95,2025-08-17T14:56:38.383352,2025-08-17T15:04:38.383352,480,0,,,https://example.com/media_595.jpg,5ad34c00c7ecfb5b26ab4c35114d85d43848b9f23165e5c1dc4ff25f10d0d73b,1.97,72.7,VERIFIED
rep_0597,usr_044,0.6,"Kochi, Kerala",west,high-waves,Severe,കടലാക്രമണം ശക്തമായി.,ml,9.950141,76.264103,13.34,2025-08-18T09:19:13.821415,2025-08-18T09:29:13.821415,600,1,9.949823,76.265132,https://example.com/media_596.jpg,a4dc2cc04bcef7a350472c3a8792ddb1cf7380a01953372656392b939042b4f1,2.09,31.9,VERIFIED
rep_0598,usr_023,0.6,"Mangalore, Karnataka",west,coastal-erosion,Low,"Observed water activity near coast in Mangalore, Karnataka.",en,12.970718,74.824304,57.29,2025-08-17T00:00:00,2025-08-17T01:02:00,3720,0,,,,,1.54,25.5,VERIFIED
rep_0599,usr_047,0.88,"Digha, West Bengal",east,storm-surge,Low,ঘূর্ণিঝড়ের প্রভাবে জলোচ্ছ্বাসে বাঁধ ভেঙে জল ঢুকছে।,bn,21.604686,87.475841,8.68,2025-08-17T23:46:22.270380,2025-08-17T23:54:22.270380,480,0,,,https://example.com/media_598.jpg,67d9aed3806e3f7d2cb723167f1224152ee44956aceaedcaeb816e18f6fd963d,2.11,68.7,VERIFIED
rep_0600,usr_031,0.45,"Visakhapatnam, Andhra Pradesh",east,flood,High,తీరప్రాంత రహదారులు వరద నీటితో జలమయం.,te,17.64193,83.216879,10.54,2025-08-18T07:49:03.041934,2025-08-18T09:12:03.041934,4980,0,,,https://example.com/media_599.jpg,9788709dad1d5059572088cea7865b31368f6ff89ee49dbf941ebef232d3bfb3,3.98,48.5,VERIFIED
rep_0601,usr_041,0.45,"Alibaug, Maharashtra",west,flood,High,समुद्राचे पाणी सखल भागात भरले.,mr,18.630736,72.908331,17.23,2025-08-17T18:45:42.645906,2025-08-18T01:48:42.645906,25380,0,,,https://example.com/media_600.jpg,45d1e3b6f84c76a09af55dcd4dfc9d87deec99d343c01c3c4fa024e6c1445cd7,2.19,62.9,VERIFIED
rep_0602,usr_029,0.45,"Porbandar, Gujarat",west,high-waves,Low,"समुद्र में भारी उफान, नावों का संचालन पूरी तरह ठप।",hi,21.643745,69.624276,18.46,2025-08-18T05:12:55.387667,2025-08-18T05:23:55.387667,660,1,21.651408,69.625851,,,3.16,55.0,VERIFIED
rep_0603,usr_038,0.6,"Porbandar, Gujarat",west,high-waves,Moderate,જેટી પાસે ભારે મોજાના કારણે નુકસાન.,gu,21.625363,69.629799,20.03,2025-08-18T16:04:43.477180,2025-08-18T16:12:43.477180,480,1,21.624911,69.61771,https://example.com/media_602.jpg,e4edf55593ab72ed013b0e010c167ba2aba8ad5e791840d3f8f7a2621e0d86fa,3.12,60.7,VERIFIED
rep_0604,usr_050,0.6,"Puri, Odisha",east,coastal-erosion,High,"Observed water activity near coast in Puri, Odisha.",en,19.786925,85.822552,28.71,2025-08-15T20:00:00,2025-08-15T21:40:00,6000,0,,,,,1.37,35.0,REJECTED
rep_0605,usr_035,0.6,"Surat, Gujarat",west,flood,Severe,ભરતીના પાણીથી રસ્તાઓ જળબંબાકાર.,gu,21.085028,72.655942,23.49,2025-08-15T14:54:20.575852,2025-08-15T15:20:20.575852,1560,1,21.087857,72.653053,https://example.com/media_604.jpg,dedeaa9d1b56ab3314533d0840f37ba362fe84469913d43765d6916e6af6c7c7,3.64,46.9,VERIFIED
rep_0606,usr_002,0.88,"Visakhapatnam, Andhra Pradesh",east,flood,Moderate,తీరప్రాంత రహదారులు వరద నీటితో జలమయం.,te,17.618639,83.153543,19.64,2025-08-18T10:36:24.442616,2025-08-18T12:40:24.442616,7440,0,,,https://example.com/media_605.jpg,489d8829692b08b633fbe44980fbbc22b6ac174bd2788d6c7cfd28c2d0654565,3.34,65.4,VERIFIED
rep_0607,usr_011,0.6,"Mangalore, Karnataka",west,high-waves,Moderate,"Observed water activity near coast in Mangalore, Karnataka.",en,12.946055,74.918922,56.86,2025-08-16T09:00:00,2025-08-16T10:28:00,5280,0,,,https://example.com/media_606.jpg,24a6d65e7578e72a2cb6bd650c668c016bd51644a3d258ef57d2a073bb1ae0dd,1.38,36.6,VERIFIED
rep_0608,usr_029,0.45,"Porbandar, Gujarat",west,flood,Severe,આજે દરિયાકિનારે રમવાની મજા આવી.,gu,21.636845,69.629293,93.0,2025-08-15T07:00:00,2025-08-15T07:26:00,1560,0,,,https://example.com/media_607.jpg,e9fe1bdf5f437390932bf3f34a1a4f93e17a934eb2853e158cf62dbbd045b65c,0.82,24.4,REJECTED
rep_0609,usr_005,0.45,"Puri, Odisha",east,high-waves,Low,"Observed water activity near coast in Puri, Odisha.",en,19.841184,85.806281,48.63,2025-08-17T15:00:00,2025-08-17T16:16:00,4560,0,,,,,1.79,34.3,REJECTED
rep_0610,usr_026,0.6,"Kozhikode, Kerala",west,flood,Low,High tide flooding entered coastal market area.,en,11.240352,75.75216,13.57,2025-08-16T14:42:11.719651,2025-08-16T18:54:11.719651,15120,1,11.24225,75.754639,,,3.52,63.3,VERIFIED
rep_0611,usr_045,0.88,"Digha, West Bengal",east,storm-surge,High,প্রচণ্ড জলোচ্ছ্বাস শুরু হয়েছে।,bn,21.607264,87.45636,11.85,2025-08-17T14:51:15.068584,2025-08-17T14:57:15.068584,360,0,,,https://example.com/media_610.jpg,9049431756de7b0ec88d33d584050dbd21c2a6ef56fd1f2a95a57cbcf398e1c1,1.75,73.9,VERIFIED
rep_0612,usr_020,0.88,"Kakinada, Andhra Pradesh",east,flood,Moderate,బీచ్ రిసార్ట్ ఆఫర్లు మరియు బుకింగ్.,te,16.983771,82.262377,64.71,2025-08-16T15:00:00,2025-08-16T17:06:00,7560,0,,,https://example.com/media_611.jpg,6432aea54aac30a220ab79ef38464a4ac6ce3691ac0c6ee75a7b0b4ed7eff7d5,0.95,22.9,REJECTED
rep_0613,usr_017,0.6,"Kozhikode, Kerala",west,tsunami,Severe,Hotel discount booking promotion near seaside.,en,11.269001,75.780151,67.27,2025-08-17T06:00:00,2025-08-17T09:23:00,12180,0,,,https://example.com/media_612.jpg,26d40e4734e0ee3f3e7897a061bd3744aff359f671e8b6b4f11289012038e225,1.17,14.7,REJECTED
rep_0614,usr_025,0.2,"Kozhikode, Kerala",west,flood,Severe,"समुद्र का पानी तटीय बस्तियों में घुस गया है, भारी जलभराव।",hi,11.258444,75.781227,65.01,2025-08-16T19:58:50.318124,2025-08-16T20:31:50.318124,1980,0,,,https://example.com/media_613.jpg,719d55cdc6962f7fac789004ddbc553daf6fae4c71727e4578fd41cef3247015,3.76,70.8,VERIFIED
rep_0615,usr_022,0.45,"Chennai, Tamil Nadu",east,high-waves,High,கடற்கரையில் இனிமையான காற்று வீசுகிறது.,ta,13.422347,80.579284,3.95,2025-08-16T06:00:00,2025-08-16T08:15:00,8100,0,,,https://example.com/media_614.jpg,4857c6494ad54a6c0e90b68b042ac1904b364e842111b048b695b65db3a5d024,0.87,13.7,REJECTED
rep_0616,usr_006,0.45,"Kakinada, Andhra Pradesh",east,flood,Low,Sunny clear weather at beach having fun with friends.,en,17.007993,82.236718,6.63,2025-08-15T19:00:00,2025-08-15T23:44:00,17040,0,,,https://example.com/media_615.jpg,4857c6494ad54a6c0e90b68b042ac1904b364e842111b048b695b65db3a5d024,1.09,17.2,REJECTED
rep_0617,usr_008,0.88,"Puri, Odisha",east,high-waves,High,ବେଳାଭୂମିରେ ପ୍ରବଳ ଢେଉର ପ୍ରକୋପ ।,or,19.812289,85.860492,98.72,2025-08-17T13:50:37.795859,2025-08-17T20:43:37.795859,24780,0,,,https://example.com/media_616.jpg,9d080dae2988f95ca23591cc17882da3f5e4f4b74e3c2b1b969d97a16bbd6fa4,2.44,37.1,VERIFIED
rep_0618,usr_012,0.6,"Alibaug, Maharashtra",west,flood,Moderate,समुद्राचे पाणी सखल भागात भरले.,mr,18.576789,72.872915,22.35,2025-08-17T21:33:56.074129,2025-08-17T22:04:56.074129,1860,1,18.575977,72.877984,https://example.com/media_617.jpg,98943f12a2a2bec3ae5ae2dd7e5e9ba19333bcc82050349240227ea647b2ae5f,1.41,69.0,VERIFIED
rep_0619,usr_049,0.6,"Surat, Gujarat",west,flood,Moderate,દરિયાના પાણી નીચાણવાળા વિસ્તારોમાં ઘૂસી ગયા છે.,gu,21.145706,72.659142,18.74,2025-08-15T11:45:53.290974,2025-08-15T11:59:53.290974,840,0,,,https://example.com/media_618.jpg,c7c7a4a5e61e548c5e7c14b34b3ba828e9747e4e28c2669f2d367243cdd255e8,3.51,62.5,VERIFIED
rep_0620,usr_013,0.88,"Surat, Gujarat",west,flood,High,ભરતીના પાણીથી રસ્તાઓ જળબંબાકાર.,gu,21.129184,72.61489,145.67,2025-08-15T11:25:28.015237,2025-08-15T11:38:28.015237,780,0,,,https://example.com/media_619.jpg,ed7e014674ab07b5b029fabf28009be89ee995ce859078c08545be6e2c45469f,3.44,45.3,VERIFIED
rep_0621,usr_028,0.88,"Surat, Gujarat",west,flood,Severe,ભરતીના પાણીથી રસ્તાઓ જળબંબાકાર.,gu,21.160132,72.638547,90.88,2025-08-15T16:22:00.471409,2025-08-15T16:33:00.471409,660,0,,,https://example.com/media_620.jpg,f190849dafa72742cf50ca509d09f84d058a70d1b68e1f522055bf47c1018099,2.84,60.5,VERIFIED
rep_0622,usr_021,0.45,"Chennai, Tamil Nadu",east,tsunami,Severe,Sunny clear weather at beach having fun with friends.,en,13.086775,80.257447,6.29,2025-08-18T10:00:00,2025-08-18T14:10:00,15000,0,,,https://example.com/media_621.jpg,8a0e7366b6a4b0ab72ee218fdf3f9b146172806f230d79e6b03e126915e4635c,1.05,24.1,REJECTED
rep_0623,usr_046,0.6,"Mangalore, Karnataka",west,flood,Moderate,Sunny clear weather at beach having fun with friends.,en,13.15791,75.037255,10.68,2025-08-17T00:00:00,2025-08-17T03:41:00,13260,1,13.263328,75.225796,https://example.com/media_622.jpg,705c8c64f127e591ddf6d2795dfc96ccf36692619896dbbd1dd0092952061cc1,0.52,21.2,REJECTED
rep_0624,usr_029,0.45,"Porbandar, Gujarat",west,storm-surge,Moderate,Hotel discount booking promotion near seaside.,en,21.642324,69.621552,6.5,2025-08-16T23:00:00,2025-08-17T02:14:00,11640,0,,,,,0.46,21.8,REJECTED
rep_0625,usr_030,0.6,"Visakhapatnam, Andhra Pradesh",east,flood,Severe,"समुद्र का पानी तटीय बस्तियों में घुस गया है, भारी जलभराव।",hi,17.65752,83.230179,10.11,2025-08-18T09:32:53.922245,2025-08-18T09:52:53.922245,1200,0,,,https://example.com/media_624.jpg,95cbdf206b0942d85078329502843c2c7bf38cc00936ac595c24bc3f577e6e57,3.72,60.6,VERIFIED
rep_0626,usr_033,0.6,"Paradip, Odisha",east,high-waves,Low,"Observed water activity near coast in Paradip, Odisha.",or,20.310993,86.63787,22.68,2025-08-15T21:00:00,2025-08-15T22:23:00,4980,0,,,https://example.com/media_625.jpg,9121a190813070b419ebef1e7d3185dc1a29f55900d601478397f87c520afde9,1.26,32.3,REJECTED
rep_0627,usr_030,0.6,"Nagapattinam, Tamil Nadu",east,flood,Low,கடற்கரையில் இனிமையான காற்று வீசுகிறது.,ta,10.76834,79.831843,8.42,2025-08-18T17:00:00,2025-08-18T20:03:00,10980,0,,,,,0.99,11.1,REJECTED
rep_0628,usr_019,0.45,"Kozhikode, Kerala",west,flood,Moderate,കടൽക്ഷോഭത്തെ തുടർന്ന് വീടുകളിൽ വെള്ളം കയറി.,ml,11.243319,75.777248,8.01,2025-08-16T22:27:28.091554,2025-08-17T01:24:28.091554,10620,0,,,https://example.com/media_627.jpg,1ab730c351e201d144431cee2462486ecac7abb0d633334bf41997d17711145c,3.59,57.4,VERIFIED
rep_0629,usr_014,0.88,"Kochi, Kerala",west,flood,Moderate,Sunny clear weather at beach having fun with friends.,en,10.155224,76.602314,4.53,2025-08-16T03:00:00,2025-08-16T06:47:00,13620,1,10.215614,76.782897,,,0.99,13.0,REJECTED
rep_0630,usr_002,0.88,"Surat, Gujarat",west,coastal-erosion,Moderate,Sunny clear weather at beach having fun with friends.,en,21.449964,72.733664,176.67,2025-08-15T22:00:00,2025-08-15T22:57:00,3420,1,21.507346,72.849446,https://example.com/media_629.jpg,4857c6494ad54a6c0e90b68b042ac1904b364e842111b048b695b65db3a5d024,1.09,18.9,REJECTED
rep_0631,usr_032,0.45,"Alibaug, Maharashtra",west,flood,Moderate,ज्वार के कारण तटीय सड़कों पर पानी भर गया है।,hi,18.620474,72.889186,21.0,2025-08-17T17:12:08.880421,2025-08-17T23:16:08.880421,21840,1,18.620409,72.891135,https://example.com/media_630.jpg,5d59d61f6398c4e24059edfc9b5255109c8990ee2634ea4675f6156097cc9bc1,3.59,61.5,VERIFIED
rep_0632,usr_006,0.45,"Visakhapatnam, Andhra Pradesh",east,coastal-erosion,Moderate,"Observed water activity near coast in Visakhapatnam, Andhra Pradesh.",te,17.690614,83.214731,58.57,2025-08-16T14:00:00,2025-08-16T14:37:00,2220,0,,,,,1.74,25.6,REJECTED
rep_0633,usr_009,0.6,"Puri, Odisha",east,high-waves,Low,ସମୁଦ୍ରରେ ୪ ମିଟରରୁ ଅଧିକ ଉଚ୍ଚ ଲହଡ଼ି ମାଡ଼ି ଆସୁଛି ।,or,19.83756,85.850345,18.22,2025-08-17T11:05:50.520284,2025-08-17T12:21:50.520284,4560,1,19.835546,85.851539,https://example.com/media_632.jpg,3f713fa622b9d80682b7208a268493b1e72ac61e284fc3a9b3c24bac7eb2b956,3.48,32.0,VERIFIED
rep_0634,usr_020,0.88,"Surat, Gujarat",west,flood,Low,દરિયાના પાણી નીચાણવાળા વિસ્તારોમાં ઘૂસી ગયા છે.,gu,21.125924,72.628359,20.67,2025-08-15T12:23:35.991377,2025-08-15T12:47:35.991377,1440,1,21.126733,72.62768,,,3.36,57.5,VERIFIED
rep_0635,usr_005,0.45,"Digha, West Bengal",east,coastal-erosion,Severe,সমুদ্রের প্রবল ঢেউয়ে সৈকত ও বাঁধের ব্যাপক ভাঙন শুরু হয়েছে।,bn,21.654932,87.484576,7.69,2025-08-17T23:38:25.300702,2025-08-17T23:47:25.300702,540,0,,,https://example.com/media_634.jpg,5be7eb8658e3f361f52bce73f3779381e2112865320427fcb239d131f4919867,1.91,80.3,VERIFIED
rep_0636,usr_037,0.45,"Visakhapatnam, Andhra Pradesh",east,flood,Moderate,తీరప్రాంత రహదారులు వరద నీటితో జలమయం.,te,17.636481,83.20074,115.92,2025-08-18T07:29:48.851215,2025-08-18T07:42:48.851215,780,0,,,https://example.com/media_635.jpg,4622b5aaba98374486d2bc2dcf4d2e510d0e5026de736c37d5d62a92371b0a4a,3.21,65.8,VERIFIED
rep_0637,usr_024,0.88,"Porbandar, Gujarat",west,high-waves,Severe,"Severe swells observed along the promenade, small boats unable to anchor.",en,21.649226,69.635909,12.7,2025-08-18T01:54:50.161277,2025-08-18T02:09:50.161277,900,1,21.650042,69.638311,https://example.com/media_636.jpg,8c02fd77c2e2450a98b6de54577c6e9b78f736ee4178e304c1abe1e5c1eb671f,4.46,65.5,VERIFIED
rep_0638,usr_030,0.6,"Nagapattinam, Tamil Nadu",east,high-waves,Severe,"Observed water activity near coast in Nagapattinam, Tamil Nadu.",en,10.785126,79.858777,50.74,2025-08-16T15:00:00,2025-08-16T15:58:00,3480,0,,,,,1.4,36.6,REJECTED
rep_0639,usr_030,0.6,"Visakhapatnam, Andhra Pradesh",east,high-waves,Moderate,వాతావరణం చాలా ప్రశాంతంగా ఉంది.,te,17.680165,83.228618,7.39,2025-08-17T17:00:00,2025-08-17T18:06:00,3960,0,,,,,0.51,13.4,REJECTED
rep_0640,usr_020,0.88,"Mangalore, Karnataka",west,high-waves,Low,"Observed water activity near coast in Mangalore, Karnataka.",en,12.992407,74.839163,27.3,2025-08-16T01:00:00,2025-08-16T02:42:00,6120,0,,,,,1.73,31.6,VERIFIED
rep_0641,usr_048,0.6,"Alibaug, Maharashtra",west,flood,Severe,Tidal seawater inundating low-lying residential houses near beach.,en,18.630597,72.852022,5.94,2025-08-17T15:20:02.499828,2025-08-17T16:15:02.499828,3300,0,,,https://example.com/media_640.jpg,eaa8d05884430158b4df2f1786d2a6e40a82e61e1c5cacab859e447efa4b96d1,2.1,35.1,VERIFIED
rep_0642,usr_018,0.6,"Mumbai, Maharashtra",west,high-waves,High,"Observed water activity near coast in Mumbai, Maharashtra.",mr,18.893957,72.857966,36.85,2025-08-16T21:00:00,2025-08-16T21:15:00,900,0,,,,,1.39,34.4,REJECTED
rep_0643,usr_047,0.88,"Digha, West Bengal",east,storm-surge,Moderate,প্রচণ্ড জলোচ্ছ্বাস শুরু হয়েছে।,bn,21.606339,87.494633,20.29,2025-08-17T20:02:42.665083,2025-08-17T21:21:42.665083,4740,0,,,,,2.16,86.0,VERIFIED
rep_0644,usr_008,0.88,"Kakinada, Andhra Pradesh",east,coastal-erosion,Severe,"Observed water activity near coast in Kakinada, Andhra Pradesh.",en,16.993656,82.263493,31.02,2025-08-18T02:00:00,2025-08-18T02:28:00,1680,0,,,https://example.com/media_643.jpg,4c163bde6d0a43c6252cfd34ccab63c64295b03448ea0a67105dc705811c5ea3,1.58,31.8,VERIFIED
rep_0645,usr_029,0.45,"Kochi, Kerala",west,high-waves,High,കടലാക്രമണം ശക്തമായി.,ml,9.908011,76.254744,138.02,2025-08-18T01:51:37.455392,2025-08-18T02:04:37.455392,780,0,,,https://example.com/media_644.jpg,a56df806d996cd918445070d53d1166ff98057abd155d69100c54666fbda51f4,3.03,27.8,VERIFIED
rep_0646,usr_007,0.45,"Digha, West Bengal",east,tsunami,High,সমুদ্রের জল আচমকা অনেক দূর পিছিয়ে গেছে।,bn,21.654519,87.478664,22.0,2025-08-17T22:47:33.179995,2025-08-18T00:27:33.179995,6000,1,21.653244,87.474602,https://example.com/media_645.jpg,9a4fc90b8be3d4b1995d1c3ee926928f5db7082b01f53752720866835fcaaae1,2.8,80.4,VERIFIED
rep_0647,usr_007,0.45,"Puri, Odisha",east,high-waves,Low,ସମୁଦ୍ରରେ ୪ ମିଟରରୁ ଅଧିକ ଉଚ୍ଚ ଲହଡ଼ି ମାଡ଼ି ଆସୁଛି ।,or,19.777439,85.837683,7.08,2025-08-17T04:08:26.248056,2025-08-17T06:15:26.248056,7620,0,,,https://example.com/media_646.jpg,46738d26ebdd023977d75506ce2d4fd1a214f429fd4c958ad5821271b03ab849,1.4,34.4,VERIFIED
rep_0648,usr_049,0.6,"Visakhapatnam, Andhra Pradesh",east,flood,Low,తీరప్రాంత రహదారులు వరద నీటితో జలమయం.,te,17.65229,83.165824,12.87,2025-08-18T12:01:36.584096,2025-08-18T12:40:36.584096,2340,0,,,https://example.com/media_647.jpg,c5806106b9d451b0974529ce515a7f6b9ebdeeba9120d9b2f407330a3acbccf7,3.58,39.8,VERIFIED
rep_0649,usr_012,0.6,"Kozhikode, Kerala",west,flood,Moderate,"समुद्र का पानी तटीय बस्तियों में घुस गया है, भारी जलभराव।",hi,11.23742,75.790203,5.57,2025-08-16T16:25:34.030629,2025-08-16T16:55:34.030629,1800,1,11.240338,75.787818,https://example.com/media_648.jpg,05b1a31e4f25a025db3a4f8aac434c1b4fc938507f5ecade159b29060a41d72e,2.74,83.8,VERIFIED
rep_0650,usr_036,0.6,"Visakhapatnam, Andhra Pradesh",east,storm-surge,Low,Sunny clear weather at beach having fun with friends.,en,17.687163,83.201077,9.0,2025-08-16T12:00:00,2025-08-16T14:52:00,10320,0,,,https://example.com/media_649.jpg,0295ab527b2ba9dc00d374392cb189abad4f69939972fbbc9ee32ee94cf28482,0.88,22.1,REJECTED
rep_0651,usr_021,0.45,"Nagapattinam, Tamil Nadu",east,coastal-erosion,High,சுற்றுலா படகு சவாரி மற்றும் விடுதி முன்பதிவு.,ta,10.767477,79.835685,117.67,2025-08-16T04:00:00,2025-08-16T06:55:00,10500,0,,,https://example.com/media_650.jpg,8ac4fc16c44866b184a96ffaad24a4ca57a91efb2801697675d3d8a5a234034a,0.73,12.4,REJECTED
rep_0652,usr_035,0.6,"Surat, Gujarat",west,coastal-erosion,Low,આજે દરિયાકિનારે રમવાની મજા આવી.,gu,21.117933,72.648833,186.35,2025-08-17T04:00:00,2025-08-17T07:33:00,12780,0,,,,,0.53,15.1,REJECTED
rep_0653,usr_048,0.6,"Paradip, Odisha",east,storm-surge,Moderate,ପୁରୀ ହୋଟେଲ ବୁକିଂ ପାଇଁ ଯୋଗାଯୋଗ କରନ୍ତୁ ।,or,20.325198,86.609783,12.91,2025-08-16T11:00:00,2025-08-16T13:02:00,7320,0,,,https://example.com/media_652.jpg,3dae2fa72f3b46c98013dcaf89ebe257f9230b1f0350d42b7a711f9d5a36116d,1.29,10.4,REJECTED
rep_0654,usr_019,0.45,"Visakhapatnam, Andhra Pradesh",east,tsunami,High,సముద్రపు నీరు అకస్మాత్తుగా వెనక్కి తగ్గింది.,te,17.651131,83.206341,24.97,2025-08-18T09:25:10.031224,2025-08-18T09:38:10.031224,780,1,17.653022,83.210792,https://example.com/media_653.jpg,860bf72544ff2af53699bd610ad9b38bc61fbccf14bfdfd9124b47127aae0c52,2.39,47.1,VERIFIED
rep_0655,usr_005,0.45,"Porbandar, Gujarat",west,high-waves,Low,જેટી પાસે ભારે મોજાના કારણે નુકસાન.,gu,21.65895,69.610491,16.58,2025-08-18T13:52:23.835395,2025-08-18T15:51:23.835395,7140,1,21.669059,69.604723,https://example.com/media_654.jpg,93ee6f7a2487356f6f04d9adf03ee608265541beff25a3a41b77db6e425c71e4,3.36,61.7,VERIFIED
rep_0656,usr_029,0.45,"Puri, Odisha",east,high-waves,Severe,ସମୁଦ୍ରରେ ୪ ମିଟରରୁ ଅଧିକ ଉଚ୍ଚ ଲହଡ଼ି ମାଡ଼ି ଆସୁଛି ।,or,19.86494,85.86298,94.85,2025-08-16T22:12:42.335407,2025-08-16T22:28:42.335407,960,0,,,,,1.51,41.9,VERIFIED
rep_0657,usr_049,0.6,"Porbandar, Gujarat",west,flood,Severe,Tidal seawater inundating low-lying residential houses near beach.,en,21.635324,69.623371,11.09,2025-08-18T09:33:49.335460,2025-08-18T09:38:49.335460,300,1,21.63675,69.618826,https://example.com/media_656.jpg,ffe1fb3fd67bdd55c04084a370f8e9047c0a5e1201aab19ab54d152321cb0f5f,3.74,40.2,VERIFIED
rep_0658,usr_047,0.88,"Porbandar, Gujarat",west,flood,Severe,Hotel discount booking promotion near seaside.,en,21.646189,69.599419,44.72,2025-08-17T10:00:00,2025-08-17T13:28:00,12480,0,,,,,0.7,11.4,REJECTED
rep_0659,usr_022,0.45,"Porbandar, Gujarat",west,high-waves,High,દરિયામાં ૪ મીટરથી વધુ ઊંચા મોજા ઉછળી રહ્યા છે.,gu,21.625149,69.662768,14.99,2025-08-18T12:31:57.637066,2025-08-18T14:06:57.637066,5700,1,21.622813,69.664433,,,3.29,57.1,VERIFIED
rep_0660,usr_001,0.6,"Kozhikode, Kerala",west,flood,Moderate,തീരദേശ റോഡുകൾ വെള്ളത്തിനടിയിലായി.,ml,11.241788,75.778716,16.27,2025-08-16T14:54:30.914212,2025-08-16T16:52:30.914212,7080,0,,,,,3.78,77.5,VERIFIED
rep_0661,usr_046,0.6,"Paradip, Odisha",east,flood,High,"Observed water activity near coast in Paradip, Odisha.",en,20.329311,86.581466,44.88,2025-08-15T22:00:00,2025-08-15T23:58:00,7080,0,,,,,1.73,35.3,VERIFIED
rep_0662,usr_044,0.6,"Porbandar, Gujarat",west,high-waves,High,દરિયામાં ૪ મીટરથી વધુ ઊંચા મોજા ઉછળી રહ્યા છે.,gu,21.648935,69.645976,65.53,2025-08-18T13:58:18.704097,2025-08-18T16:22:18.704097,8640,0,,,https://example.com/media_661.jpg,437126a0c299a81887fd8b1cd8c9d8cfb7c317f9b428cec53ab777ef4044cdb8,2.89,65.8,VERIFIED
rep_0663,usr_032,0.45,"Visakhapatnam, Andhra Pradesh",east,flood,Moderate,తీరప్రాంత రహదారులు వరద నీటితో జలమయం.,te,17.679231,83.205881,14.61,2025-08-18T15:52:07.817629,2025-08-18T15:59:07.817629,420,0,,,https://example.com/media_662.jpg,dba9a85fb0f105d788f53f9c47feec8e467abb49bc038e269db4dbef6e6baaf1,3.36,44.3,VERIFIED
rep_0664,usr_009,0.6,"Puri, Odisha",east,high-waves,High,ସମୁଦ୍ରରେ ୪ ମିଟରରୁ ଅଧିକ ଉଚ୍ଚ ଲହଡ଼ି ମାଡ଼ି ଆସୁଛି ।,or,19.79669,85.863885,12.54,2025-08-17T11:56:27.021544,2025-08-17T12:40:27.021544,2640,1,19.793172,85.864079,https://example.com/media_663.jpg,400c6f1f7ad5e7969f702bdd33f854f31f70f16afc50bf53ecc1fd945d50aa14,1.84,46.2,VERIFIED
rep_0665,usr_048,0.6,"Digha, West Bengal",east,coastal-erosion,Severe,"Observed water activity near coast in Digha, West Bengal.",en,21.595468,87.469316,41.37,2025-08-18T03:00:00,2025-08-18T03:21:00,1260,0,,,https://example.com/media_664.jpg,3864c825db9b4bc1954f0525e9e0ea5ff63f132418f52f4b42b859dcd633ee77,1.38,27.4,VERIFIED
rep_0666,usr_034,0.2,"Paradip, Odisha",east,flood,Severe,ପୁରୀ ହୋଟେଲ ବୁକିଂ ପାଇଁ ଯୋଗାଯୋଗ କରନ୍ତୁ ।,or,20.315232,86.608654,8.49,2025-08-17T22:00:00,2025-08-17T23:55:00,6900,0,,,https://example.com/media_665.jpg,4857c6494ad54a6c0e90b68b042ac1904b364e842111b048b695b65db3a5d024,0.69,20.7,REJECTED
rep_0667,usr_045,0.88,"Digha, West Bengal",east,high-waves,Moderate,উত্তাল সমুদ্রের ঢেউতে মাছ ধরার নৌকা ক্ষতিগ্রস্ত।,bn,21.639983,87.472088,11.62,2025-08-17T19:22:57.082464,2025-08-17T20:58:57.082464,5760,1,21.637765,87.473926,,,1.88,74.7,VERIFIED
rep_0668,usr_042,0.88,"Kakinada, Andhra Pradesh",east,high-waves,Severe,"Observed water activity near coast in Kakinada, Andhra Pradesh.",en,16.977699,82.218555,36.55,2025-08-17T21:00:00,2025-08-17T21:47:00,2820,0,,,https://example.com/media_667.jpg,04dba19d667a2dd2368dd45c5094ec88aa8f5286ec17d2d028d4a58f4a671c0a,1.74,35.6,REJECTED
rep_0669,usr_050,0.6,"Puri, Odisha",east,high-waves,Low,ବେଳାଭୂମିରେ ପ୍ରବଳ ଢେଉର ପ୍ରକୋପ ।,or,19.801335,85.829735,65.89,2025-08-17T11:03:42.357270,2025-08-17T11:29:42.357270,1560,0,,,https://example.com/media_668.jpg,9ccdc9fa7bcffd0c50eb047527ef6e0ba43f814ba64838061c2187da9b0d174e,1.99,39.0,VERIFIED
rep_0670,usr_026,0.6,"Paradip, Odisha",east,flood,High,Sunny clear weather at beach having fun with friends.,en,20.305448,86.607441,14.95,2025-08-16T06:00:00,2025-08-16T06:52:00,3120,0,,,https://example.com/media_669.jpg,4857c6494ad54a6c0e90b68b042ac1904b364e842111b048b695b65db3a5d024,0.61,22.5,REJECTED
rep_0671,usr_010,0.88,"Puri, Odisha",east,high-waves,Moderate,ବେଳାଭୂମିରେ ପ୍ରବଳ ଢେଉର ପ୍ରକୋପ ।,or,19.849213,85.848721,8.78,2025-08-17T14:30:53.840607,2025-08-17T19:12:53.840607,16920,1,19.847066,85.853444,,,1.62,56.6,VERIFIED
rep_0672,usr_033,0.6,"Alibaug, Maharashtra",west,flood,Moderate,"Observed water activity near coast in Alibaug, Maharashtra.",mr,18.622476,72.852742,48.85,2025-08-18T12:00:00,2025-08-18T13:22:00,4920,0,,,https://example.com/media_671.jpg,cb9a166d60af1c3d56c261cc22f6b8462c3b6914a448af24725f5633da1b1ee9,1.46,36.0,VERIFIED
rep_0673,usr_021,0.45,"Kozhikode, Kerala",west,flood,Moderate,കടൽക്ഷോഭത്തെ തുടർന്ന് വീടുകളിൽ വെള്ളം കയറി.,ml,11.267505,75.785193,122.05,2025-08-16T22:56:56.636567,2025-08-16T23:01:56.636567,300,0,,,https://example.com/media_672.jpg,647cfa4f8bf87a1c395c753603825e91b7a33ef595a638095200f4876ea1892e,4.56,71.3,VERIFIED
rep_0674,usr_003,0.6,"Nagapattinam, Tamil Nadu",east,tsunami,Severe,சுற்றுலா படகு சவாரி மற்றும் விடுதி முன்பதிவு.,ta,11.022393,80.168319,143.17,2025-08-17T03:00:00,2025-08-17T07:02:00,14520,1,11.1648,80.28577,,,1.01,19.2,REJECTED
rep_0675,usr_024,0.88,"Visakhapatnam, Andhra Pradesh",east,flood,Moderate,High tide flooding entered coastal market area.,en,17.664451,83.194692,24.98,2025-08-18T06:00:56.782220,2025-08-18T08:15:56.782220,8100,0,,,https://example.com/media_674.jpg,5e0e9a8add53cb2cfbd4fd979fc474990afcf62a5b0d26b270c54cbe12757206,4.24,56.9,VERIFIED
rep_0676,usr_027,0.88,"Digha, West Bengal",east,high-waves,Moderate,"Observed water activity near coast in Digha, West Bengal.",bn,21.623226,87.475076,35.54,2025-08-18T02:00:00,2025-08-18T02:41:00,2460,0,,,https://example.com/media_675.jpg,e1e166f0653e46cff9cddca555783da043a6fb9d82305e21860f32cf57c9df90,1.4,30.2,REJECTED
rep_0677,usr_047,0.88,"Visakhapatnam, Andhra Pradesh",east,tsunami,High,బీచ్ రిసార్ట్ ఆఫర్లు మరియు బుకింగ్.,te,17.891912,83.531358,99.97,2025-08-18T14:00:00,2025-08-18T17:41:00,13260,1,18.000836,83.651893,,,0.81,23.6,REJECTED
rep_0678,usr_011,0.6,"Visakhapatnam, Andhra Pradesh",east,coastal-erosion,High,బీచ్ రిసార్ట్ ఆఫర్లు మరియు బుకింగ్.,te,17.665016,83.228454,5.48,2025-08-16T02:00:00,2025-08-16T05:35:00,12900,0,,,https://example.com/media_677.jpg,4857c6494ad54a6c0e90b68b042ac1904b364e842111b048b695b65db3a5d024,1.29,20.2,REJECTED
rep_0679,usr_048,0.6,"Porbandar, Gujarat",west,high-waves,Moderate,Dangerous rough waves exceeding 4 meters breaching sea wall near fishing jetty.,en,21.617024,69.640311,15.61,2025-08-17T23:23:11.001270,2025-08-17T23:29:11.001270,360,0,,,https://example.com/media_678.jpg,5b28268059c21d7674e7a4c5cb7525234ada66f48cefa49ad34fb6d94263a0ee,3.74,64.2,VERIFIED
rep_0680,usr_005,0.45,"Alibaug, Maharashtra",west,flood,Moderate,समुद्राचे पाणी सखल भागात भरले.,mr,18.608446,72.917026,11.77,2025-08-17T14:56:51.085481,2025-08-17T15:20:51.085481,1440,1,18.606081,72.92383,https://example.com/media_679.jpg,faaaa9fa6943a7862322bb671576f8dde41573704a387463efda9aaae829f866,2.91,57.6,VERIFIED
rep_0681,usr_043,0.6,"Surat, Gujarat",west,high-waves,Moderate,"Observed water activity near coast in Surat, Gujarat.",gu,21.114577,72.630615,35.24,2025-08-17T05:00:00,2025-08-17T06:11:00,4260,0,,,https://example.com/media_680.jpg,d28ccc5481fffc4ba0790ab795ec5d3b79a81f305a8f162c58e0d8910b09ace7,1.3,25.3,VERIFIED
rep_0682,usr_002,0.88,"Puri, Odisha",east,tsunami,Severe,Abnormal sudden withdrawal of sea water observed followed by rising wave wall.,en,19.79404,85.851987,87.0,2025-08-17T15:14:52.344941,2025-08-17T17:06:52.344941,6720,1,19.78976,85.847758,,,3.18,52.1,VERIFIED
rep_0683,usr_038,0.6,"Surat, Gujarat",west,storm-surge,Severe,વાવાઝોડાના કારણે દરિયાઈ મોજાનું જોર અતિશય વધી ગયું છે.,gu,21.120482,72.626351,15.41,2025-08-15T11:08:57.247279,2025-08-15T17:57:57.247279,24540,0,,,https://example.com/media_682.jpg,ee73beef4070b75198d7de5791464a1339d8bf13a774eaa50b963c7389a373d9,3.36,57.3,VERIFIED
rep_0684,usr_022,0.45,"Chennai, Tamil Nadu",east,high-waves,High,கடற்கரையில் இனிமையான காற்று வீசுகிறது.,ta,13.426827,80.519226,43.07,2025-08-18T21:00:00,2025-08-18T23:28:00,8880,0,,,,,0.74,10.5,REJECTED
rep_0685,usr_028,0.88,"Panaji, Goa",west,storm-surge,Moderate,Sunny clear weather at beach having fun with friends.,en,15.664385,73.978429,6.38,2025-08-15T21:00:00,2025-08-15T21:21:00,1260,1,15.781866,74.1292,,,1.22,22.9,REJECTED
rep_0686,usr_024,0.88,"Digha, West Bengal",east,storm-surge,Moderate,ঘূর্ণিঝড়ের প্রভাবে জলোচ্ছ্বাসে বাঁধ ভেঙে জল ঢুকছে।,bn,21.626801,87.455739,5.19,2025-08-17T23:11:56.008711,2025-08-18T01:05:56.008711,6840,1,21.629633,87.448169,https://example.com/media_685.jpg,4bc4dbbbcf342d7236e7c06b585efcdb124b30e3abc626df0e7043433e22a500,2.51,81.3,VERIFIED
rep_0687,usr_006,0.45,"Surat, Gujarat",west,flood,Moderate,"Observed water activity near coast in Surat, Gujarat.",gu,21.167115,72.648082,29.32,2025-08-18T02:00:00,2025-08-18T02:39:00,2340,0,,,https://example.com/media_686.jpg,b926cc060cdade722249fac83ab1f96cb38b16a0306d0f576000897c0db4e2e2,1.25,29.2,VERIFIED
rep_0688,usr_032,0.45,"Nagapattinam, Tamil Nadu",east,flood,High,சுற்றுலா படகு சவாரி மற்றும் விடுதி முன்பதிவு.,ta,10.765653,79.829103,110.8,2025-08-18T04:00:00,2025-08-18T05:46:00,6360,0,,,https://example.com/media_687.jpg,4857c6494ad54a6c0e90b68b042ac1904b364e842111b048b695b65db3a5d024,1.28,13.9,REJECTED
rep_0689,usr_015,0.6,"Surat, Gujarat",west,coastal-erosion,Low,હોટેલ અને બીચ ટૂર માટે સંપર્ક કરો.,gu,21.102652,72.639366,6.42,2025-08-18T18:00:00,2025-08-18T20:18:00,8280,0,,,,,1.06,18.0,REJECTED
rep_0690,usr_032,0.45,"Alibaug, Maharashtra",west,high-waves,Severe,"समुद्र में भारी उफान, नावों का संचालन पूरी तरह ठप।",hi,18.598862,72.852063,126.44,2025-08-17T18:42:18.392352,2025-08-17T18:58:18.392352,960,0,,,https://example.com/media_689.jpg,a4fb73376f199a1b668918723b59ada7fa03d1296d52ec91d82e715c8c9be3e6,2.68,57.4,VERIFIED
rep_0691,usr_020,0.88,"Puri, Odisha",east,high-waves,Moderate,तटीय क्षेत्र में 4 मीटर से ऊंची खतरनाक लहरें उठ रही हैं।,hi,19.817167,85.836765,5.85,2025-08-17T05:48:31.871888,2025-08-17T06:07:31.871888,1140,1,19.812823,85.837737,,,3.05,22.5,VERIFIED
rep_0692,usr_025,0.2,"Paradip, Odisha",east,flood,Moderate,ପୁରୀ ହୋଟେଲ ବୁକିଂ ପାଇଁ ଯୋଗାଯୋଗ କରନ୍ତୁ ।,or,20.400267,86.905071,67.64,2025-08-16T02:00:00,2025-08-16T04:28:00,8880,0,,,https://example.com/media_691.jpg,556005444a5a9e1a6c771f4d61f1a196ad0741ce43aac67252941ac7844c3f1a,0.49,15.9,REJECTED
rep_0693,usr_036,0.6,"Kochi, Kerala",west,high-waves,Severe,തീരത്ത് 4 മീറ്ററിലധികം ഉയരമുള്ള ശക്തമായ തിരമാലകൾ അടിച്ചു കയറുന്നു.,ml,9.902576,76.264491,23.95,2025-08-18T11:00:38.538965,2025-08-18T11:14:38.538965,840,1,9.903954,76.26422,,,2.57,44.5,VERIFIED
rep_0694,usr_020,0.88,"Porbandar, Gujarat",west,high-waves,Moderate,દરિયામાં ૪ મીટરથી વધુ ઊંચા મોજા ઉછળી રહ્યા છે.,gu,21.634067,69.663792,16.98,2025-08-18T01:18:23.051823,2025-08-18T01:41:23.051823,1380,0,,,https://example.com/media_693.jpg,ef8c87aeda2033fad941802c2a5a1a52bbe01440a6274ce8ec4e2fbadbc86f17,3.06,71.2,VERIFIED
rep_0695,usr_045,0.88,"Porbandar, Gujarat",west,high-waves,Moderate,"Observed water activity near coast in Porbandar, Gujarat.",en,21.65045,69.59214,43.09,2025-08-17T00:00:00,2025-08-17T01:55:00,6900,0,,,https://example.com/media_694.jpg,c4e4d0c12ca5ad0e67dd994bea838384ae091384fe50d4abcf54596b38660d09,1.32,26.7,REJECTED
rep_0696,usr_040,0.6,"Porbandar, Gujarat",west,flood,Moderate,આજે દરિયાકિનારે રમવાની મજા આવી.,gu,21.639756,69.629674,4.15,2025-08-18T12:00:00,2025-08-18T14:26:00,8760,0,,,,,0.47,17.4,REJECTED
rep_0697,usr_018,0.6,"Kakinada, Andhra Pradesh",east,flood,Moderate,Sunny clear weather at beach having fun with friends.,en,17.279095,82.455412,3.04,2025-08-16T23:00:00,2025-08-17T03:18:00,15480,0,,,,,0.91,21.8,REJECTED
rep_0698,usr_039,0.45,"Nagapattinam, Tamil Nadu",east,flood,Low,"Observed water activity near coast in Nagapattinam, Tamil Nadu.",en,10.762112,79.793739,27.8,2025-08-17T13:00:00,2025-08-17T14:44:00,6240,0,,,,,1.37,35.3,REJECTED
rep_0699,usr_014,0.88,"Porbandar, Gujarat",west,high-waves,Severe,દરિયામાં ૪ મીટરથી વધુ ઊંચા મોજા ઉછળી રહ્યા છે.,gu,21.672661,69.643193,12.37,2025-08-18T01:49:32.201479,2025-08-18T05:44:32.201479,14100,0,,,,,3.13,65.1,VERIFIED
rep_0700,usr_038,0.6,"Porbandar, Gujarat",west,high-waves,Moderate,Dangerous rough waves exceeding 4 meters breaching sea wall near fishing jetty.,en,21.650913,69.638715,14.54,2025-08-18T02:12:14.298488,2025-08-18T02:36:14.298488,1440,1,21.65282,69.635337,https://example.com/media_699.jpg,96bfe4280d9d40b85806960b707124a9f2768760dcd6735b70e3bb2c6c135311,3.19,65.3,VERIFIED
rep_0701,usr_005,0.45,"Porbandar, Gujarat",west,high-waves,Low,દરિયામાં ૪ મીટરથી વધુ ઊંચા મોજા ઉછળી રહ્યા છે.,gu,21.597413,69.631247,20.09,2025-08-18T07:51:51.129459,2025-08-18T08:13:51.129459,1320,0,,,https://example.com/media_700.jpg,fb6802b9366b214ca9af4596aee87447eed11621752033f8e5c8de052f0ed016,2.88,69.5,VERIFIED
rep_0702,usr_029,0.45,"Surat, Gujarat",west,high-waves,Moderate,Sunny clear weather at beach having fun with friends.,en,21.118873,72.641523,11.2,2025-08-15T12:00:00,2025-08-15T14:02:00,7320,0,,,,,1.03,17.2,REJECTED
rep_0703,usr_021,0.45,"Surat, Gujarat",west,flood,High,દરિયાના પાણી નીચાણવાળા વિસ્તારોમાં ઘૂસી ગયા છે.,gu,21.110828,72.633397,14.84,2025-08-15T14:18:25.264637,2025-08-15T14:29:25.264637,660,0,,,https://example.com/media_702.jpg,5238337fc328b4a26d991bcc557bb8f6bc96ff66d729a7a0893c63a3b863f213,3.09,58.1,VERIFIED
rep_0704,usr_011,0.6,"Surat, Gujarat",west,flood,Severe,ભરતીના પાણીથી રસ્તાઓ જળબંબાકાર.,gu,21.069439,72.62683,10.63,2025-08-15T14:28:06.839809,2025-08-15T15:48:06.839809,4800,0,,,https://example.com/media_703.jpg,d68deccaa8f1d349211f229339439fd0660ae23aaa68927df1c1f5dea000904a,3.41,63.3,VERIFIED
rep_0705,usr_039,0.45,"Surat, Gujarat",west,flood,Moderate,ભરતીના પાણીથી રસ્તાઓ જળબંબાકાર.,gu,21.127764,72.649735,143.31,2025-08-15T14:20:21.564738,2025-08-15T14:34:21.564738,840,1,21.128163,72.643222,https://example.com/media_704.jpg,666899f4852c59aba18cafe3269b0bc5fa6b02a317ca682c0f41204dddcc5ad9,3.1,53.6,VERIFIED
rep_0706,usr_020,0.88,"Kozhikode, Kerala",west,flood,Low,കടൽക്ഷോഭത്തെ തുടർന്ന് വീടുകളിൽ വെള്ളം കയറി.,ml,11.252919,75.791937,19.4,2025-08-17T02:43:59.171573,2025-08-17T05:36:59.171573,10380,0,,,https://example.com/media_705.jpg,64cd2e871724137291843a8ea03d966c8946925a7aac7657f8025542f12b9322,2.87,75.6,VERIFIED
rep_0707,usr_001,0.6,"Paradip, Odisha",east,high-waves,Low,Hotel discount booking promotion near seaside.,en,20.331605,86.592465,88.55,2025-08-16T10:00:00,2025-08-16T11:47:00,6420,0,,,,,0.54,10.8,REJECTED
rep_0708,usr_042,0.88,"Kozhikode, Kerala",west,flood,Severe,കടൽക്ഷോഭത്തെ തുടർന്ന് വീടുകളിൽ വെള്ളം കയറി.,ml,11.255209,75.777785,95.69,2025-08-16T22:11:14.483619,2025-08-16T22:37:14.483619,1560,0,,,,,3.73,65.1,VERIFIED
rep_0709,usr_038,0.6,"Kakinada, Andhra Pradesh",east,coastal-erosion,Severe,"Observed water activity near coast in Kakinada, Andhra Pradesh.",te,16.983223,82.293868,39.19,2025-08-17T07:00:00,2025-08-17T07:18:00,1080,0,,,,,1.29,25.8,REJECTED
rep_0710,usr_027,0.88,"Surat, Gujarat",west,high-waves,Low,આજે દરિયાકિનારે રમવાની મજા આવી.,gu,21.117471,72.647786,84.93,2025-08-16T17:00:00,2025-08-16T18:46:00,6360,0,,,https://example.com/media_709.jpg,54e0652229cc5de6267f8d18e05942e5d436442c2ecc5b653fffde12c1fe1788,1.12,10.4,REJECTED
rep_0711,usr_028,0.88,"Chennai, Tamil Nadu",east,coastal-erosion,High,"Observed water activity near coast in Chennai, Tamil Nadu.",ta,13.095098,80.224772,49.7,2025-08-17T19:00:00,2025-08-17T20:24:00,5040,0,,,https://example.com/media_710.jpg,6675cb57f3dd6e0848556f0ad1f816565dbe265d5f4582d7f648ce8b7383e268,1.25,29.8,REJECTED
rep_0712,usr_035,0.6,"Surat, Gujarat",west,storm-surge,High,આજે દરિયાકિનારે રમવાની મજા આવી.,gu,21.110468,72.651874,8.61,2025-08-17T22:00:00,2025-08-18T02:47:00,17220,0,,,https://example.com/media_711.jpg,4857c6494ad54a6c0e90b68b042ac1904b364e842111b048b695b65db3a5d024,1.13,21.3,REJECTED
rep_0713,usr_022,0.45,"Digha, West Bengal",east,high-waves,Moderate,"Observed water activity near coast in Digha, West Bengal.",bn,21.591027,87.518769,47.21,2025-08-16T01:00:00,2025-08-16T02:31:00,5460,0,,,,,1.41,36.9,REJECTED
rep_0714,usr_037,0.45,"Surat, Gujarat",west,flood,Moderate,"Observed water activity near coast in Surat, Gujarat.",en,21.141229,72.66216,24.48,2025-08-15T07:00:00,2025-08-15T07:47:00,2820,0,,,,,1.23,26.3,REJECTED
rep_0715,usr_044,0.6,"Kakinada, Andhra Pradesh",east,storm-surge,Moderate,వాతావరణం చాలా ప్రశాంతంగా ఉంది.,te,16.980409,82.26443,14.24,2025-08-17T11:00:00,2025-08-17T12:04:00,3840,0,,,,,0.6,15.3,REJECTED
rep_0716,usr_049,0.6,"Porbandar, Gujarat",west,high-waves,Low,હોટેલ અને બીચ ટૂર માટે સંપર્ક કરો.,gu,21.659306,69.625859,13.99,2025-08-16T09:00:00,2025-08-16T13:47:00,17220,0,,,https://example.com/media_715.jpg,4857c6494ad54a6c0e90b68b042ac1904b364e842111b048b695b65db3a5d024,1.08,14.5,REJECTED
rep_0717,usr_014,0.88,"Porbandar, Gujarat",west,high-waves,Low,જેટી પાસે ભારે મોજાના કારણે નુકસાન.,gu,21.641236,69.631266,7.38,2025-08-18T05:10:37.389287,2025-08-18T05:26:37.389287,960,0,,,https://example.com/media_716.jpg,740d928e9d71dfee14343b14af6fd04781d8d67905e1ca5e0ea52b48be34d46d,4.27,63.2,VERIFIED
rep_0718,usr_003,0.6,"Mangalore, Karnataka",west,storm-surge,Severe,Hotel discount booking promotion near seaside.,en,13.063161,75.063871,160.47,2025-08-18T22:00:00,2025-08-19T02:21:00,15660,0,,,https://example.com/media_717.jpg,4857c6494ad54a6c0e90b68b042ac1904b364e842111b048b695b65db3a5d024,0.93,23.2,REJECTED
rep_0719,usr_006,0.45,"Mangalore, Karnataka",west,storm-surge,Moderate,Hotel discount booking promotion near seaside.,en,12.92802,74.863994,187.57,2025-08-15T11:00:00,2025-08-15T13:55:00,10500,0,,,,,0.62,24.8,REJECTED
rep_0720,usr_007,0.45,"Mumbai, Maharashtra",west,flood,Severe,बीच रिसॉर्ट बुकिंगसाठी आजच कॉल करा.,mr,18.920917,72.832566,3.83,2025-08-18T03:00:00,2025-08-18T03:34:00,2040,0,,,https://example.com/media_719.jpg,405e852e23691f111cb9dfce7d87c93d61af8ce8f492f9d28cd48f9f1228507a,0.91,22.0,REJECTED
rep_0721,usr_029,0.45,"Kochi, Kerala",west,high-waves,Severe,കടലാക്രമണം ശക്തമായി.,ml,9.930047,76.279154,65.48,2025-08-18T17:17:25.952689,2025-08-18T17:47:25.952689,1800,0,,,https://example.com/media_720.jpg,e152780ca183cfd2b326aa40af8ace0681a77ea58dd0376c7cfe9600ada28ee1,2.11,41.7,VERIFIED
rep_0722,usr_029,0.45,"Digha, West Bengal",east,storm-surge,Low,প্রচণ্ড জলোচ্ছ্বাস শুরু হয়েছে।,bn,21.636824,87.513886,16.26,2025-08-17T19:53:15.532741,2025-08-17T20:01:15.532741,480,1,21.632676,87.518492,https://example.com/media_721.jpg,3f2926de1f2ddccc5b940dc628a5c075baf5f359ba5338623cdc9759c46db764,1.36,70.0,VERIFIED
rep_0723,usr_017,0.6,"Alibaug, Maharashtra",west,flood,Moderate,उधाणाचे पाणी गावातील घरांमध्ये शिरले असून रस्ते पाण्याखाली गेले आहेत.,mr,18.610869,72.876631,7.75,2025-08-17T18:27:32.212056,2025-08-17T18:47:32.212056,1200,1,18.613072,72.877959,https://example.com/media_722.jpg,8b032a92e4150a0754ec4d5f5e95ec93dce88383a266f9ff3635de32a7a87074,2.36,52.4,VERIFIED
rep_0724,usr_020,0.88,"Porbandar, Gujarat",west,high-waves,Severe,જેટી પાસે ભારે મોજાના કારણે નુકસાન.,gu,21.629472,69.650244,5.24,2025-08-18T13:36:22.720769,2025-08-18T15:08:22.720769,5520,0,,,https://example.com/media_723.jpg,5cbeb337b4acf0bfc5a1df44d076ea17f5721499bc1bc92fce650af3fe855dd6,3.18,61.2,VERIFIED
rep_0725,usr_007,0.45,"Porbandar, Gujarat",west,high-waves,Severe,तटीय क्षेत्र में 4 मीटर से ऊंची खतरनाक लहरें उठ रही हैं।,hi,21.627684,69.619451,7.92,2025-08-18T09:11:27.000122,2025-08-18T15:16:27.000122,21900,1,21.61975,69.618959,https://example.com/media_724.jpg,580da0e44c5108133ef4cfc1746457ddc5f946d0d759ce5d7fe827fa8267495c,2.12,60.5,VERIFIED
rep_0726,usr_021,0.45,"Surat, Gujarat",west,flood,Severe,દરિયાના પાણી નીચાણવાળા વિસ્તારોમાં ઘૂસી ગયા છે.,gu,21.090878,72.596123,17.13,2025-08-15T16:06:51.150042,2025-08-15T16:24:51.150042,1080,0,,,https://example.com/media_725.jpg,3591bb7a798ca2a0f52e4a4fd4d0d4c975a3a0f871638572706d3a6319c77287,3.71,66.7,VERIFIED
rep_0727,usr_027,0.88,"Alibaug, Maharashtra",west,tsunami,Severe,किनारी फिरायला छान वातावरण आहे.,mr,18.962146,72.991502,99.12,2025-08-16T21:00:00,2025-08-17T01:44:00,17040,0,,,https://example.com/media_726.jpg,ba6472723bbebaecc15ab82e0fcbc80818e8a7059cba831b32aaf30fbc69af71,1.13,23.8,REJECTED
rep_0728,usr_025,0.2,"Porbandar, Gujarat",west,high-waves,Moderate,દરિયામાં ૪ મીટરથી વધુ ઊંચા મોજા ઉછળી રહ્યા છે.,gu,21.663897,69.650568,15.34,2025-08-18T04:12:03.763061,2025-08-18T09:52:03.763061,20400,0,,,https://example.com/media_727.jpg,9bb033f228efe0d0f3945d5e4e35de1513543fa7a142e4f0c8ab869661e5d25c,3.55,68.8,VERIFIED
rep_0729,usr_020,0.88,"Visakhapatnam, Andhra Pradesh",east,flood,Severe,సముద్రపు నీరు గ్రామంలోకి ప్రవేశించి ఇళ్లను ముంచెత్తింది.,te,17.652046,83.201803,13.48,2025-08-18T14:46:43.415080,2025-08-18T16:04:43.415080,4680,0,,,https://example.com/media_728.jpg,4dad7cc7394c8830607d93498a71dfbaa02f34cab8a6cacecadae00d3e836105,3.56,52.2,VERIFIED
rep_0730,usr_012,0.6,"Alibaug, Maharashtra",west,storm-surge,Low,किनारी फिरायला छान वातावरण आहे.,mr,18.64625,72.889187,69.29,2025-08-16T17:00:00,2025-08-16T22:00:00,18000,0,,,https://example.com/media_729.jpg,4857c6494ad54a6c0e90b68b042ac1904b364e842111b048b695b65db3a5d024,0.62,17.3,REJECTED
rep_0731,usr_025,0.2,"Surat, Gujarat",west,flood,High,ભરતીના પાણીથી રસ્તાઓ જળબંબાકાર.,gu,21.130186,72.680111,14.1,2025-08-15T10:47:33.756489,2025-08-15T10:53:33.756489,360,0,,,https://example.com/media_730.jpg,fafb02844f7fae29b849a6df580175213e0a496fe1e44a4fde5d612d8ec0a8b2,3.12,69.0,VERIFIED
rep_0732,usr_012,0.6,"Digha, West Bengal",east,storm-surge,High,প্রচণ্ড জলোচ্ছ্বাস শুরু হয়েছে।,bn,21.617883,87.482333,10.55,2025-08-17T20:36:50.903261,2025-08-17T20:47:50.903261,660,0,,,https://example.com/media_731.jpg,67299c61f1595808044e8dfd6ef5df6803efb18a7250fe583ea8ad8a48b391f9,2.36,54.1,VERIFIED
rep_0733,usr_015,0.6,"Visakhapatnam, Andhra Pradesh",east,flood,Low,ज्वार के कारण तटीय सड़कों पर पानी भर गया है।,hi,17.658286,83.197322,21.82,2025-08-18T06:50:38.316936,2025-08-18T07:14:38.316936,1440,1,17.654992,83.196166,https://example.com/media_732.jpg,50adea66e50a6709e2220c551396e5d6d08315bba98876cb0940c08047a8622a,3.66,41.0,VERIFIED
rep_0734,usr_027,0.88,"Visakhapatnam, Andhra Pradesh",east,flood,Low,ज्वार के कारण तटीय सड़कों पर पानी भर गया है।,hi,17.639944,83.177275,10.59,2025-08-18T07:15:01.908805,2025-08-18T07:22:01.908805,420,1,17.637911,83.173514,,,3.66,47.9,VERIFIED
rep_0735,usr_018,0.6,"Visakhapatnam, Andhra Pradesh",east,coastal-erosion,High,తీరప్రాంతంలో తీవ్రమైన కోత.,te,17.634906,83.219899,5.41,2025-08-18T06:01:23.593078,2025-08-18T08:07:23.593078,7560,0,,,https://example.com/media_734.jpg,915d6b0f67fbe47a33f8c96d3c36cf4f5891f47542f1874c4fd7cf0e17a1e547,3.03,56.9,VERIFIED
rep_0736,usr_016,0.6,"Kochi, Kerala",west,coastal-erosion,High,കടലാക്രമണത്തിൽ തീരദേശ സംരക്ഷണ ഭിത്തി തകർന്നു.,ml,9.916353,76.248489,143.53,2025-08-18T09:00:01.402512,2025-08-18T15:48:01.402512,24480,1,9.914933,76.244336,,,1.81,46.4,VERIFIED
rep_0737,usr_024,0.88,"Kochi, Kerala",west,high-waves,Low,കടലാക്രമണം ശക്തമായി.,ml,9.953745,76.295965,16.98,2025-08-18T16:58:29.694228,2025-08-18T18:08:29.694228,4200,0,,,,,2.64,40.7,VERIFIED
rep_0738,usr_017,0.6,"Puri, Odisha",east,high-waves,Low,Dangerous rough waves exceeding 4 meters breaching sea wall near fishing jetty.,en,19.817645,85.853468,8.72,2025-08-17T11:52:44.090956,2025-08-17T12:20:44.090956,1680,1,19.818388,85.854755,,,1.81,32.9,VERIFIED
rep_0739,usr_013,0.88,"Nagapattinam, Tamil Nadu",east,high-waves,Moderate,Hotel discount booking promotion near seaside.,en,10.874608,80.143068,4.49,2025-08-16T06:00:00,2025-08-16T08:15:00,8100,0,,,,,1.05,12.3,REJECTED
rep_0740,usr_033,0.6,"Paradip, Odisha",east,high-waves,Moderate,ପୁରୀ ହୋଟେଲ ବୁକିଂ ପାଇଁ ଯୋଗାଯୋଗ କରନ୍ତୁ ।,or,20.3244,86.605259,8.63,2025-08-16T18:00:00,2025-08-16T22:06:00,14760,0,,,https://example.com/media_739.jpg,8135e4873b7530f0fdb060ab92b0701c092a49f84642d938a9241b23886d4371,0.95,15.5,REJECTED
rep_0741,usr_039,0.45,"Kozhikode, Kerala",west,flood,High,തീരദേശ റോഡുകൾ വെള്ളത്തിനടിയിലായി.,ml,11.24485,75.77605,20.98,2025-08-16T20:24:02.925224,2025-08-16T23:07:02.925224,9780,0,,,https://example.com/media_740.jpg,ef304f54b5db95567fb355354ef584674e0364aaa1d634f792e749e44fafb764,3.03,65.1,VERIFIED
rep_0742,usr_027,0.88,"Porbandar, Gujarat",west,high-waves,Severe,દરિયામાં ૪ મીટરથી વધુ ઊંચા મોજા ઉછળી રહ્યા છે.,gu,21.608233,69.638079,109.98,2025-08-18T04:39:42.527700,2025-08-18T04:50:42.527700,660,1,21.6066,69.643276,https://example.com/media_741.jpg,f1bccf9c121f38436beb1e5432729bc5b36065da92833fdc67fa4d0d006e2be7,3.25,67.9,VERIFIED
rep_0743,usr_049,0.6,"Kakinada, Andhra Pradesh",east,flood,Severe,"Observed water activity near coast in Kakinada, Andhra Pradesh.",en,16.975878,82.257576,56.02,2025-08-17T18:00:00,2025-08-17T19:02:00,3720,0,,,,,1.35,30.2,REJECTED
rep_0744,usr_004,0.6,"Visakhapatnam, Andhra Pradesh",east,high-waves,Moderate,తీరప్రాంతంలో అలల తీవ్రత పెరిగింది.,te,17.670655,83.210426,12.73,2025-08-18T11:10:33.099811,2025-08-18T11:30:33.099811,1200,0,,,https://example.com/media_743.jpg,6cef16c3eba8bddba26b88b5fc774904791369f6208a534787b6ebf43b7e6de2,2.96,50.7,VERIFIED
rep_0745,usr_007,0.45,"Porbandar, Gujarat",west,high-waves,Severe,જેટી પાસે ભારે મોજાના કારણે નુકસાન.,gu,21.637878,69.635364,17.61,2025-08-18T05:37:24.296039,2025-08-18T06:07:24.296039,1800,1,21.63446,69.636514,https://example.com/media_744.jpg,0b1f4e0b66c3a3d2ef633a620518111d9ec0d1032ec69e9275348d5f77f52815,3.34,68.3,VERIFIED
rep_0746,usr_003,0.6,"Visakhapatnam, Andhra Pradesh",east,tsunami,Low,బీచ్ రిసార్ట్ ఆఫర్లు మరియు బుకింగ్.,te,17.683387,83.216989,189.27,2025-08-16T17:00:00,2025-08-16T18:23:00,4980,0,,,,,0.8,20.8,REJECTED
rep_0747,usr_018,0.6,"Panaji, Goa",west,flood,Moderate,समुद्र किनारे होटल बुकिंग के लिए संपर्क करें।,hi,15.652686,74.165261,9.83,2025-08-16T15:00:00,2025-08-16T16:57:00,7020,0,,,,,0.54,18.2,REJECTED
rep_0748,usr_017,0.6,"Kakinada, Andhra Pradesh",east,high-waves,High,"Observed water activity near coast in Kakinada, Andhra Pradesh.",en,17.001958,82.312881,26.62,2025-08-17T02:00:00,2025-08-17T03:33:00,5580,0,,,,,1.27,33.7,VERIFIED
rep_0749,usr_017,0.6,"Nagapattinam, Tamil Nadu",east,coastal-erosion,Moderate,"Observed water activity near coast in Nagapattinam, Tamil Nadu.",ta,10.749127,79.822781,26.22,2025-08-16T18:00:00,2025-08-16T19:58:00,7080,0,,,,,1.63,31.8,REJECTED
rep_0750,usr_002,0.88,"Surat, Gujarat",west,flood,High,દરિયાના પાણી નીચાણવાળા વિસ્તારોમાં ઘૂસી ગયા છે.,gu,21.101476,72.657888,19.49,2025-08-15T11:00:45.456861,2025-08-15T11:30:45.456861,1800,1,21.104705,72.656885,,,3.45,61.6,VERIFIED
rep_0751,usr_026,0.6,"Surat, Gujarat",west,flood,Low,ભરતીના પાણીથી રસ્તાઓ જળબંબાકાર.,gu,21.108198,72.651059,23.97,2025-08-15T12:39:11.960483,2025-08-15T12:57:11.960483,1080,0,,,https://example.com/media_750.jpg,32c58f285144139493e833781b448bb2425612dbdf279a54c7e6bd19b3c73d82,3.38,57.6,VERIFIED
rep_0752,usr_032,0.45,"Puri, Odisha",east,coastal-erosion,Severe,Shoreline erosion threatening coastal road.,en,19.786849,85.826084,10.73,2025-08-17T04:09:36.378989,2025-08-17T04:16:36.378989,420,0,,,https://example.com/media_751.jpg,96134fc092b69ef67920e07ad8dceb3fd1843266dd08ab23c5527729e43c001c,2.53,46.1,VERIFIED
rep_0753,usr_045,0.88,"Visakhapatnam, Andhra Pradesh",east,flood,Low,"Observed water activity near coast in Visakhapatnam, Andhra Pradesh.",te,17.705557,83.218746,25.34,2025-08-17T04:00:00,2025-08-17T05:40:00,6000,0,,,,,1.42,33.9,VERIFIED
rep_0754,usr_020,0.88,"Alibaug, Maharashtra",west,flood,Low,उधाणाचे पाणी गावातील घरांमध्ये शिरले असून रस्ते पाण्याखाली गेले आहेत.,mr,18.634075,72.877106,50.02,2025-08-17T17:55:22.370576,2025-08-17T18:08:22.370576,780,0,,,https://example.com/media_753.jpg,8add2552f215e8111c496a4541ed9264f3963bfb8f8a83ce0413ae00aca07d5c,3.44,51.9,VERIFIED
rep_0755,usr_017,0.6,"Porbandar, Gujarat",west,high-waves,High,જેટી પાસે ભારે મોજાના કારણે નુકસાન.,gu,21.641606,69.629466,18.78,2025-08-18T08:09:35.156956,2025-08-18T10:21:35.156956,7920,1,21.645147,69.624728,https://example.com/media_754.jpg,c84e89fa1d925114007425a23cbd1b20eedfe202d675c78658bacc5304fe0e06,3.77,55.5,VERIFIED
rep_0756,usr_030,0.6,"Porbandar, Gujarat",west,high-waves,High,દરિયામાં ૪ મીટરથી વધુ ઊંચા મોજા ઉછળી રહ્યા છે.,gu,21.651162,69.639611,7.95,2025-08-18T04:59:20.788153,2025-08-18T07:57:20.788153,10680,0,,,https://example.com/media_755.jpg,ee5a1fee2d37e14a840220399e8bd24547decb12591389a4e388dd0acc58267f,3.52,56.1,VERIFIED
rep_0757,usr_014,0.88,"Digha, West Bengal",east,high-waves,Severe,"Observed water activity near coast in Digha, West Bengal.",en,21.60696,87.529902,33.8,2025-08-17T08:00:00,2025-08-17T08:38:00,2280,0,,,https://example.com/media_756.jpg,16ec8282c5c16e9647fcc3dc11001be0373d8d45f9376b28c07c11ed20234571,1.7,35.4,VERIFIED
rep_0758,usr_026,0.6,"Puri, Odisha",east,storm-surge,High,ଆଜି ପାଗ ଖୁବ୍ ଭଲ ଅଛି ।,or,20.113761,86.112426,145.34,2025-08-16T04:00:00,2025-08-16T06:18:00,8280,0,,,,,1.18,12.8,REJECTED
rep_0759,usr_009,0.6,"Visakhapatnam, Andhra Pradesh",east,flood,Severe,తీరప్రాంత రహదారులు వరద నీటితో జలమయం.,te,17.656384,83.204556,68.05,2025-08-18T05:27:51.701487,2025-08-18T05:56:51.701487,1740,1,17.660161,83.204775,https://example.com/media_758.jpg,4d0d6e80badda32ed68a1f3b3b9dbc2bcc5ad0e085b451ba12192605fba9d616,3.0,50.2,VERIFIED
rep_0760,usr_038,0.6,"Nagapattinam, Tamil Nadu",east,coastal-erosion,High,"Observed water activity near coast in Nagapattinam, Tamil Nadu.",ta,10.69986,79.871572,52.01,2025-08-18T03:00:00,2025-08-18T04:51:00,6660,0,,,,,1.63,32.1,VERIFIED
rep_0761,usr_027,0.88,"Digha, West Bengal",east,storm-surge,Low,ঘূর্ণিঝড়ের প্রভাবে জলোচ্ছ্বাসে বাঁধ ভেঙে জল ঢুকছে।,bn,21.648948,87.45682,17.18,2025-08-17T11:32:31.007870,2025-08-17T11:44:31.007870,720,1,21.646818,87.461726,https://example.com/media_760.jpg,855c9f33bcf3d700915b759ad638ed1ade30fb8a75db9f250467a51a1c042d1a,1.89,83.0,VERIFIED
rep_0762,usr_029,0.45,"Visakhapatnam, Andhra Pradesh",east,flood,Low,తీరప్రాంత రహదారులు వరద నీటితో జలమయం.,te,17.626837,83.225576,10.47,2025-08-18T17:20:10.901452,2025-08-18T17:50:10.901452,1800,0,,,https://example.com/media_761.jpg,ab065ae3d30d9ecd783d51e08e92d8b43d0074d536062a1de7d4fa9ff6685b10,2.83,59.7,VERIFIED
rep_0763,usr_025,0.2,"Chennai, Tamil Nadu",east,coastal-erosion,High,"Observed water activity near coast in Chennai, Tamil Nadu.",ta,13.102049,80.310031,20.57,2025-08-17T20:00:00,2025-08-17T20:17:00,1020,0,,,,,1.4,28.2,REJECTED
rep_0764,usr_019,0.45,"Kochi, Kerala",west,high-waves,Moderate,കടലാക്രമണം ശക്തമായി.,ml,9.945764,76.254251,59.76,2025-08-18T02:26:25.386602,2025-08-18T05:27:25.386602,10860,0,,,https://example.com/media_763.jpg,c1f12fb31841828123188d4c8329352538aa2f33760bf285c866b80be00c5406,1.56,39.0,VERIFIED
rep_0765,usr_029,0.45,"Alibaug, Maharashtra",west,flood,Low,उधाणाचे पाणी गावातील घरांमध्ये शिरले असून रस्ते पाण्याखाली गेले आहेत.,mr,18.629276,72.842694,7.44,2025-08-17T16:49:33.316707,2025-08-18T00:28:33.316707,27540,0,,,https://example.com/media_764.jpg,11fa64798cfb66c82bd539c0956e570308d6a8b09d9da6c82c3f515a426b505d,3.46,67.9,VERIFIED
rep_0766,usr_022,0.45,"Porbandar, Gujarat",west,high-waves,Moderate,દરિયામાં ૪ મીટરથી વધુ ઊંચા મોજા ઉછળી રહ્યા છે.,gu,21.639513,69.625812,20.15,2025-08-18T13:36:45.251131,2025-08-18T14:48:45.251131,4320,1,21.637381,69.629164,https://example.com/media_765.jpg,4ad1e30db78b4f8ea86c0e712d7f3eaad43175423120ae599d040ed7e077c73a,4.07,68.3,VERIFIED
rep_0767,usr_050,0.6,"Mangalore, Karnataka",west,tsunami,Severe,Sunny clear weather at beach having fun with friends.,en,12.903206,74.865331,3.5,2025-08-17T06:00:00,2025-08-17T09:03:00,10980,0,,,https://example.com/media_766.jpg,e309dd6248a4eb09a53d534557cfbf3ad1f8bdf16e467366332ed5669b071b85,0.72,24.8,REJECTED
rep_0768,usr_007,0.45,"Digha, West Bengal",east,storm-surge,High,ঘূর্ণিঝড়ের প্রভাবে জলোচ্ছ্বাসে বাঁধ ভেঙে জল ঢুকছে।,bn,21.590714,87.492905,20.23,2025-08-17T16:57:32.286622,2025-08-17T20:25:32.286622,12480,1,21.593334,87.486386,https://example.com/media_767.jpg,5c31001968b32f9ec7f2fb6f6eb9849d12c11c103a51842562ca4d76d3135d0f,2.13,81.9,VERIFIED
rep_0769,usr_010,0.88,"Kochi, Kerala",west,storm-surge,Low,Sunny clear weather at beach having fun with friends.,en,9.958194,76.264115,8.98,2025-08-16T06:00:00,2025-08-16T06:57:00,3420,0,,,https://example.com/media_768.jpg,5d991a845ba98902e3efa9409ad25a40bd3c002439611eea3abf467c6c1500b6,0.42,14.3,REJECTED
rep_0770,usr_050,0.6,"Kozhikode, Kerala",west,high-waves,Low,"Observed water activity near coast in Kozhikode, Kerala.",ml,11.267315,75.799296,52.01,2025-08-18T05:00:00,2025-08-18T06:51:00,6660,0,,,https://example.com/media_769.jpg,3e099b3b68789327be0fd7007177d7aa1e3864b194b312365c1daea32daf0445,1.37,35.9,VERIFIED
rep_0771,usr_036,0.6,"Digha, West Bengal",east,tsunami,Moderate,দীঘা সমুদ্র সৈকত হোটেল বুকিং ডিসকাউন্ট।,bn,21.605743,87.501189,56.07,2025-08-15T18:00:00,2025-08-15T21:00:00,10800,0,,,,,0.68,23.2,REJECTED
rep_0772,usr_038,0.6,"Kozhikode, Kerala",west,flood,Moderate,Tidal seawater inundating low-lying residential houses near beach.,en,11.223061,75.778823,15.84,2025-08-16T22:22:32.779592,2025-08-16T22:45:32.779592,1380,1,11.218741,75.776049,https://example.com/media_771.jpg,e64b48d8222702778b4c84bc081d32dd820c852c3387b571749c685058c640c5,3.78,69.6,VERIFIED
rep_0773,usr_001,0.6,"Visakhapatnam, Andhra Pradesh",east,coastal-erosion,High,"Observed water activity near coast in Visakhapatnam, Andhra Pradesh.",te,17.64379,83.196007,53.67,2025-08-18T13:00:00,2025-08-18T14:40:00,6000,0,,,,,1.34,30.6,REJECTED
rep_0774,usr_026,0.6,"Surat, Gujarat",west,storm-surge,Low,વાવાઝોડાના કારણે દરિયાઈ મોજાનું જોર અતિશય વધી ગયું છે.,gu,21.109363,72.664338,19.14,2025-08-15T15:13:18.118736,2025-08-15T15:36:18.118736,1380,1,21.109192,72.664205,https://example.com/media_773.jpg,cbe9478e764ca9c2bf58a843ab5198e9fcd94b375eccd16019d48d7aecfb1504,2.53,51.6,VERIFIED
rep_0775,usr_016,0.6,"Kozhikode, Kerala",west,flood,High,കടൽക്ഷോഭത്തെ തുടർന്ന് വീടുകളിൽ വെള്ളം കയറി.,ml,11.241036,75.765798,145.94,2025-08-16T12:13:12.571484,2025-08-16T12:21:12.571484,480,0,,,https://example.com/media_774.jpg,8dabbbcf780582a6169dd9e4c08be0ecf0b529160de5bbb7b87b39957bfc87b3,3.32,52.4,VERIFIED
rep_0776,usr_027,0.88,"Surat, Gujarat",west,flood,Low,દરિયાના પાણી નીચાણવાળા વિસ્તારોમાં ઘૂસી ગયા છે.,gu,21.103542,72.617248,113.51,2025-08-15T17:32:32.233506,2025-08-15T17:50:32.233506,1080,1,21.098664,72.623689,,,2.92,50.9,VERIFIED
rep_0777,usr_034,0.2,"Kochi, Kerala",west,flood,Severe,ബീച്ചിൽ നല്ല കാലാവസ്ഥ.,ml,10.249153,76.385288,8.11,2025-08-17T16:00:00,2025-08-17T17:52:00,6720,1,10.417007,76.514727,,,0.71,19.7,REJECTED
rep_0778,usr_018,0.6,"Surat, Gujarat",west,high-waves,Moderate,"Observed water activity near coast in Surat, Gujarat.",en,21.099139,72.652887,51.24,2025-08-18T05:00:00,2025-08-18T06:20:00,4800,0,,,,,1.43,37.8,VERIFIED
rep_0779,usr_047,0.88,"Alibaug, Maharashtra",west,flood,Severe,उधाणाचे पाणी गावातील घरांमध्ये शिरले असून रस्ते पाण्याखाली गेले आहेत.,mr,18.619913,72.86249,20.99,2025-08-17T15:55:47.302201,2025-08-17T17:29:47.302201,5640,0,,,https://example.com/media_778.jpg,984ffa3d572ba71ee647b4d746be4b38cfdf4bcfdfb12b3139f532e35286f62e,1.74,54.0,VERIFIED
rep_0780,usr_001,0.6,"Surat, Gujarat",west,flood,High,"Observed water activity near coast in Surat, Gujarat.",en,21.11996,72.595737,36.79,2025-08-16T22:00:00,2025-08-16T23:47:00,6420,0,,,https://example.com/media_779.jpg,bc77b56b98c4fd2d4bdd3898af767ad420eaed5bbad308bf0ba6b98fba8c3b58,1.49,27.4,REJECTED
rep_0781,usr_018,0.6,"Nagapattinam, Tamil Nadu",east,flood,High,சுற்றுலா படகு சவாரி மற்றும் விடுதி முன்பதிவு.,ta,10.754922,79.820121,7.28,2025-08-17T02:00:00,2025-08-17T05:12:00,11520,0,,,,,1.2,14.9,REJECTED
rep_0782,usr_028,0.88,"Kozhikode, Kerala",west,flood,Low,തീരദേശ റോഡുകൾ വെള്ളത്തിനടിയിലായി.,ml,11.279248,75.801271,22.33,2025-08-16T19:03:37.795680,2025-08-16T19:12:37.795680,540,1,11.267931,75.808219,https://example.com/media_781.jpg,e0e3905a43b5ec0f5de49f32a40efe73853b5fa7a0b35d0f5c77063c31b2cb6f,2.94,47.3,VERIFIED
rep_0783,usr_027,0.88,"Alibaug, Maharashtra",west,high-waves,Moderate,"Observed water activity near coast in Alibaug, Maharashtra.",en,18.651804,72.863929,56.94,2025-08-18T11:00:00,2025-08-18T12:23:00,4980,0,,,,,1.26,28.3,REJECTED
rep_0784,usr_045,0.88,"Kochi, Kerala",west,high-waves,High,കടലാക്രമണം ശക്തമായി.,ml,9.917567,76.23601,134.2,2025-08-18T02:51:46.489999,2025-08-18T03:14:46.489999,1380,0,,,https://example.com/media_783.jpg,7cf189790567fa099c063ceba1da8bf9d20500556c60c50c764048c1ae46f720,1.78,45.4,VERIFIED
rep_0785,usr_036,0.6,"Kakinada, Andhra Pradesh",east,flood,Moderate,వాతావరణం చాలా ప్రశాంతంగా ఉంది.,te,17.095428,82.496846,6.3,2025-08-15T23:00:00,2025-08-16T01:41:00,9660,1,17.168971,82.657467,,,0.58,13.1,REJECTED
rep_0786,usr_003,0.6,"Alibaug, Maharashtra",west,flood,Severe,बीच रिसॉर्ट बुकिंगसाठी आजच कॉल करा.,mr,18.925679,73.157695,109.09,2025-08-16T04:00:00,2025-08-16T07:21:00,12060,0,,,,,0.54,15.7,REJECTED
rep_0787,usr_049,0.6,"Porbandar, Gujarat",west,high-waves,Severe,દરિયામાં ૪ મીટરથી વધુ ઊંચા મોજા ઉછળી રહ્યા છે.,gu,21.649836,69.645899,21.25,2025-08-18T15:10:53.583830,2025-08-18T15:33:53.583830,1380,1,21.644787,69.645253,https://example.com/media_786.jpg,962d999ff079f37e5d982df84d33080587ca179bb1579207c0b761bf19dd4c7d,4.7,56.8,VERIFIED
rep_0788,usr_040,0.6,"Puri, Odisha",east,high-waves,Severe,"Severe swells observed along the promenade, small boats unable to anchor.",en,19.803281,85.850695,20.44,2025-08-16T23:11:29.770231,2025-08-16T23:38:29.770231,1620,1,19.80006,85.85286,https://example.com/media_787.jpg,989494bf65f5de5e333e2a1bce2244170c2c6c8ea4a31cfa0f041bce948e5b93,3.2,32.9,VERIFIED
rep_0789,usr_038,0.6,"Kakinada, Andhra Pradesh",east,coastal-erosion,Moderate,"Observed water activity near coast in Kakinada, Andhra Pradesh.",en,17.006957,82.253655,55.03,2025-08-18T12:00:00,2025-08-18T13:24:00,5040,0,,,,,1.34,25.7,VERIFIED
rep_0790,usr_006,0.45,"Alibaug, Maharashtra",west,flood,High,उधाणाचे पाणी गावातील घरांमध्ये शिरले असून रस्ते पाण्याखाली गेले आहेत.,mr,18.638735,72.885925,21.56,2025-08-17T14:42:54.233047,2025-08-17T14:51:54.233047,540,1,18.631118,72.88638,https://example.com/media_789.jpg,00bf899882ccfa6f1b0c047435066cf60e562507d820d10b49aa9bcd45dacade,2.89,48.9,VERIFIED
rep_0791,usr_044,0.6,"Kochi, Kerala",west,storm-surge,Severe,ചുഴലിക്കാറ്റും ശക്തമായ കടൽക്ഷോഭവും തീരത്തെ തകർക്കുന്നു.,ml,9.968001,76.268154,20.51,2025-08-18T04:27:48.249435,2025-08-18T04:55:48.249435,1680,0,,,,,2.13,38.4,VERIFIED
rep_0792,usr_035,0.6,"Visakhapatnam, Andhra Pradesh",east,storm-surge,Moderate,Hotel discount booking promotion near seaside.,en,17.937128,83.560034,4.8,2025-08-18T17:00:00,2025-08-18T19:38:00,9480,0,,,https://example.com/media_791.jpg,4857c6494ad54a6c0e90b68b042ac1904b364e842111b048b695b65db3a5d024,0.5,23.7,REJECTED
rep_0793,usr_037,0.45,"Chennai, Tamil Nadu",east,coastal-erosion,Moderate,சுற்றுலா படகு சவாரி மற்றும் விடுதி முன்பதிவு.,ta,13.3037,80.558057,12.89,2025-08-15T10:00:00,2025-08-15T10:32:00,1920,1,13.446948,80.614425,https://example.com/media_792.jpg,95f73f413c0bbcb55a18ae671b9d3776ce6f062ff7c2863a0aef80e89ea5343f,0.44,16.5,REJECTED
rep_0794,usr_041,0.45,"Alibaug, Maharashtra",west,flood,Severe,उधाणाचे पाणी गावातील घरांमध्ये शिरले असून रस्ते पाण्याखाली गेले आहेत.,mr,18.623167,72.861471,87.77,2025-08-17T14:23:31.139853,2025-08-17T14:37:31.139853,840,1,18.617059,72.865189,https://example.com/media_793.jpg,b9fb6999f7a0b667cee0943432d848e33982b071349f0df7b6ca6fbad5667e30,3.17,60.4,VERIFIED
rep_0795,usr_014,0.88,"Visakhapatnam, Andhra Pradesh",east,flood,Low,సముద్రపు నీరు గ్రామంలోకి ప్రవేశించి ఇళ్లను ముంచెత్తింది.,te,17.688314,83.183985,20.73,2025-08-18T04:54:11.531719,2025-08-18T05:36:11.531719,2520,1,17.684277,83.179978,,,3.63,52.7,VERIFIED
rep_0796,usr_047,0.88,"Kochi, Kerala",west,flood,Severe,തീരദേശ റോഡുകൾ വെള്ളത്തിനടിയിലായി.,ml,9.912883,76.25512,9.98,2025-08-18T15:07:58.784297,2025-08-18T17:19:58.784297,7920,1,9.912371,76.252593,https://example.com/media_795.jpg,0c8176b06410e29690a0fcc714d1f98b3a767e330ebdc39a6368a2d4b3a3b26b,1.86,45.2,VERIFIED
rep_0797,usr_002,0.88,"Visakhapatnam, Andhra Pradesh",east,flood,Low,తీరప్రాంత రహదారులు వరద నీటితో జలమయం.,te,17.650767,83.227759,9.28,2025-08-18T17:45:03.302895,2025-08-18T23:46:03.302895,21660,1,17.651059,83.226129,,,3.53,49.0,VERIFIED
rep_0798,usr_015,0.6,"Alibaug, Maharashtra",west,flood,Moderate,"समुद्र का पानी तटीय बस्तियों में घुस गया है, भारी जलभराव।",hi,18.618986,72.862064,23.23,2025-08-17T18:36:20.431000,2025-08-17T21:15:20.431000,9540,1,18.622342,72.864037,https://example.com/media_797.jpg,4bce150825af352719083569f32884b6fd0858794345684db32d821830b708b3,2.62,67.4,VERIFIED
rep_0799,usr_018,0.6,"Kozhikode, Kerala",west,flood,High,Hotel discount booking promotion near seaside.,en,11.260551,75.777296,46.01,2025-08-16T10:00:00,2025-08-16T11:56:00,6960,0,,,https://example.com/media_798.jpg,4857c6494ad54a6c0e90b68b042ac1904b364e842111b048b695b65db3a5d024,1.17,13.6,REJECTED
rep_0800,usr_046,0.6,"Alibaug, Maharashtra",west,coastal-erosion,Moderate,बीच रिसॉर्ट बुकिंगसाठी आजच कॉल करा.,mr,18.647716,72.855229,11.54,2025-08-15T13:00:00,2025-08-15T14:51:00,6660,0,,,https://example.com/media_799.jpg,604b43859a892c1ebef9685f136b469bf30f477e753664dd8e196ffa53cfdf25,1.19,11.9,REJECTED
rep_0801,usr_009,0.6,"Surat, Gujarat",west,flood,Low,દરિયાના પાણી નીચાણવાળા વિસ્તારોમાં ઘૂસી ગયા છે.,gu,21.118379,72.636837,5.7,2025-08-15T17:55:22.071366,2025-08-15T20:23:22.071366,8880,1,21.124136,72.640186,https://example.com/media_800.jpg,046f74f7096fc64e827f4ce2fe4903b7dfe105eaff985dd9d157b4c3f0659af7,1.95,59.2,VERIFIED
rep_0802,usr_014,0.88,"Paradip, Odisha",east,flood,High,"Observed water activity near coast in Paradip, Odisha.",en,20.293288,86.597457,36.6,2025-08-15T08:00:00,2025-08-15T08:46:00,2760,0,,,,,1.7,31.8,VERIFIED
rep_0803,usr_045,0.88,"Puri, Odisha",east,high-waves,Low,ବେଳାଭୂମିରେ ପ୍ରବଳ ଢେଉର ପ୍ରକୋପ ।,or,19.792507,85.891194,122.48,2025-08-16T23:32:40.559012,2025-08-17T00:21:40.559012,2940,1,19.798078,85.891302,https://example.com/media_802.jpg,9d26e9600ae49b5ec4a6f68325cfe3f831e25925a21edbc168994a18905e224b,1.69,50.6,VERIFIED
rep_0804,usr_015,0.6,"Visakhapatnam, Andhra Pradesh",east,flood,Low,తీరప్రాంత రహదారులు వరద నీటితో జలమయం.,te,17.634737,83.209499,20.13,2025-08-18T05:01:44.478193,2025-08-18T05:20:44.478193,1140,1,17.637804,83.215127,,,2.88,49.1,VERIFIED
rep_0805,usr_047,0.88,"Kochi, Kerala",west,flood,Moderate,റിസോർട്ട് ബുക്കിംഗിന് വിളിക്കുക.,ml,9.917354,76.276426,140.88,2025-08-17T14:00:00,2025-08-17T14:33:00,1980,0,,,https://example.com/media_804.jpg,4857c6494ad54a6c0e90b68b042ac1904b364e842111b048b695b65db3a5d024,0.84,15.9,REJECTED
rep_0806,usr_002,0.88,"Kozhikode, Kerala",west,high-waves,Severe,തീരത്ത് 4 മീറ്ററിലധികം ഉയരമുള്ള ശക്തമായ തിരമാലകൾ അടിച്ചു കയറുന്നു.,ml,11.231965,75.773867,22.69,2025-08-16T23:55:21.290680,2025-08-17T00:03:21.290680,480,1,11.232615,75.773187,https://example.com/media_805.jpg,17de17d1f28d9500be6626dcc027bcd3f2819f9d41710b2ac1a5d4fd9cc95720,3.09,69.1,VERIFIED
rep_0807,usr_012,0.6,"Surat, Gujarat",west,flood,Moderate,ભરતીના પાણીથી રસ્તાઓ જળબંબાકાર.,gu,21.074102,72.640413,16.23,2025-08-15T11:36:48.986684,2025-08-15T11:42:48.986684,360,0,,,https://example.com/media_806.jpg,34ff016d6d62ab5f6c6a7bfe2159fa8995e7819f3abf69a57b4aadbbea8032ec,4.17,57.3,VERIFIED
rep_0808,usr_016,0.6,"Puri, Odisha",east,tsunami,High,ସମୁଦ୍ର ପାଣି ହଠାତ୍ ପଛକୁ ହଟି ଯାଇଛି ।,or,19.802119,85.812396,9.24,2025-08-17T04:02:26.497229,2025-08-17T04:29:26.497229,1620,0,,,https://example.com/media_807.jpg,47efdc083dd81d48b606d7e5e1e4d7d71a6eddbcdcffe678b2e6142217fe4ef2,2.45,42.7,VERIFIED
rep_0809,usr_012,0.6,"Kozhikode, Kerala",west,flood,Low,തീരദേശ റോഡുകൾ വെള്ളത്തിനടിയിലായി.,ml,11.230643,75.780037,13.06,2025-08-16T21:59:30.272787,2025-08-17T00:05:30.272787,7560,0,,,https://example.com/media_808.jpg,c16ecf0fac721a44b5ba66c3437fb22b8e34480df2390ac0e6b16abd8aa85169,4.01,64.2,VERIFIED
rep_0810,usr_019,0.45,"Surat, Gujarat",west,coastal-erosion,Moderate,"Observed water activity near coast in Surat, Gujarat.",gu,21.076493,72.626401,42.75,2025-08-17T23:00:00,2025-08-17T23:54:00,3240,0,,,https://example.com/media_809.jpg,31b7956577ffb361b57e889a00356a11bdff82e37dcdcc5a7e29d441dbe4862d,1.54,28.8,REJECTED
rep_0811,usr_013,0.88,"Alibaug, Maharashtra",west,flood,Severe,"Observed water activity near coast in Alibaug, Maharashtra.",en,18.636837,72.888118,58.76,2025-08-17T11:00:00,2025-08-17T12:34:00,5640,0,,,,,1.54,37.2,VERIFIED
rep_0812,usr_041,0.45,"Digha, West Bengal",east,storm-surge,Low,Storm surge pushing sea water 200m inland.,en,21.579112,87.509526,8.48,2025-08-17T20:16:32.183512,2025-08-17T20:32:32.183512,960,1,21.567125,87.504635,https://example.com/media_811.jpg,974b11c18f156246ea28163a371dde41bd01071432dc6384ee2951f866db582e,1.77,67.5,VERIFIED
rep_0813,usr_027,0.88,"Digha, West Bengal",east,coastal-erosion,High,"Observed water activity near coast in Digha, West Bengal.",bn,21.690864,87.499936,42.65,2025-08-16T01:00:00,2025-08-16T02:06:00,3960,0,,,,,1.22,35.5,VERIFIED
rep_0814,usr_010,0.88,"Surat, Gujarat",west,flood,Low,ભરતીના પાણીથી રસ્તાઓ જળબંબાકાર.,gu,21.133777,72.650877,11.89,2025-08-15T16:16:43.245302,2025-08-15T17:23:43.245302,4020,0,,,,,3.36,68.8,VERIFIED
rep_0815,usr_013,0.88,"Kochi, Kerala",west,high-waves,Low,तटीय क्षेत्र में 4 मीटर से ऊंची खतरनाक लहरें उठ रही हैं।,hi,9.95033,76.283212,22.0,2025-08-18T01:01:13.950357,2025-08-18T03:42:13.950357,9660,1,9.956656,76.278555,,,2.59,53.1,VERIFIED
rep_0816,usr_049,0.6,"Surat, Gujarat",west,flood,Low,ભરતીના પાણીથી રસ્તાઓ જળબંબાકાર.,gu,21.139192,72.650355,11.7,2025-08-15T13:45:01.121016,2025-08-15T14:09:01.121016,1440,0,,,,,3.4,59.7,VERIFIED
rep_0817,usr_050,0.6,"Porbandar, Gujarat",west,tsunami,Severe,Abnormal sudden withdrawal of sea water observed followed by rising wave wall.,en,21.6532,69.662937,13.22,2025-08-18T06:58:06.632380,2025-08-18T07:12:06.632380,840,1,21.652846,69.660136,https://example.com/media_816.jpg,d6cac91f04ac689ec97d7508a82dcc15d50d39da082103a2e20c174845e52a95,4.17,63.5,VERIFIED
rep_0818,usr_039,0.45,"Surat, Gujarat",west,storm-surge,High,Hotel discount booking promotion near seaside.,en,21.40964,72.928183,10.5,2025-08-19T00:00:00,2025-08-19T00:44:00,2640,0,,,https://example.com/media_817.jpg,4857c6494ad54a6c0e90b68b042ac1904b364e842111b048b695b65db3a5d024,0.44,12.4,REJECTED
rep_0819,usr_013,0.88,"Visakhapatnam, Andhra Pradesh",east,flood,Low,Tidal seawater inundating low-lying residential houses near beach.,en,17.677793,83.25085,11.28,2025-08-18T05:31:19.149696,2025-08-18T05:53:19.149696,1320,0,,,https://example.com/media_818.jpg,56f4aa9d3994016fc4d3dd885e80ac2eb1b14454e7f8296d9fd4866ef1672dd7,2.63,71.9,VERIFIED
rep_0820,usr_001,0.6,"Panaji, Goa",west,high-waves,High,मौसम साफ और धूप खिली है।,hi,15.684813,74.130595,90.84,2025-08-16T07:00:00,2025-08-16T09:01:00,7260,0,,,,,1.28,15.6,REJECTED
rep_0821,usr_004,0.6,"Porbandar, Gujarat",west,storm-surge,Severe,વાવાઝોડાના કારણે દરિયાઈ મોજાનું જોર અતિશય વધી ગયું છે.,gu,21.68256,69.649835,5.86,2025-08-18T07:07:52.664014,2025-08-18T07:33:52.664014,1560,0,,,https://example.com/media_820.jpg,574e7db828db668ede76149ebf47625afd810d880e835494c2555ad6db4beea2,3.56,65.1,VERIFIED
rep_0822,usr_032,0.45,"Visakhapatnam, Andhra Pradesh",east,tsunami,Moderate,వాతావరణం చాలా ప్రశాంతంగా ఉంది.,te,17.817195,83.302284,4.11,2025-08-18T15:00:00,2025-08-18T16:49:00,6540,0,,,,,0.88,12.7,REJECTED
rep_0823,usr_022,0.45,"Kakinada, Andhra Pradesh",east,coastal-erosion,Severe,వాతావరణం చాలా ప్రశాంతంగా ఉంది.,te,16.984947,82.237601,178.65,2025-08-18T00:00:00,2025-08-18T01:40:00,6000,0,,,,,0.62,11.7,REJECTED
rep_0824,usr_015,0.6,"Puri, Odisha",east,high-waves,Severe,ସମୁଦ୍ରରେ ୪ ମିଟରରୁ ଅଧିକ ଉଚ୍ଚ ଲହଡ଼ି ମାଡ଼ି ଆସୁଛି ।,or,19.773048,85.838242,17.73,2025-08-17T06:25:58.165182,2025-08-17T09:07:58.165182,9720,1,19.774854,85.837352,https://example.com/media_823.jpg,b01d0f62224625b1c535977423982637911ca3e0847dc822bc9fb9cfb8af5c3b,3.21,46.1,VERIFIED
rep_0825,usr_006,0.45,"Porbandar, Gujarat",west,high-waves,Low,દરિયામાં ૪ મીટરથી વધુ ઊંચા મોજા ઉછળી રહ્યા છે.,gu,21.632115,69.625083,149.22,2025-08-18T16:47:58.994591,2025-08-18T16:55:58.994591,480,0,,,https://example.com/media_824.jpg,aa0054a776be2751490f689561732e6869a8d8e0779f840e66d99b45375c2a7d,4.04,63.2,VERIFIED
rep_0826,usr_009,0.6,"Kozhikode, Kerala",west,coastal-erosion,High,"Observed water activity near coast in Kozhikode, Kerala.",en,11.308157,75.770636,58.2,2025-08-16T13:00:00,2025-08-16T14:10:00,4200,0,,,,,1.52,33.9,REJECTED
rep_0827,usr_002,0.88,"Surat, Gujarat",west,flood,Moderate,આજે દરિયાકિનારે રમવાની મજા આવી.,gu,21.122713,72.648908,10.26,2025-08-18T11:00:00,2025-08-18T13:18:00,8280,0,,,,,0.89,24.6,REJECTED
rep_0828,usr_039,0.45,"Alibaug, Maharashtra",west,flood,Severe,समुद्राचे पाणी सखल भागात भरले.,mr,18.606188,72.861141,58.4,2025-08-17T19:14:19.186744,2025-08-17T19:21:19.186744,420,1,18.602844,72.857752,,,2.69,58.7,VERIFIED
rep_0829,usr_035,0.6,"Porbandar, Gujarat",west,high-waves,High,Dangerous rough waves exceeding 4 meters breaching sea wall near fishing jetty.,en,21.632397,69.627368,24.27,2025-08-18T01:41:54.626780,2025-08-18T02:05:54.626780,1440,1,21.624917,69.619618,https://example.com/media_828.jpg,a57be4f59d880163ce27d5f4de0a78a1116fc889312869fd6f0f29b5db56d318,3.11,60.9,VERIFIED
rep_0830,usr_013,0.88,"Puri, Odisha",east,high-waves,Low,ବେଳାଭୂମିରେ ପ୍ରବଳ ଢେଉର ପ୍ରକୋପ ।,or,19.810383,85.812982,5.01,2025-08-17T10:12:52.311324,2025-08-17T10:17:52.311324,300,0,,,https://example.com/media_829.jpg,8d9834d8684b14b485f7f3359b79ef6bc7d691a3de477a386c2192056548b723,2.41,32.7,VERIFIED
rep_0831,usr_008,0.88,"Porbandar, Gujarat",west,high-waves,Severe,જેટી પાસે ભારે મોજાના કારણે નુકસાન.,gu,21.610857,69.629009,12.49,2025-08-18T13:40:26.682499,2025-08-18T14:57:26.682499,4620,1,21.614518,69.627403,https://example.com/media_830.jpg,20ea94e8a1d00946402bae3a25b35bd71bbf354456484f58b5c66d66a6d7a965,3.75,69.5,VERIFIED
rep_0832,usr_015,0.6,"Paradip, Odisha",east,flood,Severe,ଆଜି ପାଗ ଖୁବ୍ ଭଲ ଅଛି ।,or,20.327121,86.603837,7.86,2025-08-17T02:00:00,2025-08-17T06:17:00,15420,0,,,,,1.22,12.8,REJECTED
rep_0833,usr_037,0.45,"Porbandar, Gujarat",west,high-waves,Severe,"समुद्र में भारी उफान, नावों का संचालन पूरी तरह ठप।",hi,21.610265,69.616624,15.59,2025-08-18T08:04:50.384475,2025-08-18T08:26:50.384475,1320,0,,,https://example.com/media_832.jpg,771630b550199e3c484248ae982c4f310e5cc962fa2cd793c65fb20d2d5db4cb,3.85,86.8,VERIFIED
rep_0834,usr_036,0.6,"Kozhikode, Kerala",west,flood,Low,"Observed water activity near coast in Kozhikode, Kerala.",en,11.260743,75.728773,31.49,2025-08-18T14:00:00,2025-08-18T14:30:00,1800,0,,,https://example.com/media_833.jpg,75f84e93e2b99a34c5a9f257dc9a328df57fa8e4a2826b72c778abf72acaeeaa,1.2,29.0,REJECTED
rep_0835,usr_008,0.88,"Digha, West Bengal",east,high-waves,High,"Observed water activity near coast in Digha, West Bengal.",bn,21.636798,87.524597,53.32,2025-08-15T18:00:00,2025-08-15T19:01:00,3660,0,,,https://example.com/media_834.jpg,db07402f76377b63dc4a21c58e8ee63b1e517fed44e9cd7fef39d68551072d79,1.34,35.3,REJECTED
rep_0836,usr_019,0.45,"Puri, Odisha",east,high-waves,High,ସମୁଦ୍ରରେ ୪ ମିଟରରୁ ଅଧିକ ଉଚ୍ଚ ଲହଡ଼ି ମାଡ଼ି ଆସୁଛି ।,or,19.810473,85.824959,67.35,2025-08-17T15:03:42.594996,2025-08-17T15:11:42.594996,480,0,,,https://example.com/media_835.jpg,f64e3aca8e5aaa9bc94e6aadac35a6ec280b7fb613eb6ec4ea6f44a6c38703f9,1.58,46.4,VERIFIED
rep_0837,usr_010,0.88,"Kakinada, Andhra Pradesh",east,coastal-erosion,Severe,"Observed water activity near coast in Kakinada, Andhra Pradesh.",en,16.978364,82.297782,23.49,2025-08-18T02:00:00,2025-08-18T02:30:00,1800,0,,,,,1.31,30.0,VERIFIED
rep_0838,usr_039,0.45,"Kakinada, Andhra Pradesh",east,flood,Severe,Hotel discount booking promotion near seaside.,en,16.998555,82.2479,9.17,2025-08-17T01:00:00,2025-08-17T05:55:00,17700,0,,,,,0.76,23.4,REJECTED
rep_0839,usr_021,0.45,"Surat, Gujarat",west,flood,Moderate,ભરતીના પાણીથી રસ્તાઓ જળબંબાકાર.,gu,21.092179,72.643563,8.35,2025-08-15T12:03:20.972975,2025-08-15T14:21:20.972975,8280,1,21.090275,72.646652,https://example.com/media_838.jpg,29c62437d3448947a176f64c875ffefb23a1325c9a5c285ac0cc111f7a7d1ccd,2.92,50.1,VERIFIED
rep_0840,usr_020,0.88,"Digha, West Bengal",east,coastal-erosion,Low,Rapid cliff collapse and sand dune destruction after heavy tides.,en,21.620279,87.488268,5.13,2025-08-17T12:01:06.507717,2025-08-17T13:04:06.507717,3780,1,21.622187,87.491112,https://example.com/media_839.jpg,fe560cd2a8bd5ca0ba6e6cd579cf4d866760146147343aa23361ba9e60ecca97,1.24,63.5,VERIFIED
rep_0841,usr_031,0.45,"Kozhikode, Kerala",west,flood,Severe,ज्वार के कारण तटीय सड़कों पर पानी भर गया है।,hi,11.23125,75.759918,18.64,2025-08-16T23:28:04.080287,2025-08-16T23:37:04.080287,540,1,11.230212,75.76465,https://example.com/media_840.jpg,d12cd40809118bbd8678b5adb4388744eb44c0905274b2ef3f0d69f1bee53b17,2.99,74.5,VERIFIED
rep_0842,usr_001,0.6,"Porbandar, Gujarat",west,high-waves,Low,દરિયામાં ૪ મીટરથી વધુ ઊંચા મોજા ઉછળી રહ્યા છે.,gu,21.61177,69.634868,86.88,2025-08-18T13:41:39.870512,2025-08-18T14:45:39.870512,3840,1,21.616492,69.633614,,,3.88,71.4,VERIFIED
rep_0843,usr_040,0.6,"Alibaug, Maharashtra",west,high-waves,High,बीच रिसॉर्ट बुकिंगसाठी आजच कॉल करा.,mr,18.723591,72.97646,6.15,2025-08-18T01:00:00,2025-08-18T01:54:00,3240,1,18.881223,73.095938,https://example.com/media_842.jpg,c8402d9cf909aee33a206bfa3aa2c812d98d156e83c26ba98fb3006406acfee4,0.55,17.1,REJECTED
rep_0844,usr_021,0.45,"Kochi, Kerala",west,high-waves,Severe,തീരത്ത് 4 മീറ്ററിലധികം ഉയരമുള്ള ശക്തമായ തിരമാലകൾ അടിച്ചു കയറുന്നു.,ml,9.916189,76.28308,12.58,2025-08-18T11:43:46.169465,2025-08-18T14:09:46.169465,8760,0,,,,,1.85,51.5,VERIFIED
rep_0845,usr_012,0.6,"Puri, Odisha",east,coastal-erosion,Severe,ସମୁଦ୍ର କୂଳ ଲଗାତାର ଧୋଇ ହୋଇ ନଷ୍ଟ ହେଉଛି ।,or,19.814142,85.856571,94.29,2025-08-17T00:32:12.553433,2025-08-17T00:37:12.553433,300,0,,,https://example.com/media_844.jpg,c7441b99f5087df25883a2a93f75da2c978db5e4684616a698d978fc4f1c00bb,1.68,35.9,VERIFIED
rep_0846,usr_007,0.45,"Kakinada, Andhra Pradesh",east,high-waves,Moderate,"Observed water activity near coast in Kakinada, Andhra Pradesh.",en,16.967198,82.214272,45.61,2025-08-16T04:00:00,2025-08-16T04:56:00,3360,0,,,https://example.com/media_845.jpg,404acd7122bb018ced7bb3c44be20a689cedf86e2bc63623b94ff2db421d29d1,1.53,28.1,REJECTED
rep_0847,usr_035,0.6,"Porbandar, Gujarat",west,storm-surge,High,Hotel discount booking promotion near seaside.,en,21.637989,69.639018,10.74,2025-08-16T20:00:00,2025-08-16T22:16:00,8160,0,,,,,0.6,22.1,REJECTED
rep_0848,usr_037,0.45,"Puri, Odisha",east,high-waves,Low,"Observed water activity near coast in Puri, Odisha.",or,19.827314,85.860779,52.99,2025-08-16T05:00:00,2025-08-16T06:11:00,4260,0,,,,,1.46,27.4,VERIFIED
rep_0849,usr_043,0.6,"Puri, Odisha",east,high-waves,High,Dangerous rough waves exceeding 4 meters breaching sea wall near fishing jetty.,en,19.831141,85.819881,120.79,2025-08-17T06:51:35.832081,2025-08-17T07:59:35.832081,4080,0,,,https://example.com/media_848.jpg,9df02b9c0faeb9f897c9d34843c680ce9723914060f151f6cef1f19a30509975,3.44,34.3,VERIFIED
rep_0850,usr_047,0.88,"Kozhikode, Kerala",west,flood,High,തീരദേശ റോഡുകൾ വെള്ളത്തിനടിയിലായി.,ml,11.26456,75.812313,16.08,2025-08-16T20:05:40.726746,2025-08-16T22:27:40.726746,8520,0,,,,,3.97,60.8,VERIFIED
rep_0851,usr_041,0.45,"Surat, Gujarat",west,high-waves,Low,દરિયામાં ૪ મીટરથી વધુ ઊંચા મોજા ઉછળી રહ્યા છે.,gu,21.117519,72.652275,23.45,2025-08-15T09:59:07.179181,2025-08-15T14:22:07.179181,15780,0,,,,,3.63,50.5,VERIFIED
rep_0852,usr_042,0.88,"Nagapattinam, Tamil Nadu",east,flood,Severe,சுற்றுலா படகு சவாரி மற்றும் விடுதி முன்பதிவு.,ta,10.765514,79.829211,3.29,2025-08-16T07:00:00,2025-08-16T07:39:00,2340,0,,,https://example.com/media_851.jpg,9fe12b7e6d920b61cc558a8721a9cfa68ae61d771217b9c1d1744809fac45aa8,0.99,21.0,REJECTED
rep_0853,usr_006,0.45,"Porbandar, Gujarat",west,coastal-erosion,Severe,"Observed water activity near coast in Porbandar, Gujarat.",gu,21.707198,69.672578,25.81,2025-08-16T09:00:00,2025-08-16T09:35:00,2100,0,,,https://example.com/media_852.jpg,17670e3ad1a26ce81b925af36d9852e399a987babad78a1ee76602f5a4131ca9,1.29,27.0,REJECTED
rep_0854,usr_049,0.6,"Porbandar, Gujarat",west,high-waves,Low,દરિયામાં ૪ મીટરથી વધુ ઊંચા મોજા ઉછળી રહ્યા છે.,gu,21.618331,69.617585,61.27,2025-08-18T12:00:50.358479,2025-08-18T18:44:50.358479,24240,1,21.620065,69.61942,https://example.com/media_853.jpg,7f1ba872ac3555a20a6ddaa3d6e371e48a6fc555db8c54f85a64b6897404044e,3.5,53.9,VERIFIED
rep_0855,usr_013,0.88,"Surat, Gujarat",west,flood,Moderate,ભરતીના પાણીથી રસ્તાઓ જળબંબાકાર.,gu,21.113571,72.640031,115.06,2025-08-15T16:03:54.032782,2025-08-15T16:13:54.032782,600,0,,,https://example.com/media_854.jpg,e741699643d88835edb4acaa136c52a4961badbe31ea657768948a6ce2bb3ac4,2.94,58.2,VERIFIED
rep_0856,usr_001,0.6,"Nagapattinam, Tamil Nadu",east,coastal-erosion,Low,"Observed water activity near coast in Nagapattinam, Tamil Nadu.",en,10.784202,79.840467,31.47,2025-08-17T05:00:00,2025-08-17T05:59:00,3540,0,,,https://example.com/media_855.jpg,7747302eb9683a9d949a009e7583298052bba8e4097de2bef9af85f91487ecde,1.7,32.7,REJECTED
rep_0857,usr_048,0.6,"Visakhapatnam, Andhra Pradesh",east,high-waves,High,బీచ్ రిసార్ట్ ఆఫర్లు మరియు బుకింగ్.,te,17.69007,83.232964,4.54,2025-08-17T17:00:00,2025-08-17T18:10:00,4200,0,,,https://example.com/media_856.jpg,ef51d024cb90a9d46ad07b32439e877cb3d01890a4f76b0536706b1011eaf100,0.42,11.5,REJECTED
rep_0858,usr_035,0.6,"Alibaug, Maharashtra",west,flood,Moderate,उधाणाचे पाणी गावातील घरांमध्ये शिरले असून रस्ते पाण्याखाली गेले आहेत.,mr,18.62662,72.866761,10.19,2025-08-17T14:59:05.650155,2025-08-17T15:23:05.650155,1440,1,18.626512,72.864433,https://example.com/media_857.jpg,3833eeb85dc2f080ece18e0a2259dd91a486b43989e530bc8cb0569e2f881e8d,2.53,61.2,VERIFIED
rep_0859,usr_004,0.6,"Mangalore, Karnataka",west,high-waves,Low,Hotel discount booking promotion near seaside.,en,13.22683,74.942043,4.52,2025-08-18T22:00:00,2025-08-18T22:13:00,780,1,13.374344,75.127211,https://example.com/media_858.jpg,4857c6494ad54a6c0e90b68b042ac1904b364e842111b048b695b65db3a5d024,0.63,23.0,REJECTED
rep_0860,usr_040,0.6,"Alibaug, Maharashtra",west,coastal-erosion,Moderate,लाटांच्या माऱ्याने समुद्रकिनाऱ्याची धूप वेगाने होत आहे.,mr,18.650618,72.870352,14.03,2025-08-17T16:47:03.325261,2025-08-17T21:15:03.325261,16080,1,18.6519,72.864914,https://example.com/media_859.jpg,3d61c268e1683cfde6b0b699b3ac85dbe7ccae75b867f3886cc677c129bbc1c4,1.96,53.4,VERIFIED
rep_0861,usr_017,0.6,"Mangalore, Karnataka",west,coastal-erosion,Severe,Sunny clear weather at beach having fun with friends.,en,13.006013,74.952038,12.4,2025-08-17T16:00:00,2025-08-17T19:34:00,12840,1,13.087096,75.122952,,,0.77,13.4,REJECTED
rep_0862,usr_034,0.2,"Kozhikode, Kerala",west,flood,High,കടൽക്ഷോഭത്തെ തുടർന്ന് വീടുകളിൽ വെള്ളം കയറി.,ml,11.208956,75.771712,13.96,2025-08-16T15:07:39.979323,2025-08-16T15:13:39.979323,360,1,11.21522,75.772926,,,3.36,58.6,VERIFIED
rep_0863,usr_004,0.6,"Kochi, Kerala",west,high-waves,Low,കടലാക്രമണം ശക്തമായി.,ml,9.918781,76.258702,21.02,2025-08-18T12:05:26.047831,2025-08-18T14:29:26.047831,8640,1,9.918526,76.257843,https://example.com/media_862.jpg,687c8aa9ee10f9ef69311302191e45e49d868246c786ec747748103d554941f8,2.42,50.6,VERIFIED
rep_0864,usr_036,0.6,"Kozhikode, Kerala",west,flood,Severe,കടൽക്ഷോഭത്തെ തുടർന്ന് വീടുകളിൽ വെള്ളം കയറി.,ml,11.281423,75.775524,17.14,2025-08-16T18:59:20.189934,2025-08-16T19:08:20.189934,540,1,11.284896,75.766731,,,4.07,52.9,VERIFIED
rep_0865,usr_004,0.6,"Kochi, Kerala",west,high-waves,Low,തീരത്ത് 4 മീറ്ററിലധികം ഉയരമുള്ള ശക്തമായ തിരമാലകൾ അടിച്ചു കയറുന്നു.,ml,9.919144,76.269557,16.79,2025-08-18T14:59:50.161545,2025-08-18T15:07:50.161545,480,0,,,https://example.com/media_864.jpg,b799bd96d9943f1488159db9b88819d85cc6f79748c4784389ab6cbf1ef33158,2.8,45.0,VERIFIED
rep_0866,usr_037,0.45,"Puri, Odisha",east,storm-surge,Severe,ଆଜି ପାଗ ଖୁବ୍ ଭଲ ଅଛି ।,or,19.807601,85.844822,90.67,2025-08-18T10:00:00,2025-08-18T12:42:00,9720,0,,,https://example.com/media_865.jpg,1b44695391f716981423063d310dc1b4ac1a329a7fc0ce03c171324610873476,0.95,10.6,REJECTED
rep_0867,usr_034,0.2,"Mangalore, Karnataka",west,flood,High,Hotel discount booking promotion near seaside.,en,12.918335,74.86867,170.19,2025-08-17T07:00:00,2025-08-17T08:00:00,3600,0,,,,,0.66,16.2,REJECTED
rep_0868,usr_032,0.45,"Mangalore, Karnataka",west,coastal-erosion,High,"Observed water activity near coast in Mangalore, Karnataka.",en,12.914725,74.912558,50.49,2025-08-18T00:00:00,2025-08-18T01:40:00,6000,0,,,,,1.33,34.0,REJECTED
rep_0869,usr_008,0.88,"Nagapattinam, Tamil Nadu",east,coastal-erosion,Low,சுற்றுலா படகு சவாரி மற்றும் விடுதி முன்பதிவு.,ta,10.784173,79.849999,13.6,2025-08-15T13:00:00,2025-08-15T17:33:00,16380,0,,,,,0.53,13.2,REJECTED
rep_0870,usr_004,0.6,"Porbandar, Gujarat",west,high-waves,Moderate,જેટી પાસે ભારે મોજાના કારણે નુકસાન.,gu,21.629148,69.614248,10.19,2025-08-18T00:30:23.003650,2025-08-18T00:46:23.003650,960,0,,,,,2.3,56.4,VERIFIED
rep_0871,usr_006,0.45,"Mangalore, Karnataka",west,flood,Moderate,"Observed water activity near coast in Mangalore, Karnataka.",en,12.946227,74.840337,52.61,2025-08-16T16:00:00,2025-08-16T16:53:00,3180,0,,,,,1.78,37.1,REJECTED
rep_0872,usr_029,0.45,"Digha, West Bengal",east,storm-surge,Severe,আজকে আবহাওয়া খুব ভালো।,bn,21.626026,87.500136,195.6,2025-08-15T10:00:00,2025-08-15T12:22:00,8520,0,,,,,0.89,10.9,REJECTED
rep_0873,usr_043,0.6,"Digha, West Bengal",east,storm-surge,Severe,প্রচণ্ড জলোচ্ছ্বাস শুরু হয়েছে।,bn,21.621285,87.500389,10.99,2025-08-17T22:26:23.964647,2025-08-17T22:39:23.964647,780,1,21.62183,87.494474,,,1.53,71.3,VERIFIED
rep_0874,usr_043,0.6,"Digha, West Bengal",east,coastal-erosion,Moderate,দীঘা সমুদ্র সৈকত হোটেল বুকিং ডিসকাউন্ট।,bn,21.629424,87.508318,11.56,2025-08-17T04:00:00,2025-08-17T07:48:00,13680,0,,,,,1.11,16.4,REJECTED
rep_0875,usr_044,0.6,"Visakhapatnam, Andhra Pradesh",east,flood,High,సముద్రపు నీరు గ్రామంలోకి ప్రవేశించి ఇళ్లను ముంచెత్తింది.,te,17.665686,83.210712,16.62,2025-08-18T12:57:35.930578,2025-08-18T15:14:35.930578,8220,0,,,https://example.com/media_874.jpg,3a9a25f935d92f07dcb4a44a4b3b25e44b209502855237ef7000e44f2a7775ef,3.14,51.1,VERIFIED
rep_0876,usr_028,0.88,"Mumbai, Maharashtra",west,high-waves,Moderate,"Observed water activity near coast in Mumbai, Maharashtra.",mr,18.904838,72.833436,37.76,2025-08-16T03:00:00,2025-08-16T04:00:00,3600,0,,,https://example.com/media_875.jpg,b65ebfa027e425c4c1231a8a3ee9af4b81827380909a7b7c821648129337ec5d,1.4,30.0,REJECTED
rep_0877,usr_027,0.88,"Kochi, Kerala",west,tsunami,Moderate,ബീച്ചിൽ നല്ല കാലാവസ്ഥ.,ml,9.957397,76.267357,164.59,2025-08-15T12:00:00,2025-08-15T15:53:00,13980,0,,,https://example.com/media_876.jpg,74dd0d0475637fb84e31edf5af1e1124bb542a615e1b5d7a6eb4068abfe83fc1,1.03,13.4,REJECTED
rep_0878,usr_049,0.6,"Chennai, Tamil Nadu",east,high-waves,Moderate,"Observed water activity near coast in Chennai, Tamil Nadu.",en,13.045362,80.28975,22.54,2025-08-18T10:00:00,2025-08-18T11:51:00,6660,0,,,https://example.com/media_877.jpg,8d5ee1e49cb0066d6eaf506c4eeb38d67e5dd627d9a8d4498d398a41a88741a8,1.33,35.8,VERIFIED
rep_0879,usr_049,0.6,"Porbandar, Gujarat",west,flood,Moderate,દરિયાના પાણી નીચાણવાળા વિસ્તારોમાં ઘૂસી ગયા છે.,gu,21.642286,69.62869,121.97,2025-08-18T03:34:52.411846,2025-08-18T03:56:52.411846,1320,0,,,https://example.com/media_878.jpg,e8aba8b3b21a48363837b33ae2378861de590ee2d1ae0fcf6c2d0dad1c06eac9,3.74,62.2,VERIFIED
rep_0880,usr_018,0.6,"Kochi, Kerala",west,high-waves,High,Dangerous rough waves exceeding 4 meters breaching sea wall near fishing jetty.,en,9.932424,76.28938,18.01,2025-08-18T09:44:39.149699,2025-08-18T12:14:39.149699,9000,0,,,https://example.com/media_879.jpg,2596bfbe7b7d601730a922ad57c4e8409296cc00fe55a9ffc48b429bae08f3f3,2.03,55.6,VERIFIED
rep_0881,usr_037,0.45,"Puri, Odisha",east,tsunami,Moderate,ପୁରୀ ହୋଟେଲ ବୁକିଂ ପାଇଁ ଯୋଗାଯୋଗ କରନ୍ତୁ ।,or,19.789537,85.823959,178.61,2025-08-16T17:00:00,2025-08-16T20:41:00,13260,0,,,,,0.49,11.2,REJECTED
rep_0882,usr_040,0.6,"Surat, Gujarat",west,coastal-erosion,Low,આજે દરિયાકિનારે રમવાની મજા આવી.,gu,21.12588,72.642706,126.14,2025-08-18T14:00:00,2025-08-18T18:51:00,17460,0,,,https://example.com/media_881.jpg,4ed043980ff3168514bb8ace496be536f47f3212f0e1fcf01d0629ce8f872a51,1.28,15.9,REJECTED
rep_0883,usr_038,0.6,"Kochi, Kerala",west,high-waves,Moderate,തീരത്ത് 4 മീറ്ററിലധികം ഉയരമുള്ള ശക്തമായ തിരമാലകൾ അടിച്ചു കയറുന്നു.,ml,9.955724,76.279449,18.59,2025-08-18T15:35:24.360312,2025-08-18T15:51:24.360312,960,1,9.953978,76.275237,https://example.com/media_882.jpg,f8187c39d9f1aa5e6bf875398f615472703292632418142a6da7154088d663bf,2.0,34.2,VERIFIED
rep_0884,usr_035,0.6,"Puri, Odisha",east,tsunami,Low,ପୁରୀ ହୋଟେଲ ବୁକିଂ ପାଇଁ ଯୋଗାଯୋଗ କରନ୍ତୁ ।,or,19.815812,85.839575,11.51,2025-08-15T14:00:00,2025-08-15T17:24:00,12240,0,,,,,0.63,15.6,REJECTED
rep_0885,usr_042,0.88,"Nagapattinam, Tamil Nadu",east,storm-surge,Low,கடற்கரையில் இனிமையான காற்று வீசுகிறது.,ta,10.759171,79.867807,3.56,2025-08-18T06:00:00,2025-08-18T09:52:00,13920,0,,,,,1.01,14.1,REJECTED
rep_0886,usr_028,0.88,"Kochi, Kerala",west,high-waves,Moderate,തീരത്ത് 4 മീറ്ററിലധികം ഉയരമുള്ള ശക്തമായ തിരമാലകൾ അടിച്ചു കയറുന്നു.,ml,9.954304,76.219912,22.3,2025-08-18T17:07:41.207361,2025-08-18T18:26:41.207361,4740,1,9.949651,76.221651,https://example.com/media_885.jpg,c26616e411619c6d936878f3a37471e9215842c73f83200091ae18d9cdf35144,0.99,47.7,VERIFIED
rep_0887,usr_024,0.88,"Kochi, Kerala",west,high-waves,High,"Observed water activity near coast in Kochi, Kerala.",ml,9.943423,76.209701,27.37,2025-08-17T09:00:00,2025-08-17T10:35:00,5700,0,,,,,1.62,25.7,REJECTED
rep_0888,usr_004,0.6,"Kozhikode, Kerala",west,flood,Low,കടൽക്ഷോഭത്തെ തുടർന്ന് വീടുകളിൽ വെള്ളം കയറി.,ml,11.239987,75.765037,67.49,2025-08-16T19:34:59.429502,2025-08-16T20:38:59.429502,3840,1,11.246954,75.7634,https://example.com/media_887.jpg,92acf89bd91966c7992ca07be0c25266f8fcede6c9a6fb5e83c3c986498e337f,4.08,58.8,VERIFIED
rep_0889,usr_046,0.6,"Digha, West Bengal",east,storm-surge,Severe,প্রচণ্ড জলোচ্ছ্বাস শুরু হয়েছে।,bn,21.648853,87.467893,10.02,2025-08-17T23:39:43.637462,2025-08-18T00:01:43.637462,1320,0,,,https://example.com/media_888.jpg,2f76bb7278b0b5a564e7b9b8b7c200d857b3c9520d26b9ae237df1732022dcc8,2.17,71.9,VERIFIED
rep_0890,usr_036,0.6,"Surat, Gujarat",west,flood,Low,Hotel discount booking promotion near seaside.,en,21.120267,72.658706,111.05,2025-08-17T11:00:00,2025-08-17T13:24:00,8640,0,,,https://example.com/media_889.jpg,4857c6494ad54a6c0e90b68b042ac1904b364e842111b048b695b65db3a5d024,1.12,16.7,REJECTED
rep_0891,usr_004,0.6,"Porbandar, Gujarat",west,coastal-erosion,Severe,"Observed water activity near coast in Porbandar, Gujarat.",gu,21.648426,69.679514,39.15,2025-08-17T08:00:00,2025-08-17T09:51:00,6660,0,,,https://example.com/media_890.jpg,b9052cb227b257286566f3ecccffac382e344880fe207ba833ccee2ddd826199,1.41,32.7,REJECTED
rep_0892,usr_041,0.45,"Surat, Gujarat",west,storm-surge,High,આજે દરિયાકિનારે રમવાની મજા આવી.,gu,21.119871,72.64481,11.06,2025-08-16T17:00:00,2025-08-16T17:34:00,2040,0,,,https://example.com/media_891.jpg,4857c6494ad54a6c0e90b68b042ac1904b364e842111b048b695b65db3a5d024,0.69,13.8,REJECTED
rep_0893,usr_030,0.6,"Alibaug, Maharashtra",west,flood,High,Tidal seawater inundating low-lying residential houses near beach.,en,18.652223,72.849099,63.99,2025-08-17T19:50:51.999802,2025-08-17T20:10:51.999802,1200,1,18.662829,72.844482,https://example.com/media_892.jpg,62f669ca292c10517ca2ef092eb516540b18eec8626f663468a8d5dc5195581e,1.86,57.7,VERIFIED
rep_0894,usr_044,0.6,"Kakinada, Andhra Pradesh",east,flood,Severe,బీచ్ రిసార్ట్ ఆఫర్లు మరియు బుకింగ్.,te,17.008837,82.251356,7.55,2025-08-18T18:00:00,2025-08-18T22:47:00,17220,0,,,https://example.com/media_893.jpg,492ca8a005033475bf140b7d0f1626a4b798c4284c6133dc162d42de5fbcf7ac,0.83,20.7,REJECTED
rep_0895,usr_003,0.6,"Kochi, Kerala",west,high-waves,Moderate,"Observed water activity near coast in Kochi, Kerala.",en,9.971415,76.275813,51.71,2025-08-16T01:00:00,2025-08-16T01:49:00,2940,0,,,https://example.com/media_894.jpg,d8b260a6a7fed03111979b2cce673ce0247b1b43333097f3c56b96b6a0273d09,1.63,31.5,VERIFIED
rep_0896,usr_015,0.6,"Kochi, Kerala",west,high-waves,High,കടലാക്രമണം ശക്തമായി.,ml,9.959551,76.230699,19.81,2025-08-18T07:01:07.393527,2025-08-18T12:57:07.393527,21360,0,,,https://example.com/media_895.jpg,70832c25d3a3dcdfa90b4a2582ea3437f464ea1a96f8b5a2023a5190f4a2833d,1.71,47.1,VERIFIED
rep_0897,usr_028,0.88,"Kozhikode, Kerala",west,flood,High,തീരദേശ റോഡുകൾ വെള്ളത്തിനടിയിലായി.,ml,11.251452,75.799564,6.32,2025-08-16T12:14:56.808661,2025-08-16T14:06:56.808661,6720,0,,,https://example.com/media_896.jpg,ff0418631513270ff71ea2dab16c3aa4864cde677469c7a06c1b25f9c0f9ef45,3.34,57.4,VERIFIED
rep_0898,usr_048,0.6,"Panaji, Goa",west,coastal-erosion,Moderate,"Observed water activity near coast in Panaji, Goa.",hi,15.527544,73.825072,51.06,2025-08-16T22:00:00,2025-08-16T22:55:00,3300,0,,,,,1.66,32.8,REJECTED
rep_0899,usr_007,0.45,"Kochi, Kerala",west,coastal-erosion,Moderate,റിസോർട്ട് ബുക്കിംഗിന് വിളിക്കുക.,ml,9.931027,76.274574,177.9,2025-08-16T05:00:00,2025-08-16T07:27:00,8820,0,,,,,1.27,20.7,REJECTED
rep_0900,usr_011,0.6,"Chennai, Tamil Nadu",east,flood,Moderate,Sunny clear weather at beach having fun with friends.,en,13.376634,80.391456,10.75,2025-08-18T07:00:00,2025-08-18T08:57:00,7020,0,,,https://example.com/media_899.jpg,9664e2cac25b084ec9146dfb50037593ed753e8af13bdf91234ff4e481f07428,1.23,12.4,REJECTED
rep_0901,usr_008,0.88,"Kozhikode, Kerala",west,flood,High,കടൽക്ഷോഭത്തെ തുടർന്ന് വീടുകളിൽ വെള്ളം കയറി.,ml,11.259733,75.77693,5.33,2025-08-17T02:33:38.347276,2025-08-17T05:25:38.347276,10320,0,,,https://example.com/media_900.jpg,9c5ff3b607485bcb4ed7d312b3a6566dcc75294a7cc6764e1762ed49dea04c5f,3.29,68.8,VERIFIED
rep_0902,usr_025,0.2,"Digha, West Bengal",east,storm-surge,Moderate,ঘূর্ণিঝড়ের প্রভাবে জলোচ্ছ্বাসে বাঁধ ভেঙে জল ঢুকছে।,bn,21.628475,87.481408,23.57,2025-08-17T11:39:47.179890,2025-08-17T13:19:47.179890,6000,0,,,https://example.com/media_901.jpg,7adf27b6fd8cda6c8a4a61949b828b5bed0f0cad0a7e5f052c5aba93599f35bd,2.63,76.8,VERIFIED
rep_0903,usr_027,0.88,"Alibaug, Maharashtra",west,flood,Low,उधाणाचे पाणी गावातील घरांमध्ये शिरले असून रस्ते पाण्याखाली गेले आहेत.,mr,18.627115,72.872138,127.31,2025-08-17T21:32:51.602224,2025-08-17T22:00:51.602224,1680,1,18.629194,72.868637,https://example.com/media_902.jpg,a3a3ec86d74ab0b5aca6909afc37f488e9ec933c8c71199e4d5c174b42ff637e,2.06,71.6,VERIFIED
rep_0904,usr_043,0.6,"Surat, Gujarat",west,flood,Severe,ભરતીના પાણીથી રસ્તાઓ જળબંબાકાર.,gu,21.115436,72.638628,23.32,2025-08-15T11:32:23.038157,2025-08-15T12:02:23.038157,1800,1,21.116925,72.639528,,,3.58,58.5,VERIFIED
rep_0905,usr_040,0.6,"Kozhikode, Kerala",west,flood,Severe,കടൽക്ഷോഭത്തെ തുടർന്ന് വീടുകളിൽ വെള്ളം കയറി.,ml,11.233153,75.770604,9.05,2025-08-16T18:29:02.769453,2025-08-16T18:46:02.769453,1020,0,,,https://example.com/media_904.jpg,4013e328260c6455b87ad003962cfa7e74b9379f056c9503a148516dfe9d66c9,3.42,57.0,VERIFIED
rep_0906,usr_044,0.6,"Puri, Odisha",east,high-waves,Moderate,"समुद्र में भारी उफान, नावों का संचालन पूरी तरह ठप।",hi,19.808651,85.839038,13.58,2025-08-16T23:24:12.887135,2025-08-17T00:27:12.887135,3780,1,19.81154,85.834723,,,2.95,41.7,VERIFIED
rep_0907,usr_020,0.88,"Digha, West Bengal",east,storm-surge,Severe,প্রচণ্ড জলোচ্ছ্বাস শুরু হয়েছে।,bn,21.663691,87.490445,12.37,2025-08-17T17:26:52.760482,2025-08-17T19:10:52.760482,6240,1,21.667681,87.49241,https://example.com/media_906.jpg,5643b64864f84705b68be106dac46b9a3b85b960256ab196a8513b5176565771,1.63,90.4,VERIFIED
rep_0908,usr_005,0.45,"Alibaug, Maharashtra",west,tsunami,Severe,बीच रिसॉर्ट बुकिंगसाठी आजच कॉल करा.,mr,18.647831,72.861292,10.3,2025-08-16T01:00:00,2025-08-16T05:14:00,15240,0,,,,,0.79,12.7,REJECTED
rep_0909,usr_046,0.6,"Kochi, Kerala",west,high-waves,Severe,കടലാക്രമണം ശക്തമായി.,ml,9.904784,76.294923,105.36,2025-08-18T10:08:14.895119,2025-08-18T11:10:14.895119,3720,0,,,https://example.com/media_908.jpg,d18c9456692bb5a9f18ad99782b400517020fdb5a97488acb0d9cf7172063c9d,2.24,39.5,VERIFIED
rep_0910,usr_046,0.6,"Nagapattinam, Tamil Nadu",east,high-waves,Moderate,Hotel discount booking promotion near seaside.,en,10.780656,79.846752,11.45,2025-08-16T00:00:00,2025-08-16T02:32:00,9120,0,,,https://example.com/media_909.jpg,b954865bd683471e5a8e82568eb05ff9d6ef0beadd33f5a230941c5770cbd469,0.45,12.6,REJECTED
rep_0911,usr_040,0.6,"Kozhikode, Kerala",west,coastal-erosion,Low,"Observed water activity near coast in Kozhikode, Kerala.",ml,11.271743,75.780811,40.81,2025-08-16T16:00:00,2025-08-16T17:46:00,6360,0,,,,,1.69,27.4,REJECTED
rep_0912,usr_027,0.88,"Digha, West Bengal",east,storm-surge,High,Severe storm surge and cyclonic gale winds hitting the harbor.,en,21.657335,87.470371,12.46,2025-08-17T12:16:49.927859,2025-08-17T14:21:49.927859,7500,1,21.660805,87.471717,https://example.com/media_911.jpg,9ada072123a323b267dd9b2551f5d0b137c9d80e9f59294bd0dc990e9aa91605,1.73,53.5,VERIFIED
rep_0913,usr_006,0.45,"Kozhikode, Kerala",west,flood,High,കടൽക്ഷോഭത്തെ തുടർന്ന് വീടുകളിൽ വെള്ളം കയറി.,ml,11.250549,75.812064,6.06,2025-08-16T18:52:58.826921,2025-08-16T21:54:58.826921,10920,0,,,https://example.com/media_912.jpg,575608b094e363b2247279dd86ded5f280e5a6ac330966500984d6af3828cf2d,3.7,67.8,VERIFIED
rep_0914,usr_021,0.45,"Kakinada, Andhra Pradesh",east,storm-surge,Severe,వాతావరణం చాలా ప్రశాంతంగా ఉంది.,te,17.243482,82.542811,7.96,2025-08-18T11:00:00,2025-08-18T13:21:00,8460,0,,,https://example.com/media_913.jpg,d1911b623c963de2e49cad74d9ef1942f70d10e18d4431a831eb213a577ca39b,1.17,15.2,REJECTED
rep_0915,usr_006,0.45,"Nagapattinam, Tamil Nadu",east,tsunami,Moderate,கடற்கரையில் இனிமையான காற்று வீசுகிறது.,ta,10.773854,79.841449,9.46,2025-08-17T01:00:00,2025-08-17T01:33:00,1980,0,,,,,1.1,10.5,REJECTED
rep_0916,usr_005,0.45,"Mangalore, Karnataka",west,storm-surge,Severe,Hotel discount booking promotion near seaside.,en,13.232145,75.14948,6.07,2025-08-17T12:00:00,2025-08-17T16:41:00,16860,0,,,,,0.7,23.8,REJECTED
rep_0917,usr_028,0.88,"Puri, Odisha",east,high-waves,High,ସମୁଦ୍ରରେ ୪ ମିଟରରୁ ଅଧିକ ଉଚ୍ଚ ଲହଡ଼ି ମାଡ଼ି ଆସୁଛି ।,or,19.74638,85.818879,22.82,2025-08-17T03:02:25.693200,2025-08-17T03:14:25.693200,720,0,,,https://example.com/media_916.jpg,4e197df6865f913534cc9d0c8faa79701be083ad981fe3ec617d0dacca2ebea0,1.03,34.0,VERIFIED
rep_0918,usr_029,0.45,"Puri, Odisha",east,high-waves,Severe,ସମୁଦ୍ରରେ ୪ ମିଟରରୁ ଅଧିକ ଉଚ୍ଚ ଲହଡ଼ି ମାଡ଼ି ଆସୁଛି ।,or,19.787049,85.850387,6.6,2025-08-16T21:11:05.748640,2025-08-17T03:01:05.748640,21000,0,,,https://example.com/media_917.jpg,45d7f68d908cfc89da6955f266364f720198daad8f013c9eda2a6e4d3338d78b,1.54,35.0,VERIFIED
rep_0919,usr_020,0.88,"Kakinada, Andhra Pradesh",east,high-waves,Severe,వాతావరణం చాలా ప్రశాంతంగా ఉంది.,te,16.972127,82.235154,4.0,2025-08-18T22:00:00,2025-08-18T22:19:00,1140,0,,,,,1.25,11.4,REJECTED
rep_0920,usr_004,0.6,"Visakhapatnam, Andhra Pradesh",east,flood,Moderate,Sunny clear weather at beach having fun with friends.,en,17.773224,83.492113,5.81,2025-08-16T05:00:00,2025-08-16T05:10:00,600,0,,,,,1.03,11.2,REJECTED
rep_0921,usr_021,0.45,"Alibaug, Maharashtra",west,high-waves,Severe,तटीय क्षेत्र में 4 मीटर से ऊंची खतरनाक लहरें उठ रही हैं।,hi,18.665353,72.879931,18.99,2025-08-17T16:46:34.306247,2025-08-17T17:16:34.306247,1800,1,18.663819,72.883219,,,3.68,53.5,VERIFIED
rep_0922,usr_032,0.45,"Digha, West Bengal",east,storm-surge,High,ঘূর্ণিঝড়ের প্রভাবে জলোচ্ছ্বাসে বাঁধ ভেঙে জল ঢুকছে।,bn,21.604807,87.451684,16.01,2025-08-17T11:23:33.736764,2025-08-17T11:35:33.736764,720,0,,,https://example.com/media_921.jpg,8846048d5564fbc16dc7894501b5e2b20d5f06cbd2bd93ad3bb430c710e4d119,1.72,67.9,VERIFIED
rep_0923,usr_001,0.6,"Porbandar, Gujarat",west,tsunami,Moderate,Hotel discount booking promotion near seaside.,en,21.796607,69.743335,5.57,2025-08-18T13:00:00,2025-08-18T13:58:00,3480,1,21.938343,69.939181,https://example.com/media_922.jpg,db5ad9959dff841f4bf1dbe45f4ee8ac33d63a361335126bf061864e737f62e8,0.46,14.5,REJECTED
rep_0924,usr_023,0.6,"Kozhikode, Kerala",west,flood,Low,"Observed water activity near coast in Kozhikode, Kerala.",en,11.248091,75.75521,21.83,2025-08-17T21:00:00,2025-08-17T22:27:00,5220,0,,,https://example.com/media_923.jpg,97b2dfda392a59ea52d06edf6b721dc52a155d3af41e362bef7620465a363af2,1.22,30.3,REJECTED
rep_0925,usr_026,0.6,"Nagapattinam, Tamil Nadu",east,coastal-erosion,Moderate,சுற்றுலா படகு சவாரி மற்றும் விடுதி முன்பதிவு.,ta,10.777783,79.835574,7.64,2025-08-17T20:00:00,2025-08-18T00:26:00,15960,0,,,https://example.com/media_924.jpg,cec74a65239b7f259625ea5c7599a8dcef354cac94674b9b6f827bea54acdec0,1.1,23.4,REJECTED
rep_0926,usr_037,0.45,"Paradip, Odisha",east,storm-surge,Low,ପୁରୀ ହୋଟେଲ ବୁକିଂ ପାଇଁ ଯୋଗାଯୋଗ କରନ୍ତୁ ।,or,20.5852,86.957769,43.28,2025-08-17T01:00:00,2025-08-17T03:57:00,10620,0,,,https://example.com/media_925.jpg,da100a22f34a805716c6387c0256c663d076861fed1dd77309aabfc7795520ec,1.08,22.7,REJECTED
rep_0927,usr_014,0.88,"Surat, Gujarat",west,flood,Low,દરિયાના પાણી નીચાણવાળા વિસ્તારોમાં ઘૂસી ગયા છે.,gu,21.12636,72.651381,14.19,2025-08-15T10:58:10.258413,2025-08-15T12:46:10.258413,6480,1,21.121469,72.648607,https://example.com/media_926.jpg,07e3c3418a9c174402d77914d9378123e1c3fcb2bf405e357c650e5daa1beab3,2.45,52.7,VERIFIED
rep_0928,usr_027,0.88,"Paradip, Odisha",east,high-waves,Low,ପୁରୀ ହୋଟେଲ ବୁକିଂ ପାଇଁ ଯୋଗାଯୋଗ କରନ୍ତୁ ।,or,20.398017,86.897762,13.96,2025-08-15T18:00:00,2025-08-15T21:26:00,12360,0,,,https://example.com/media_927.jpg,11510854468226bac1b01b7b849e13c579c951a70cdffeadb0a633a4b970c10c,0.54,23.5,REJECTED
rep_0929,usr_044,0.6,"Alibaug, Maharashtra",west,coastal-erosion,Severe,लाटांच्या माऱ्याने समुद्रकिनाऱ्याची धूप वेगाने होत आहे.,mr,18.605169,72.912623,20.8,2025-08-17T15:22:04.567421,2025-08-17T15:50:04.567421,1680,0,,,https://example.com/media_928.jpg,4fa2ab05fdc9489a94dc5c63cd8f421e7916817aac5d15a3f2760682b04a6fbe,2.4,58.8,VERIFIED
rep_0930,usr_012,0.6,"Puri, Odisha",east,high-waves,Moderate,ଆଜି ପାଗ ଖୁବ୍ ଭଲ ଅଛି ।,or,19.819559,85.838663,3.93,2025-08-15T07:00:00,2025-08-15T10:57:00,14220,0,,,https://example.com/media_929.jpg,9473faa7cab6527e33c5b9bac8d21608c412f959dadad0b8edd3c2963317d351,0.42,18.9,REJECTED
rep_0931,usr_036,0.6,"Mumbai, Maharashtra",west,flood,High,किनारी फिरायला छान वातावरण आहे.,mr,19.191114,72.960127,137.28,2025-08-15T22:00:00,2025-08-16T02:37:00,16620,0,,,https://example.com/media_930.jpg,4df0a286fdaeaffcd4282bc42b9b6305d29e6c5b143041c82c985f9df509389d,1.22,17.9,REJECTED
rep_0932,usr_028,0.88,"Alibaug, Maharashtra",west,high-waves,Low,Sunny clear weather at beach having fun with friends.,en,18.643712,72.881555,3.98,2025-08-17T19:00:00,2025-08-17T20:35:00,5700,0,,,https://example.com/media_931.jpg,49166d8bf76651faaf4c6c94dac27ac5e022504c659fb4f3a65762cf4a97d94a,1.07,20.4,REJECTED
rep_0933,usr_049,0.6,"Puri, Odisha",east,storm-surge,High,Hotel discount booking promotion near seaside.,en,19.796618,85.833467,177.29,2025-08-18T09:00:00,2025-08-18T13:15:00,15300,0,,,,,0.95,12.3,REJECTED
rep_0934,usr_020,0.88,"Paradip, Odisha",east,flood,Moderate,"Observed water activity near coast in Paradip, Odisha.",or,20.332849,86.61093,48.9,2025-08-16T10:00:00,2025-08-16T11:33:00,5580,0,,,,,1.2,27.3,VERIFIED
rep_0935,usr_015,0.6,"Surat, Gujarat",west,flood,Moderate,Hotel discount booking promotion near seaside.,en,21.217944,72.802061,144.77,2025-08-15T15:00:00,2025-08-15T18:45:00,13500,0,,,,,1.17,21.2,REJECTED
rep_0936,usr_044,0.6,"Surat, Gujarat",west,high-waves,Moderate,હોટેલ અને બીચ ટૂર માટે સંપર્ક કરો.,gu,21.365192,72.991042,11.57,2025-08-19T00:00:00,2025-08-19T01:02:00,3720,1,21.543048,73.06063,https://example.com/media_935.jpg,4857c6494ad54a6c0e90b68b042ac1904b364e842111b048b695b65db3a5d024,0.72,24.0,REJECTED
rep_0937,usr_027,0.88,"Alibaug, Maharashtra",west,coastal-erosion,Moderate,लाटांच्या माऱ्याने समुद्रकिनाऱ्याची धूप वेगाने होत आहे.,mr,18.625497,72.890545,21.5,2025-08-17T21:13:29.088904,2025-08-17T21:21:29.088904,480,1,18.626272,72.887752,,,2.24,62.9,VERIFIED
rep_0938,usr_006,0.45,"Panaji, Goa",west,coastal-erosion,Low,"Observed water activity near coast in Panaji, Goa.",hi,15.462188,73.833338,44.32,2025-08-18T02:00:00,2025-08-18T02:42:00,2520,0,,,,,1.3,34.7,VERIFIED
rep_0939,usr_048,0.6,"Kochi, Kerala",west,high-waves,Moderate,"Severe swells observed along the promenade, small boats unable to anchor.",en,9.925513,76.26953,21.03,2025-08-18T08:44:24.224866,2025-08-18T15:39:24.224866,24900,1,9.92891,76.272662,https://example.com/media_938.jpg,0e594f61457acb4e6b7d1bfbb9bd462db6065ffb51485e0fc7efb5caac9821ba,1.74,49.2,VERIFIED
rep_0940,usr_010,0.88,"Alibaug, Maharashtra",west,tsunami,Moderate,Hotel discount booking promotion near seaside.,en,18.63396,72.878068,6.44,2025-08-17T14:00:00,2025-08-17T17:30:00,12600,0,,,https://example.com/media_939.jpg,026fc5a0a081e8951556c54f15453c21f6495a5d8f1784333ca7b9254f281edc,0.99,16.6,REJECTED
rep_0941,usr_037,0.45,"Panaji, Goa",west,storm-surge,High,मौसम साफ और धूप खिली है।,hi,15.74565,74.009571,4.55,2025-08-16T10:00:00,2025-08-16T13:40:00,13200,1,15.815854,74.19188,https://example.com/media_940.jpg,c10f7c6070d2cbfa0ee8806066a3c0571009638739506cf4650ce26ad0032fce,0.67,12.2,REJECTED
rep_0942,usr_010,0.88,"Digha, West Bengal",east,storm-surge,High,প্রচণ্ড জলোচ্ছ্বাস শুরু হয়েছে।,bn,21.632502,87.465689,15.68,2025-08-17T13:03:54.952952,2025-08-17T14:52:54.952952,6540,1,21.642269,87.464848,https://example.com/media_941.jpg,53f663ac6f942b30d9c97785c4a79381fbacd244f12473f0fe8896bbd5e3366c,2.05,53.5,VERIFIED
rep_0943,usr_036,0.6,"Alibaug, Maharashtra",west,flood,Severe,ज्वार के कारण तटीय सड़कों पर पानी भर गया है।,hi,18.65004,72.856547,10.63,2025-08-17T15:57:51.050175,2025-08-17T16:08:51.050175,660,1,18.658136,72.854359,https://example.com/media_942.jpg,a7dae0459ae8bd0868ee0536611ef2da30bdf02ad9149a6d56b9c000908e2cd5,2.45,65.3,VERIFIED
rep_0944,usr_047,0.88,"Kochi, Kerala",west,high-waves,Severe,കടലാക്രമണം ശക്തമായി.,ml,9.902974,76.26844,16.27,2025-08-18T06:37:59.787974,2025-08-18T07:06:59.787974,1740,1,9.900835,76.272283,https://example.com/media_943.jpg,2b30e4faf6b48a2b53dd6e1bb4a09de15e58138333924feecb3de1c261a3efa0,2.87,32.9,VERIFIED
rep_0945,usr_018,0.6,"Panaji, Goa",west,high-waves,Low,"Observed water activity near coast in Panaji, Goa.",hi,15.50147,73.825247,28.34,2025-08-17T06:00:00,2025-08-17T06:17:00,1020,0,,,https://example.com/media_944.jpg,909e627282077f0c07db1f12db0c7d99c4fdbe082f2cd61f9fce849d3261d2f1,1.25,29.5,REJECTED
rep_0946,usr_040,0.6,"Digha, West Bengal",east,storm-surge,High,দীঘা সমুদ্র সৈকত হোটেল বুকিং ডিসকাউন্ট।,bn,21.629134,87.50152,4.71,2025-08-17T16:00:00,2025-08-17T17:43:00,6180,0,,,https://example.com/media_945.jpg,4857c6494ad54a6c0e90b68b042ac1904b364e842111b048b695b65db3a5d024,0.74,14.5,REJECTED
rep_0947,usr_024,0.88,"Digha, West Bengal",east,storm-surge,Severe,Severe storm surge and cyclonic gale winds hitting the harbor.,en,21.580906,87.51949,24.95,2025-08-17T23:33:41.935367,2025-08-18T00:32:41.935367,3540,0,,,https://example.com/media_946.jpg,87b24db9de231c1c882006c37c5f28ef09fd0192162ed0ad765b555525686091,1.79,68.9,VERIFIED
rep_0948,usr_015,0.6,"Visakhapatnam, Andhra Pradesh",east,coastal-erosion,Severe,Sunny clear weather at beach having fun with friends.,en,18.026284,83.482281,9.41,2025-08-16T04:00:00,2025-08-16T05:22:00,4920,0,,,https://example.com/media_947.jpg,7e3d5f7dc73d1db412888cb2a9287f0e8dfa408a2879acf61f8d03c9ba2003db,1.25,22.3,REJECTED
rep_0949,usr_036,0.6,"Kochi, Kerala",west,high-waves,Low,തീരത്ത് 4 മീറ്ററിലധികം ഉയരമുള്ള ശക്തമായ തിരമാലകൾ അടിച്ചു കയറുന്നു.,ml,9.943886,76.297352,19.78,2025-08-18T19:41:46.190208,2025-08-18T20:01:46.190208,1200,1,9.947528,76.294308,https://example.com/media_948.jpg,5077f40e70bd3a857c93ebbf9841f85482b99a9773de96b15150598af8d96d34,2.08,53.7,VERIFIED
rep_0950,usr_027,0.88,"Puri, Odisha",east,storm-surge,Low,ପୁରୀ ହୋଟେଲ ବୁକିଂ ପାଇଁ ଯୋଗାଯୋଗ କରନ୍ତୁ ।,or,19.816536,85.824786,8.44,2025-08-17T18:00:00,2025-08-17T18:11:00,660,0,,,https://example.com/media_949.jpg,42194fb36b7a8c4cf4938c0b271e5e9904b16592f4317e7303c99d3d8e5ee520,0.69,12.8,REJECTED
rep_0951,usr_041,0.45,"Kakinada, Andhra Pradesh",east,high-waves,Moderate,"Observed water activity near coast in Kakinada, Andhra Pradesh.",te,17.016224,82.183356,22.52,2025-08-15T12:00:00,2025-08-15T12:19:00,1140,0,,,,,1.42,33.4,VERIFIED
rep_0952,usr_044,0.6,"Porbandar, Gujarat",west,high-waves,Moderate,જેટી પાસે ભારે મોજાના કારણે નુકસાન.,gu,21.656151,69.64317,21.93,2025-08-18T12:50:46.711847,2025-08-18T15:01:46.711847,7860,1,21.651292,69.645629,https://example.com/media_951.jpg,6cf643f783c56bba682ec0979fa4e8e13707b42f7809a6d1a7631b6af9030487,2.8,56.2,VERIFIED
rep_0953,usr_013,0.88,"Alibaug, Maharashtra",west,flood,Severe,"Observed water activity near coast in Alibaug, Maharashtra.",mr,18.621357,72.852793,26.17,2025-08-18T11:00:00,2025-08-18T12:37:00,5820,0,,,,,1.31,34.4,REJECTED
rep_0954,usr_023,0.6,"Surat, Gujarat",west,storm-surge,Moderate,હોટેલ અને બીચ ટૂર માટે સંપર્ક કરો.,gu,21.101326,72.663736,74.11,2025-08-17T15:00:00,2025-08-17T17:06:00,7560,0,,,https://example.com/media_953.jpg,32fbdf4fc7ccc65234251ef96ee753b3e1a49010911409ae34ff19734d2b7f0e,0.98,21.6,REJECTED
rep_0955,usr_024,0.88,"Puri, Odisha",east,high-waves,Low,ବେଳାଭୂମିରେ ପ୍ରବଳ ଢେଉର ପ୍ରକୋପ ।,or,19.820657,85.806084,12.08,2025-08-17T14:14:26.023250,2025-08-17T14:36:26.023250,1320,1,19.819144,85.806876,https://example.com/media_954.jpg,ce3defa3f0604462cef7743c9f1984e6d4fa31fa417a7f8f340760d50548b582,2.78,41.9,VERIFIED
rep_0956,usr_011,0.6,"Paradip, Odisha",east,flood,Low,ପୁରୀ ହୋଟେଲ ବୁକିଂ ପାଇଁ ଯୋଗାଯୋଗ କରନ୍ତୁ ।,or,20.423141,86.824076,4.2,2025-08-18T06:00:00,2025-08-18T10:56:00,17760,0,,,,,1.28,13.3,REJECTED
rep_0957,usr_032,0.45,"Visakhapatnam, Andhra Pradesh",east,coastal-erosion,Moderate,"Observed water activity near coast in Visakhapatnam, Andhra Pradesh.",te,17.731807,83.194866,41.37,2025-08-17T15:00:00,2025-08-17T16:51:00,6660,0,,,https://example.com/media_956.jpg,6a773cf0ecb72978c4be0c15ae328b5e9dba4dc544e1fe0d2e06ef3a9f095ea3,1.44,27.6,REJECTED
rep_0958,usr_014,0.88,"Porbandar, Gujarat",west,high-waves,Moderate,દરિયામાં ૪ મીટરથી વધુ ઊંચા મોજા ઉછળી રહ્યા છે.,gu,21.661065,69.66481,60.61,2025-08-18T11:03:58.871619,2025-08-18T13:57:58.871619,10440,0,,,https://example.com/media_957.jpg,2738cb0062c999e27f24db40ad2dcaeceaac9232e8392f7fb810eb3f90006070,3.96,70.9,VERIFIED
rep_0959,usr_023,0.6,"Panaji, Goa",west,high-waves,Low,समुद्र किनारे होटल बुकिंग के लिए संपर्क करें।,hi,15.792584,74.074642,73.77,2025-08-17T20:00:00,2025-08-17T22:15:00,8100,0,,,,,0.62,23.5,REJECTED
rep_0960,usr_044,0.6,"Puri, Odisha",east,high-waves,High,ସମୁଦ୍ରରେ ୪ ମିଟରରୁ ଅଧିକ ଉଚ୍ଚ ଲହଡ଼ି ମାଡ଼ି ଆସୁଛି ।,or,19.805228,85.83485,9.58,2025-08-16T23:49:17.205022,2025-08-17T00:37:17.205022,2880,0,,,https://example.com/media_959.jpg,14f44e6ffe8d029f54960737b9d2b33f57752364de4c848cde06e4fbfae5d254,2.75,47.2,VERIFIED
rep_0961,usr_015,0.6,"Nagapattinam, Tamil Nadu",east,coastal-erosion,High,கடற்கரையில் இனிமையான காற்று வீசுகிறது.,ta,10.76065,79.848094,8.71,2025-08-18T15:00:00,2025-08-18T15:44:00,2640,0,,,https://example.com/media_960.jpg,d15b7333502734d2b2c189bd9a0309ade5a4b256d69a7b82cea3d063bd6bc4c1,0.47,12.6,REJECTED
rep_0962,usr_037,0.45,"Alibaug, Maharashtra",west,flood,Low,उधाणाचे पाणी गावातील घरांमध्ये शिरले असून रस्ते पाण्याखाली गेले आहेत.,mr,18.622269,72.903028,16.52,2025-08-17T14:28:53.705981,2025-08-17T14:58:53.705981,1800,1,18.627593,72.902516,https://example.com/media_961.jpg,73785fe10d012fc6936faccefe75ede440eef01812d48abb9a9af2afb6357fa3,1.79,61.2,VERIFIED
rep_0963,usr_042,0.88,"Puri, Odisha",east,high-waves,Moderate,ବେଳାଭୂମିରେ ପ୍ରବଳ ଢେଉର ପ୍ରକୋପ ।,or,19.80303,85.828238,23.82,2025-08-17T04:40:01.703081,2025-08-17T05:02:01.703081,1320,0,,,https://example.com/media_962.jpg,e6f3e090eb8ec5cf167edf367f6fa9b75810ad58d43f355ad3d2ea356a582ed2,1.19,48.4,VERIFIED
rep_0964,usr_028,0.88,"Puri, Odisha",east,flood,Moderate,ଜୁଆର ପାଣି ତଟବର୍ତ୍ତୀ ଗାଁ ଭିତରେ ପଶି ଜଳବନ୍ଦୀ କରିଛି ।,or,19.82797,85.849902,7.64,2025-08-17T10:12:48.976529,2025-08-17T12:58:48.976529,9960,0,,,https://example.com/media_963.jpg,6ad992885a4d056f46cb05dd4087620fa37f2138399831436b36fbf669c93658,3.53,43.7,VERIFIED
rep_0965,usr_044,0.6,"Nagapattinam, Tamil Nadu",east,coastal-erosion,High,"Observed water activity near coast in Nagapattinam, Tamil Nadu.",en,10.779058,79.881394,45.2,2025-08-18T00:00:00,2025-08-18T01:41:00,6060,0,,,https://example.com/media_964.jpg,4153061aab259d8bc232888b4de13ee82203625219becbc6daaf14a17c9ac0ff,1.39,25.4,REJECTED
rep_0966,usr_008,0.88,"Porbandar, Gujarat",west,high-waves,High,"समुद्र में भारी उफान, नावों का संचालन पूरी तरह ठप।",hi,21.649876,69.64324,20.49,2025-08-18T07:38:19.978569,2025-08-18T08:05:19.978569,1620,1,21.640768,69.651997,https://example.com/media_965.jpg,41905f6432cf13e5789090d596246efed8e686be5d51866fc00de1154c1a423d,2.51,67.4,VERIFIED
rep_0967,usr_043,0.6,"Surat, Gujarat",west,flood,High,ભરતીના પાણીથી રસ્તાઓ જળબંબાકાર.,gu,21.106281,72.65768,11.19,2025-08-15T12:50:22.825372,2025-08-15T12:56:22.825372,360,0,,,https://example.com/media_966.jpg,fec8c52d1c92fd54ad466f5713a47fad7d8c20007e8be74285f626f8a83e7b49,3.54,74.8,VERIFIED
rep_0968,usr_031,0.45,"Porbandar, Gujarat",west,high-waves,Moderate,આજે દરિયાકિનારે રમવાની મજા આવી.,gu,21.635681,69.634532,5.24,2025-08-17T04:00:00,2025-08-17T05:20:00,4800,0,,,https://example.com/media_967.jpg,4857c6494ad54a6c0e90b68b042ac1904b364e842111b048b695b65db3a5d024,1.19,18.5,REJECTED
rep_0969,usr_024,0.88,"Puri, Odisha",east,high-waves,High,ବେଳାଭୂମିରେ ପ୍ରବଳ ଢେଉର ପ୍ରକୋପ ।,or,19.812153,85.853591,66.11,2025-08-17T14:24:25.695556,2025-08-17T17:17:25.695556,10380,1,19.813067,85.856841,,,2.7,31.3,VERIFIED
rep_0970,usr_028,0.88,"Visakhapatnam, Andhra Pradesh",east,flood,Moderate,సముద్రపు నీరు గ్రామంలోకి ప్రవేశించి ఇళ్లను ముంచెత్తింది.,te,17.664974,83.217719,23.47,2025-08-18T16:33:13.067773,2025-08-18T16:57:13.067773,1440,0,,,https://example.com/media_969.jpg,a5f9675febcfc8bec377473c77cc86a121f79bdc215fc36f72974aa36748cf5e,3.34,58.1,VERIFIED
rep_0971,usr_017,0.6,"Kochi, Kerala",west,tsunami,Severe,ബീച്ചിൽ നല്ല കാലാവസ്ഥ.,ml,9.934246,76.287704,82.21,2025-08-16T01:00:00,2025-08-16T03:04:00,7440,0,,,,,0.99,18.4,REJECTED
rep_0972,usr_047,0.88,"Puri, Odisha",east,high-waves,Severe,ସମୁଦ୍ରରେ ୪ ମିଟରରୁ ଅଧିକ ଉଚ୍ଚ ଲହଡ଼ି ମାଡ଼ି ଆସୁଛି ।,or,19.809318,85.862514,17.85,2025-08-16T23:59:46.223584,2025-08-17T00:04:46.223584,300,0,,,https://example.com/media_971.jpg,f6af0c23ba1ae35943f83d4f822ff7c6031cbadebb9db495407fd1cf8453b4a4,2.49,38.6,VERIFIED
rep_0973,usr_031,0.45,"Kozhikode, Kerala",west,storm-surge,Severe,റിസോർട്ട് ബുക്കിംഗിന് വിളിക്കുക.,ml,11.252301,75.779638,165.5,2025-08-15T23:00:00,2025-08-15T23:29:00,1740,0,,,https://example.com/media_972.jpg,4857c6494ad54a6c0e90b68b042ac1904b364e842111b048b695b65db3a5d024,0.93,22.9,REJECTED
rep_0974,usr_025,0.2,"Digha, West Bengal",east,high-waves,Severe,Hotel discount booking promotion near seaside.,en,21.871553,87.740375,62.63,2025-08-17T18:00:00,2025-08-17T21:00:00,10800,0,,,https://example.com/media_973.jpg,96ac6ed67d9a4510d0abd4d78a22660c3690207aae5a2f632d12e919fe028bb2,0.52,11.7,REJECTED
rep_0975,usr_038,0.6,"Alibaug, Maharashtra",west,flood,Severe,समुद्राचे पाणी सखल भागात भरले.,mr,18.653286,72.833713,13.6,2025-08-17T16:05:19.434079,2025-08-17T16:21:19.434079,960,0,,,,,1.76,48.6,VERIFIED
rep_0976,usr_005,0.45,"Visakhapatnam, Andhra Pradesh",east,tsunami,Low,సముద్రపు నీరు అకస్మాత్తుగా వెనక్కి తగ్గింది.,te,17.643852,83.234232,8.67,2025-08-18T16:00:41.953168,2025-08-18T16:11:41.953168,660,0,,,https://example.com/media_975.jpg,5bc488cfeb6fae8c6b9cd8596e228209f19841cacd67a328130e769a8e268e7c,3.22,51.2,VERIFIED
rep_0977,usr_015,0.6,"Puri, Odisha",east,high-waves,Moderate,ସମୁଦ୍ରରେ ୪ ମିଟରରୁ ଅଧିକ ଉଚ୍ଚ ଲହଡ଼ି ମାଡ଼ି ଆସୁଛି ।,or,19.775786,85.853462,18.16,2025-08-17T14:07:49.886133,2025-08-17T14:32:49.886133,1500,0,,,https://example.com/media_976.jpg,2cc5f083d30e259a7bcc8d93ec879a5387329cbc1d0e87ccf891a88d0630f8f8,2.91,41.9,VERIFIED
rep_0978,usr_042,0.88,"Alibaug, Maharashtra",west,coastal-erosion,High,"Observed water activity near coast in Alibaug, Maharashtra.",mr,18.618609,72.881531,38.63,2025-08-16T23:00:00,2025-08-16T23:22:00,1320,0,,,https://example.com/media_977.jpg,219eb9bcde03115d7afe9445859ddf988b788a9798233d044d220fffa85534d6,1.22,27.7,REJECTED
rep_0979,usr_011,0.6,"Surat, Gujarat",west,coastal-erosion,Moderate,"Observed water activity near coast in Surat, Gujarat.",gu,21.089934,72.659615,37.94,2025-08-16T03:00:00,2025-08-16T03:40:00,2400,0,,,https://example.com/media_978.jpg,1433c5d9a015ff2e5349abc1df057a00faaa1bdde9f337f152ccae0e9a5fb3d8,1.72,37.0,REJECTED
rep_0980,usr_015,0.6,"Mumbai, Maharashtra",west,flood,Low,Hotel discount booking promotion near seaside.,en,19.091151,73.069577,5.45,2025-08-15T22:00:00,2025-08-16T01:49:00,13740,1,19.144446,73.149167,https://example.com/media_979.jpg,051b55a7043da7d354edcd69d122339a75cac2f67409683dcdba22a5d0691d00,0.8,21.0,REJECTED
rep_0981,usr_028,0.88,"Porbandar, Gujarat",west,high-waves,Moderate,જેટી પાસે ભારે મોજાના કારણે નુકસાન.,gu,21.630126,69.626268,9.98,2025-08-18T00:24:30.075549,2025-08-18T00:34:30.075549,600,0,,,https://example.com/media_980.jpg,4a0c09d074ce1ab91ff780fc4d94a2d27648170ede64d58cae5c2ebce087cded,3.38,58.2,VERIFIED
rep_0982,usr_014,0.88,"Kochi, Kerala",west,high-waves,High,തീരത്ത് 4 മീറ്ററിലധികം ഉയരമുള്ള ശക്തമായ തിരമാലകൾ അടിച്ചു കയറുന്നു.,ml,9.94467,76.258542,79.6,2025-08-18T02:54:29.543603,2025-08-18T04:05:29.543603,4260,1,9.94987,76.257625,https://example.com/media_981.jpg,ee88005691bc5cdf498fd525ea3e896ad0dc949cc004c0e3f8e45a317583aa4b,3.02,41.6,VERIFIED
rep_0983,usr_047,0.88,"Surat, Gujarat",west,storm-surge,Moderate,વાવાઝોડાના કારણે દરિયાઈ મોજાનું જોર અતિશય વધી ગયું છે.,gu,21.09932,72.615575,24.17,2025-08-15T16:25:24.824810,2025-08-15T20:58:24.824810,16380,0,,,https://example.com/media_982.jpg,e15ff7d2969adf234fb59749d380b6a43e37ba3433d0f712a213a634d20a176f,2.84,51.7,VERIFIED
rep_0984,usr_029,0.45,"Porbandar, Gujarat",west,high-waves,Severe,Dangerous rough waves exceeding 4 meters breaching sea wall near fishing jetty.,en,21.633266,69.640199,23.62,2025-08-18T06:05:44.349440,2025-08-18T11:15:44.349440,18600,1,21.6328,69.641244,,,3.68,55.3,VERIFIED
rep_0985,usr_013,0.88,"Puri, Odisha",east,high-waves,Severe,Dangerous rough waves exceeding 4 meters breaching sea wall near fishing jetty.,en,19.83729,85.823844,58.45,2025-08-17T01:28:42.303600,2025-08-17T04:19:42.303600,10260,0,,,https://example.com/media_984.jpg,f1724328f06ef410616dc87d85ef83cbd89f741c5a7814917281c210d56e0434,1.71,42.6,VERIFIED
rep_0986,usr_032,0.45,"Kochi, Kerala",west,coastal-erosion,High,"Observed water activity near coast in Kochi, Kerala.",ml,9.951867,76.200773,43.93,2025-08-16T15:00:00,2025-08-16T16:43:00,6180,0,,,https://example.com/media_985.jpg,e5b477f3e8392d0916f04f1dd77c2dc0570f72e973c283fc922eb528de0b3e23,1.55,33.1,VERIFIED
rep_0987,usr_049,0.6,"Alibaug, Maharashtra",west,coastal-erosion,High,किनारी फिरायला छान वातावरण आहे.,mr,18.768786,73.196635,159.75,2025-08-15T21:00:00,2025-08-16T00:22:00,12120,1,18.902419,73.273904,https://example.com/media_986.jpg,58dba51570dd8ddbc08a90413f9179176b51104eb24566ffb983a82146b4b4c4,1.17,12.2,REJECTED
rep_0988,usr_042,0.88,"Panaji, Goa",west,flood,High,मौसम साफ और धूप खिली है।,hi,15.490866,73.827252,5.35,2025-08-15T09:00:00,2025-08-15T11:46:00,9960,0,,,https://example.com/media_987.jpg,29cc330513c4eef07f60c47de49f6124f9115d95180fa9d55b0a150b6ccf0ae7,0.8,23.6,REJECTED
rep_0989,usr_030,0.6,"Kozhikode, Kerala",west,flood,Moderate,ज्वार के कारण तटीय सड़कों पर पानी भर गया है।,hi,11.264659,75.776833,20.32,2025-08-17T00:36:30.116650,2025-08-17T03:13:30.116650,9420,0,,,https://example.com/media_988.jpg,47036e2539a8f59c58a2581a57583a366294b633205c93b01da78acd0f02cb98,3.56,60.3,VERIFIED
rep_0990,usr_039,0.45,"Alibaug, Maharashtra",west,flood,Moderate,उधाणाचे पाणी गावातील घरांमध्ये शिरले असून रस्ते पाण्याखाली गेले आहेत.,mr,18.623308,72.899105,11.38,2025-08-17T18:20:30.824107,2025-08-17T19:24:30.824107,3840,1,18.627715,72.896388,https://example.com/media_989.jpg,f08bf300738f042ff3158e7e1c7f8551eb42e064ddbdeef956040d16d216a732,3.13,64.8,VERIFIED
rep_0991,usr_008,0.88,"Alibaug, Maharashtra",west,storm-surge,Severe,बीच रिसॉर्ट बुकिंगसाठी आजच कॉल करा.,mr,18.657831,72.867432,4.82,2025-08-17T14:00:00,2025-08-17T16:15:00,8100,0,,,,,1.03,16.0,REJECTED
rep_0992,usr_040,0.6,"Kochi, Kerala",west,high-waves,Moderate,തീരത്ത് 4 മീറ്ററിലധികം ഉയരമുള്ള ശക്തമായ തിരമാലകൾ അടിച്ചു കയറുന്നു.,ml,9.940207,76.260093,11.7,2025-08-18T03:14:46.867708,2025-08-18T03:39:46.867708,1500,1,9.934464,76.259573,https://example.com/media_991.jpg,5eb89a770a2413dc557ffe86c92b80efc84bb6d57e3724f930c403b9ef074b26,2.44,44.8,VERIFIED
rep_0993,usr_042,0.88,"Digha, West Bengal",east,storm-surge,High,প্রচণ্ড জলোচ্ছ্বাস শুরু হয়েছে।,bn,21.644054,87.528587,57.63,2025-08-17T16:12:53.469728,2025-08-17T16:21:53.469728,540,0,,,https://example.com/media_992.jpg,c866b354317d1324768c47b0485ddbfd99015d75784048391b46391b4647c665,2.33,69.9,VERIFIED
rep_0994,usr_007,0.45,"Puri, Odisha",east,coastal-erosion,Moderate,"Observed water activity near coast in Puri, Odisha.",en,19.790545,85.826696,41.49,2025-08-15T07:00:00,2025-08-15T07:20:00,1200,0,,,https://example.com/media_993.jpg,fa0c42e169da52f5ab6d19b6ccdb473cf3a6c65082ffabb514bae076afee98bb,1.79,34.8,VERIFIED
rep_0995,usr_033,0.6,"Digha, West Bengal",east,coastal-erosion,Moderate,Sunny clear weather at beach having fun with friends.,en,21.848193,87.653429,6.93,2025-08-17T10:00:00,2025-08-17T12:49:00,10140,0,,,https://example.com/media_994.jpg,c58938078e1fde99de285091eec739f7986e909d612265f8e229c01975324642,0.76,24.2,REJECTED
rep_0996,usr_043,0.6,"Porbandar, Gujarat",west,high-waves,Low,દરિયામાં ૪ મીટરથી વધુ ઊંચા મોજા ઉછળી રહ્યા છે.,gu,21.673597,69.673739,8.58,2025-08-18T02:54:18.889004,2025-08-18T10:02:18.889004,25680,1,21.679685,69.674395,https://example.com/media_995.jpg,43a5454ebb9ef3f8cd0bf2b67a3d5e6e9ebaf36cbe9626cefc0d2d7b1914f5dd,3.79,67.7,VERIFIED
rep_0997,usr_040,0.6,"Puri, Odisha",east,high-waves,Low,"समुद्र में भारी उफान, नावों का संचालन पूरी तरह ठप।",hi,19.805904,85.810256,17.26,2025-08-17T00:47:02.713908,2025-08-17T01:15:02.713908,1680,0,,,https://example.com/media_996.jpg,7dde3c8d6a39d5518b844002761ddbdb832bfcddf85c0255bcc9d30732f040fc,1.94,32.3,VERIFIED
rep_0998,usr_048,0.6,"Surat, Gujarat",west,high-waves,Moderate,Hotel discount booking promotion near seaside.,en,21.287916,72.779911,7.04,2025-08-15T12:00:00,2025-08-15T14:57:00,10620,0,,,https://example.com/media_997.jpg,4857c6494ad54a6c0e90b68b042ac1904b364e842111b048b695b65db3a5d024,0.49,14.8,REJECTED
rep_0999,usr_001,0.6,"Alibaug, Maharashtra",west,flood,Moderate,Tidal seawater inundating low-lying residential houses near beach.,en,18.636731,72.894993,8.42,2025-08-17T18:16:18.677923,2025-08-17T19:27:18.677923,4260,0,,,https://example.com/media_998.jpg,138caf616e34080ee424d5afa230eb1b3aac7919293e59dae7d5b967ef5c9742,3.2,64.2,VERIFIED
rep_1000,usr_033,0.6,"Nagapattinam, Tamil Nadu",east,high-waves,Severe,"Observed water activity near coast in Nagapattinam, Tamil Nadu.",en,10.774832,79.876038,56.01,2025-08-18T04:00:00,2025-08-18T05:58:00,7080,0,,,https://example.com/media_999.jpg,b6ea93dcaca4df4ec5652bf9457f7e4323289715e61b7c12ca0e0da69a330cc1,1.4,26.5,VERIFIED
